Normlaization,Regressing out,Points,Feature Selection,Regression Type,Test Split,Test R2 Score,RMSE Score
Rg w/no norm,No regr out,All,1,Linear,80/20,-0.0713278510056563,3.681030865195032
Rg w/no norm,No regr out,Inliers,1,Linear,80/20,0.6976825399233959,0.7480464918969781
Rg w/no norm,No regr out,All,1,Ridge,80/20,0.07872525789917639,3.4135230802780923
Rg w/no norm,No regr out,Inliers,1,Ridge,80/20,0.6758232783614729,0.7746185420139444
Rg w/no norm,No regr out,All,1,Lasso,80/20,0.0903848141733643,3.3918537060327343
Rg w/no norm,No regr out,Inliers,1,Lasso,80/20,0.6751007261494057,0.7754813288412074
Rg w/no norm,No regr out,All,1,Kernel Ridge,80/20,0.06668478530352362,3.435756953935136
Rg w/no norm,No regr out,Inliers,1,Kernel Ridge,80/20,0.7001262152014123,0.7450170742687202
Rg w/no norm,No regr out,All,1,GPR,80/20,-0.4500098015295819,4.282464093618704
Rg w/no norm,No regr out,Inliers,1,GPR,80/20,-0.8772905699446938,1.8640721792340453
Rg w/no norm,No regr out,All,1,Linear,85/15,-0.06090993721073268,1.6838205538816424
Rg w/no norm,No regr out,Inliers,1,Linear,85/15,0.7314018439039282,0.7469563317416633
Rg w/no norm,No regr out,All,1,Ridge,85/15,0.5795206556559447,1.0600561769767165
Rg w/no norm,No regr out,Inliers,1,Ridge,85/15,0.7283402801596413,0.7512012877891221
Rg w/no norm,No regr out,All,1,Lasso,85/15,0.6391258956774959,0.9820518256606169
Rg w/no norm,No regr out,Inliers,1,Lasso,85/15,0.7159387590586697,0.7681564640772635
Rg w/no norm,No regr out,All,1,Kernel Ridge,85/15,0.44928090804704957,1.2131698655203111
Rg w/no norm,No regr out,Inliers,1,Kernel Ridge,85/15,0.7524058710539144,0.7171563871446032
Rg w/no norm,No regr out,All,1,GPR,85/15,-1.666862790909044,2.6696657132181545
Rg w/no norm,No regr out,Inliers,1,GPR,85/15,-1.3417263755610254,2.2055239252577716
Rg w/no norm,No regr out,All,1,Linear,90/10,0.45919781314413466,1.3307191539627146
Rg w/no norm,No regr out,Inliers,1,Linear,90/10,0.6909108265741264,0.8253550530741783
Rg w/no norm,No regr out,All,1,Ridge,90/10,0.623541490563177,1.110262694867163
Rg w/no norm,No regr out,Inliers,1,Ridge,90/10,0.690880752252264,0.825395205547779
Rg w/no norm,No regr out,All,1,Lasso,90/10,0.6497983862976684,1.070844128964359
Rg w/no norm,No regr out,Inliers,1,Lasso,90/10,0.6903324804973605,0.8261268655717445
Rg w/no norm,No regr out,All,1,Kernel Ridge,90/10,0.5415295130188613,1.2252448353617955
Rg w/no norm,No regr out,Inliers,1,Kernel Ridge,90/10,0.7289339266671482,0.7729234794360381
Rg w/no norm,No regr out,All,1,GPR,90/10,-1.507632208302938,2.865491391818219
Rg w/no norm,No regr out,Inliers,1,GPR,90/10,-0.9616237736411828,2.079250315541396
Rg norm w/0.427,No regr out,All,1,Linear,80/20,-0.1684161186311024,0.49639005121031454
Rg norm w/0.427,No regr out,Inliers,1,Linear,80/20,0.15747199536143353,0.07980539035820342
Rg norm w/0.427,No regr out,All,1,Ridge,80/20,-0.007752401194628167,0.46100031240487016
Rg norm w/0.427,No regr out,Inliers,1,Ridge,80/20,0.06370045098759092,0.08412933590538477
Rg norm w/0.427,No regr out,All,1,Lasso,80/20,-0.0030194852906137992,0.4599164928378375
Rg norm w/0.427,No regr out,Inliers,1,Lasso,80/20,0.08994443457676693,0.08294190550035917
Rg norm w/0.427,No regr out,All,1,Kernel Ridge,80/20,-0.01450653281797587,0.46254258465721537
Rg norm w/0.427,No regr out,Inliers,1,Kernel Ridge,80/20,0.20844110288536344,0.07735380316017511
Rg norm w/0.427,No regr out,All,1,GPR,80/20,-0.34741248615757425,0.533058143773327
Rg norm w/0.427,No regr out,Inliers,1,GPR,80/20,-2.332872069656637,0.1587264764637521
Rg norm w/0.427,No regr out,All,1,Linear,85/15,-5.20437334036374,0.2083254089973102
Rg norm w/0.427,No regr out,Inliers,1,Linear,85/15,0.08911455523052669,0.07887462762827908
Rg norm w/0.427,No regr out,All,1,Ridge,85/15,-1.0388227907651832,0.11942163737284517
Rg norm w/0.427,No regr out,Inliers,1,Ridge,85/15,0.07313005888763813,0.07956367591055578
Rg norm w/0.427,No regr out,All,1,Lasso,85/15,-0.7842849014322271,0.11171857354369888
Rg norm w/0.427,No regr out,Inliers,1,Lasso,85/15,0.06866034111627273,0.07975528826568211
Rg norm w/0.427,No regr out,All,1,Kernel Ridge,85/15,-1.136129864871998,0.1222382454267598
Rg norm w/0.427,No regr out,Inliers,1,Kernel Ridge,85/15,0.12963010099321237,0.07710053154400463
Rg norm w/0.427,No regr out,All,1,GPR,85/15,-7.885597948412521,0.24930822742458209
Rg norm w/0.427,No regr out,Inliers,1,GPR,85/15,-3.0517368033058956,0.16635124434665258
Rg norm w/0.427,No regr out,All,1,Linear,90/10,-2.274773303287402,0.13856682891117342
Rg norm w/0.427,No regr out,Inliers,1,Linear,90/10,0.041731555908897655,0.08241569018878278
Rg norm w/0.427,No regr out,All,1,Ridge,90/10,-1.0416580078383415,0.10941079050814542
Rg norm w/0.427,No regr out,Inliers,1,Ridge,90/10,0.03984301826792802,0.08249686187085459
Rg norm w/0.427,No regr out,All,1,Lasso,90/10,-1.287763407388006,0.11581750696229279
Rg norm w/0.427,No regr out,Inliers,1,Lasso,90/10,0.03222956760073581,0.08282329058465682
Rg norm w/0.427,No regr out,All,1,Kernel Ridge,90/10,-0.20372171238695636,0.08401013929449687
Rg norm w/0.427,No regr out,Inliers,1,Kernel Ridge,90/10,0.13714970667318116,0.07820491205999039
Rg norm w/0.427,No regr out,All,1,GPR,90/10,-8.529490116938081,0.23637606013777446
Rg norm w/0.427,No regr out,Inliers,1,GPR,90/10,-3.7580283211463517,0.18364529993146636
Rg norm w/0.5,No regr out,All,1,Linear,80/20,-0.16921614845419675,0.5178499147646537
Rg norm w/0.5,No regr out,Inliers,1,Linear,80/20,0.2821634572518442,0.053827328774427155
Rg norm w/0.5,No regr out,All,1,Ridge,80/20,-0.007584309684056434,0.48072554959211405
Rg norm w/0.5,No regr out,Inliers,1,Ridge,80/20,0.18011554915483574,0.05752629070437344
Rg norm w/0.5,No regr out,All,1,Lasso,80/20,-0.0027651624104227945,0.47957454716547726
Rg norm w/0.5,No regr out,Inliers,1,Lasso,80/20,0.1546041623693537,0.0584144240718432
Rg norm w/0.5,No regr out,All,1,Kernel Ridge,80/20,-0.013839480094110845,0.4822154337012982
Rg norm w/0.5,No regr out,Inliers,1,Kernel Ridge,80/20,0.32740473804254244,0.052103506097910354
Rg norm w/0.5,No regr out,All,1,GPR,80/20,-0.3501567305753486,0.5564787688677513
Rg norm w/0.5,No regr out,Inliers,1,GPR,80/20,-1.9084086709369217,0.10834721735406863
Rg norm w/0.5,No regr out,All,1,Linear,85/15,-5.118489193887624,0.21775054494105683
Rg norm w/0.5,No regr out,Inliers,1,Linear,85/15,0.24170252030883077,0.05270191546074523
Rg norm w/0.5,No regr out,All,1,Ridge,85/15,-1.0189690440375374,0.12508406366900993
Rg norm w/0.5,No regr out,Inliers,1,Ridge,85/15,0.22800944993827066,0.05317562288587986
Rg norm w/0.5,No regr out,All,1,Lasso,85/15,-0.8216502730269637,0.11881455710909203
Rg norm w/0.5,No regr out,Inliers,1,Lasso,85/15,0.2166772757237715,0.05356448781879551
Rg norm w/0.5,No regr out,All,1,Kernel Ridge,85/15,-1.1217501652294417,0.12822841503271076
Rg norm w/0.5,No regr out,Inliers,1,Kernel Ridge,85/15,0.2678947433482708,0.05178373318589575
Rg norm w/0.5,No regr out,All,1,GPR,85/15,-7.801573776915337,0.2611664096628614
Rg norm w/0.5,No regr out,Inliers,1,GPR,85/15,-2.5267631053413915,0.11365662042141701
Rg norm w/0.5,No regr out,All,1,Linear,90/10,-2.239528331741563,0.14529807921798815
Rg norm w/0.5,No regr out,Inliers,1,Linear,90/10,0.07572512534822506,0.05562412297565887
Rg norm w/0.5,No regr out,All,1,Ridge,90/10,-1.027764473127851,0.11495496586708133
Rg norm w/0.5,No regr out,Inliers,1,Ridge,90/10,0.07377861329891755,0.055682664045577014
Rg norm w/0.5,No regr out,All,1,Lasso,90/10,-1.3287108356308144,0.12319037121081913
Rg norm w/0.5,No regr out,Inliers,1,Lasso,90/10,0.061002955336364906,0.05606537296041238
Rg norm w/0.5,No regr out,All,1,Kernel Ridge,90/10,-0.1925719827545942,0.08815790946890477
Rg norm w/0.5,No regr out,Inliers,1,Kernel Ridge,90/10,0.1648479115925614,0.05287439225323552
Rg norm w/0.5,No regr out,All,1,GPR,90/10,-8.474138015681202,0.24847851073720165
Rg norm w/0.5,No regr out,Inliers,1,GPR,90/10,-3.77896193695668,0.12648219347129672
Rg norm w/0.418,No regr out,All,1,Linear,80/20,-0.15843211608200236,0.35265355076007776
Rg norm w/0.418,No regr out,Inliers,1,Linear,80/20,0.1483462586772456,0.08376615900843468
Rg norm w/0.418,No regr out,All,1,Ridge,80/20,-0.008198275776834851,0.3289924575880146
Rg norm w/0.418,No regr out,Inliers,1,Ridge,80/20,0.05660553466449236,0.08816246705696688
Rg norm w/0.418,No regr out,All,1,Lasso,80/20,-0.0054975371564431885,0.32855151333415517
Rg norm w/0.418,No regr out,Inliers,1,Lasso,80/20,0.07949885860386907,0.08708617948331038
Rg norm w/0.418,No regr out,All,1,Kernel Ridge,80/20,-0.01886552240176198,0.33072833119154693
Rg norm w/0.418,No regr out,Inliers,1,Kernel Ridge,80/20,0.19943586273066405,0.08121479233457947
Rg norm w/0.418,No regr out,All,1,GPR,80/20,-0.32467575531836856,0.3771097492934869
Rg norm w/0.418,No regr out,Inliers,1,GPR,80/20,-2.367126646960238,0.16655849901270386
Rg norm w/0.418,No regr out,All,1,Linear,85/15,-5.111984572794384,0.1456121592662318
Rg norm w/0.418,No regr out,Inliers,1,Linear,85/15,0.0795932207998129,0.08286580086014572
Rg norm w/0.418,No regr out,All,1,Ridge,85/15,-0.9408101357067122,0.08205367617761603
Rg norm w/0.418,No regr out,Inliers,1,Ridge,85/15,0.0635042544643406,0.08358692178031152
Rg norm w/0.418,No regr out,All,1,Lasso,85/15,-0.43748656382671847,0.07061686190777189
Rg norm w/0.418,No regr out,Inliers,1,Lasso,85/15,0.060686328681643475,0.08371258429520916
Rg norm w/0.418,No regr out,All,1,Kernel Ridge,85/15,-0.15765936537501846,0.06337192683098328
Rg norm w/0.418,No regr out,Inliers,1,Kernel Ridge,85/15,0.1212053125150585,0.08097093215661391
Rg norm w/0.418,No regr out,All,1,GPR,85/15,-7.587884666055812,0.17260350835743032
Rg norm w/0.418,No regr out,Inliers,1,GPR,85/15,-3.0844211395259267,0.17456239235048307
Rg norm w/0.418,No regr out,All,1,Linear,90/10,-1.9732070863167892,0.0945490421579211
Rg norm w/0.418,No regr out,Inliers,1,Linear,90/10,0.05053755907618951,0.08649758707850018
Rg norm w/0.418,No regr out,All,1,Ridge,90/10,-0.5656513283185438,0.06861073618952279
Rg norm w/0.418,No regr out,Inliers,1,Ridge,90/10,0.048675184793748216,0.08658237819661598
Rg norm w/0.418,No regr out,All,1,Lasso,90/10,-0.7625153325042655,0.07279658489842035
Rg norm w/0.418,No regr out,Inliers,1,Lasso,90/10,0.04161762202542396,0.0869029476959142
Rg norm w/0.418,No regr out,All,1,Kernel Ridge,90/10,-0.18112939942167583,0.05959273170221335
Rg norm w/0.418,No regr out,Inliers,1,Kernel Ridge,90/10,0.14533892663735015,0.08206577210315043
Rg norm w/0.418,No regr out,All,1,GPR,90/10,-7.390082197533854,0.15882821742866
Rg norm w/0.418,No regr out,Inliers,1,GPR,90/10,-3.7032605170924766,0.19251501856863168
Rg w/no norm,pH regr out,All,1,Linear,80/20,-0.0712834979472119,3.680939079983885
Rg w/no norm,pH regr out,Inliers,1,Linear,80/20,0.6976649743260677,0.7480445850824424
Rg w/no norm,pH regr out,All,1,Ridge,80/20,0.07875270850980076,3.413457770373839
Rg w/no norm,pH regr out,Inliers,1,Ridge,80/20,0.6758036225579933,0.7746175472348367
Rg w/no norm,pH regr out,All,1,Lasso,80/20,0.09040636998812179,3.3917991536047682
Rg w/no norm,pH regr out,Inliers,1,Lasso,80/20,0.6750714545264329,0.7754917555712053
Rg w/no norm,pH regr out,All,1,Kernel Ridge,80/20,-0.0755384166660853,3.688241804132878
Rg w/no norm,pH regr out,Inliers,1,Kernel Ridge,80/20,0.6959142179788558,0.7502073403017779
Rg w/no norm,pH regr out,All,1,GPR,80/20,0.009860434844179422,3.538788683409445
Rg w/no norm,pH regr out,Inliers,1,GPR,80/20,-0.12785321110749082,1.4448060183880316
Rg w/no norm,pH regr out,All,1,Linear,85/15,-0.06063156445443463,1.6837067647661499
Rg w/no norm,pH regr out,Inliers,1,Linear,85/15,0.7313848238762702,0.7469494935226638
Rg w/no norm,pH regr out,All,1,Ridge,85/15,0.5795780074918686,1.0600513319655147
Rg w/no norm,pH regr out,Inliers,1,Ridge,85/15,0.7283225935628105,0.7511950640425132
Rg w/no norm,pH regr out,All,1,Lasso,85/15,0.639140373812175,0.9820946166164316
Rg w/no norm,pH regr out,Inliers,1,Lasso,85/15,0.7159052251173749,0.7681704335388495
Rg w/no norm,pH regr out,All,1,Kernel Ridge,85/15,0.21497589899418013,1.4485239428280445
Rg w/no norm,pH regr out,Inliers,1,Kernel Ridge,85/15,0.7321604650004423,0.7458702849778179
Rg w/no norm,pH regr out,All,1,GPR,85/15,0.2158865818522544,1.4476835044771692
Rg w/no norm,pH regr out,Inliers,1,GPR,85/15,0.09362021059386116,1.3720851714426163
Rg w/no norm,pH regr out,All,1,Linear,90/10,0.4592534300601535,1.3307060193236082
Rg w/no norm,pH regr out,Inliers,1,Linear,90/10,0.6908963303056885,0.8253339186397334
Rg w/no norm,pH regr out,All,1,Ridge,90/10,0.6235748593763646,1.1102596213091587
Rg w/no norm,pH regr out,Inliers,1,Ridge,90/10,0.6908662469537028,0.8253740802572281
Rg w/no norm,pH regr out,All,1,Lasso,90/10,0.6498220872914002,1.0708523882097296
Rg w/no norm,pH regr out,Inliers,1,Lasso,90/10,0.6903178256983233,0.8261058866430177
Rg w/no norm,pH regr out,All,1,Kernel Ridge,90/10,0.21251765057075755,1.6058524878731262
Rg w/no norm,pH regr out,Inliers,1,Kernel Ridge,90/10,0.6920877515205164,0.8237417833724168
Rg w/no norm,pH regr out,All,1,GPR,90/10,0.2801902573593038,1.5353029874671449
Rg w/no norm,pH regr out,Inliers,1,GPR,90/10,-0.013378691895090888,1.494388432555457
Rg norm w/0.427,pH regr out,All,1,Linear,80/20,-0.16838420780052776,0.4963733600536956
Rg norm w/0.427,pH regr out,Inliers,1,Linear,80/20,0.1574682556864766,0.07980700754718495
Rg norm w/0.427,pH regr out,All,1,Ridge,80/20,-0.007748210700932789,0.4609901479203908
Rg norm w/0.427,pH regr out,Inliers,1,Ridge,80/20,0.0636790501828085,0.08413181547783084
Rg norm w/0.427,pH regr out,All,1,Lasso,80/20,-0.003015335294519028,0.4599063570227597
Rg norm w/0.427,pH regr out,Inliers,1,Lasso,80/20,0.08991513389720407,0.08294473740692375
Rg norm w/0.427,pH regr out,All,1,Kernel Ridge,80/20,-0.044290846236161974,0.46927385819816114
Rg norm w/0.427,pH regr out,Inliers,1,Kernel Ridge,80/20,-0.18031340518949035,0.09445969959877476
Rg norm w/0.427,pH regr out,All,1,GPR,80/20,-0.08131599343582363,0.4775204106489717
Rg norm w/0.427,pH regr out,Inliers,1,GPR,80/20,-0.14272903336572695,0.09294360664977439
Rg norm w/0.427,pH regr out,All,1,Linear,85/15,-5.202431326024643,0.2083099125090038
Rg norm w/0.427,pH regr out,Inliers,1,Linear,85/15,0.0891463352557641,0.07887513549717602
Rg norm w/0.427,pH regr out,All,1,Ridge,85/15,-1.0383601961116478,0.1194178971509285
Rg norm w/0.427,pH regr out,Inliers,1,Ridge,85/15,0.07316051755108754,0.07956426886937472
Rg norm w/0.427,pH regr out,All,1,Lasso,85/15,-0.7843202980435695,0.11172885864089727
Rg norm w/0.427,pH regr out,Inliers,1,Lasso,85/15,0.06869138010802944,0.07975586409272764
Rg norm w/0.427,pH regr out,All,1,Kernel Ridge,85/15,0.04286519102406128,0.08183055745811561
Rg norm w/0.427,pH regr out,Inliers,1,Kernel Ridge,85/15,0.21929326422045559,0.07302301772587505
Rg norm w/0.427,pH regr out,All,1,GPR,85/15,0.17492441831181704,0.07597589441192763
Rg norm w/0.427,pH regr out,Inliers,1,GPR,85/15,-0.14023989006242732,0.08824984035881067
Rg norm w/0.427,pH regr out,All,1,Linear,90/10,-2.275023160368665,0.13856533045956335
Rg norm w/0.427,pH regr out,Inliers,1,Linear,90/10,0.04179285771605068,0.08241503093134285
Rg norm w/0.427,pH regr out,All,1,Ridge,90/10,-1.0418120727202642,0.10940956157160776
Rg norm w/0.427,pH regr out,Inliers,1,Ridge,90/10,0.03990389331715838,0.08249622548909501
Rg norm w/0.427,pH regr out,All,1,Lasso,90/10,-1.2882107595883698,0.11582315897080475
Rg norm w/0.427,pH regr out,Inliers,1,Lasso,90/10,0.03228891378686238,0.08282273776597503
Rg norm w/0.427,pH regr out,All,1,Kernel Ridge,90/10,-0.09478833206133053,0.08011474858514112
Rg norm w/0.427,pH regr out,Inliers,1,Kernel Ridge,90/10,0.12336020693554062,0.07882923544357454
Rg norm w/0.427,pH regr out,All,1,GPR,90/10,0.047297001938259364,0.07473536501380865
Rg norm w/0.427,pH regr out,Inliers,1,GPR,90/10,-0.40643001381632593,0.09984717621082319
Rg norm w/0.5,pH regr out,All,1,Linear,80/20,-0.15840344616615143,0.35264086574969794
Rg norm w/0.5,pH regr out,Inliers,1,Linear,80/20,0.282144340991317,0.0538289219903338
Rg norm w/0.5,pH regr out,All,1,Ridge,80/20,-0.008193995312549829,0.3289839963216337
Rg norm w/0.5,pH regr out,Inliers,1,Ridge,80/20,0.18008082404350323,0.05752844565520558
Rg norm w/0.5,pH regr out,All,1,Lasso,80/20,-0.005491822311732397,0.3285428271943249
Rg norm w/0.5,pH regr out,Inliers,1,Lasso,80/20,0.15456095549885474,0.05841686799343659
Rg norm w/0.5,pH regr out,All,1,Kernel Ridge,80/20,-0.04031545418792537,0.33418368504489077
Rg norm w/0.5,pH regr out,Inliers,1,Kernel Ridge,80/20,-0.025707828419197387,0.06434413299607299
Rg norm w/0.5,pH regr out,All,1,GPR,80/20,-0.07842357678229317,0.340249429432485
Rg norm w/0.5,pH regr out,Inliers,1,GPR,80/20,-0.013238094549328672,0.06395181477250533
Rg norm w/0.5,pH regr out,All,1,Linear,85/15,-5.11112463613972,0.1456006382419085
Rg norm w/0.5,pH regr out,Inliers,1,Linear,85/15,0.24171580881235055,0.0527027546141236
Rg norm w/0.5,pH regr out,All,1,Ridge,85/15,-0.940657292053239,0.08204972547926494
Rg norm w/0.5,pH regr out,Inliers,1,Ridge,85/15,0.2280217591293069,0.0531765115757532
Rg norm w/0.5,pH regr out,All,1,Lasso,85/15,-0.4377776464155956,0.07062339184904273
Rg norm w/0.5,pH regr out,Inliers,1,Lasso,85/15,0.21669051811479612,0.05356535727788435
Rg norm w/0.5,pH regr out,All,1,Kernel Ridge,85/15,0.12236522674646166,0.055177195057364
Rg norm w/0.5,pH regr out,Inliers,1,Kernel Ridge,85/15,0.3203276553873813,0.04989615885539032
Rg norm w/0.5,pH regr out,All,1,GPR,85/15,0.21265094059898348,0.0522620407940094
Rg norm w/0.5,pH regr out,Inliers,1,GPR,85/15,-0.05879107539643669,0.062276249530883857
Rg norm w/0.5,pH regr out,All,1,Linear,90/10,-1.9740807045526205,0.09454784809956514
Rg norm w/0.5,pH regr out,Inliers,1,Linear,90/10,0.07577915259431944,0.05562442348729501
Rg norm w/0.5,pH regr out,All,1,Ridge,90/10,-0.5661493271923697,0.06861070126500736
Rg norm w/0.5,pH regr out,Inliers,1,Ridge,90/10,0.07383233371670228,0.05568297751739699
Rg norm w/0.5,pH regr out,All,1,Lasso,90/10,-0.7631765681935572,0.07279862506324433
Rg norm w/0.5,pH regr out,Inliers,1,Lasso,90/10,0.06105546890724778,0.05606574674062694
Rg norm w/0.5,pH regr out,All,1,Kernel Ridge,90/10,-0.008336227035077082,0.05505261583987329
Rg norm w/0.5,pH regr out,Inliers,1,Kernel Ridge,90/10,0.1527221368907551,0.05325870133978593
Rg norm w/0.5,pH regr out,All,1,GPR,90/10,0.0792323645569476,0.05260781895446751
Rg norm w/0.5,pH regr out,Inliers,1,GPR,90/10,-0.42292990179551815,0.0690191164657402
Rg norm w/0.418,pH regr out,All,1,Linear,80/20,-0.1691838446908953,0.5178326389017495
Rg norm w/0.418,pH regr out,Inliers,1,Linear,80/20,0.1483432583286175,0.08376777367009751
Rg norm w/0.418,pH regr out,All,1,Ridge,80/20,-0.0075801292238715234,0.4807151557753689
Rg norm w/0.418,pH regr out,Inliers,1,Ridge,80/20,0.05658475937361751,0.0881649819236859
Rg norm w/0.418,pH regr out,All,1,Lasso,80/20,-0.0027612011999667008,0.47956422588092973
Rg norm w/0.418,pH regr out,Inliers,1,Lasso,80/20,0.0794705560199831,0.08708904356712659
Rg norm w/0.418,pH regr out,All,1,Kernel Ridge,80/20,-0.04470159353178449,0.4894903632532275
Rg norm w/0.418,pH regr out,Inliers,1,Kernel Ridge,80/20,-0.19715653280690182,0.09931621243477544
Rg norm w/0.418,pH regr out,All,1,GPR,80/20,-0.08175105945187178,0.49809442650584185
Rg norm w/0.418,pH regr out,Inliers,1,GPR,80/20,-0.1580553475192117,0.09768082906814804
Rg norm w/0.418,pH regr out,All,1,Linear,85/15,-5.116474471612409,0.2177344486466211
Rg norm w/0.418,pH regr out,Inliers,1,Linear,85/15,0.07962481445519665,0.0828662557126015
Rg norm w/0.418,pH regr out,All,1,Ridge,85/15,-1.0184829004633835,0.12508035338138349
Rg norm w/0.418,pH regr out,Inliers,1,Ridge,85/15,0.0635344659994943,0.08358746692122054
Rg norm w/0.418,pH regr out,All,1,Lasso,85/15,-0.8216363077857707,0.11882488403689226
Rg norm w/0.418,pH regr out,Inliers,1,Lasso,85/15,0.060717263434492574,0.08371310207848039
Rg norm w/0.418,pH regr out,All,1,Kernel Ridge,85/15,0.03759084635319487,0.08636871033750548
Rg norm w/0.418,pH regr out,Inliers,1,Kernel Ridge,85/15,0.21283555903108675,0.07663514772745462
Rg norm w/0.418,pH regr out,All,1,GPR,85/15,0.1729808256879125,0.08006345946002648
Rg norm w/0.418,pH regr out,Inliers,1,GPR,85/15,-0.14683748210960257,0.0925009524584366
Rg norm w/0.418,pH regr out,All,1,Linear,90/10,-2.239688262540893,0.1452965302980533
Rg norm w/0.418,pH regr out,Inliers,1,Linear,90/10,0.05059625584063765,0.08649677002579621
Rg norm w/0.418,pH regr out,All,1,Ridge,90/10,-1.027865765637629,0.11495377399299726
Rg norm w/0.418,pH regr out,Inliers,1,Ridge,90/10,0.04873344279824299,0.0865815855499079
Rg norm w/0.418,pH regr out,All,1,Lasso,90/10,-1.3291018627363904,0.12319635924474379
Rg norm w/0.418,pH regr out,Inliers,1,Lasso,90/10,0.04167435720178969,0.08690224075661936
Rg norm w/0.418,pH regr out,All,1,Kernel Ridge,90/10,-0.09706272547546013,0.08455111943241782
Rg norm w/0.418,pH regr out,Inliers,1,Kernel Ridge,90/10,0.12852896030882344,0.08287067951378103
Rg norm w/0.418,pH regr out,All,1,GPR,90/10,0.052589382585268574,0.07857289518078557
Rg norm w/0.418,pH regr out,Inliers,1,GPR,90/10,-0.3969794931489905,0.10492269464889988
Rg w/no norm,buffer regr out,All,1,Linear,80/20,-0.23020573612577766,3.704475155090165
Rg w/no norm,buffer regr out,Inliers,1,Linear,80/20,0.31522314585592004,0.9734295964222448
Rg w/no norm,buffer regr out,All,1,Ridge,80/20,-0.023978282795645622,3.379739173760552
Rg w/no norm,buffer regr out,Inliers,1,Ridge,80/20,0.3163578244805727,0.9726227732350508
Rg w/no norm,buffer regr out,All,1,Lasso,80/20,0.03179505391953652,3.2864078632714357
Rg w/no norm,buffer regr out,Inliers,1,Lasso,80/20,0.3123458852051927,0.975472506273681
Rg w/no norm,buffer regr out,All,1,Kernel Ridge,80/20,-0.06578556219905796,3.4480434425528044
Rg w/no norm,buffer regr out,Inliers,1,Kernel Ridge,80/20,0.29244321333036816,0.989488294043503
Rg w/no norm,buffer regr out,All,1,GPR,80/20,-0.10794002396273306,3.5155715259394187
Rg w/no norm,buffer regr out,Inliers,1,GPR,80/20,-0.423582588264495,1.4035288496864657
Rg w/no norm,buffer regr out,All,1,Linear,85/15,-1.1972875234560751,2.2140335126868975
Rg w/no norm,buffer regr out,Inliers,1,Linear,85/15,0.4602459172757113,0.8555881180563075
Rg w/no norm,buffer regr out,All,1,Ridge,85/15,-0.08358902594043016,1.5547946746411438
Rg w/no norm,buffer regr out,Inliers,1,Ridge,85/15,0.4230605262486097,0.8845693837210925
Rg w/no norm,buffer regr out,All,1,Lasso,85/15,0.32543748290716346,1.2267380839974986
Rg w/no norm,buffer regr out,Inliers,1,Lasso,85/15,0.38842539308118473,0.9107338928646092
Rg w/no norm,buffer regr out,All,1,Kernel Ridge,85/15,-0.03545545950488416,1.5198700483600556
Rg w/no norm,buffer regr out,Inliers,1,Kernel Ridge,85/15,0.425937049518622,0.8823614710575495
Rg w/no norm,buffer regr out,All,1,GPR,85/15,0.15169651638606196,1.3756766651821863
Rg w/no norm,buffer regr out,Inliers,1,GPR,85/15,-0.29391028801865016,1.3247040365691762
Rg w/no norm,buffer regr out,All,1,Linear,90/10,0.21578752548414948,1.464973371950776
Rg w/no norm,buffer regr out,Inliers,1,Linear,90/10,0.34622631202719256,0.9219246526964282
Rg w/no norm,buffer regr out,All,1,Ridge,90/10,0.3020334231951314,1.3820704160532662
Rg w/no norm,buffer regr out,Inliers,1,Ridge,90/10,0.28842809602550046,0.9618140245782848
Rg w/no norm,buffer regr out,All,1,Lasso,90/10,0.40219818009860075,1.2790616392191456
Rg w/no norm,buffer regr out,Inliers,1,Lasso,90/10,0.29355144275299627,0.9583452193132116
Rg w/no norm,buffer regr out,All,1,Kernel Ridge,90/10,0.006090053743347812,1.64924955656577
Rg w/no norm,buffer regr out,Inliers,1,Kernel Ridge,90/10,0.29962813616681994,0.9542145947991116
Rg w/no norm,buffer regr out,All,1,GPR,90/10,0.06748443666689752,1.597500129411175
Rg w/no norm,buffer regr out,Inliers,1,GPR,90/10,-0.584846920463441,1.43540802394441
Rg norm w/0.427,buffer regr out,All,1,Linear,80/20,-0.20423553633756275,0.4975516500996267
Rg norm w/0.427,buffer regr out,Inliers,1,Linear,80/20,0.1893936566499732,0.09644260417648193
Rg norm w/0.427,buffer regr out,All,1,Ridge,80/20,-0.009876965748246702,0.45563458801961704
Rg norm w/0.427,buffer regr out,Inliers,1,Ridge,80/20,0.048348655205890934,0.10449676905747662
Rg norm w/0.427,buffer regr out,All,1,Lasso,80/20,-0.003952291750731973,0.4542960797493254
Rg norm w/0.427,buffer regr out,Inliers,1,Lasso,80/20,-0.002826231962066439,0.10726962754971577
Rg norm w/0.427,buffer regr out,All,1,Kernel Ridge,80/20,-0.046788276560536746,0.46388665236342813
Rg norm w/0.427,buffer regr out,Inliers,1,Kernel Ridge,80/20,-0.003127849753388423,0.10728575795929221
Rg norm w/0.427,buffer regr out,All,1,GPR,80/20,-0.05607245500411184,0.4659392637573925
Rg norm w/0.427,buffer regr out,Inliers,1,GPR,80/20,0.15269076160522,0.09860181305590443
Rg norm w/0.427,buffer regr out,All,1,Linear,85/15,-4.036919489838016,0.24545715373224689
Rg norm w/0.427,buffer regr out,Inliers,1,Linear,85/15,0.236148297929913,0.08384906619384438
Rg norm w/0.427,buffer regr out,All,1,Ridge,85/15,-1.3184683908168866,0.16653049730750055
Rg norm w/0.427,buffer regr out,Inliers,1,Ridge,85/15,0.042613483452231704,0.093872278291495
Rg norm w/0.427,buffer regr out,All,1,Lasso,85/15,-0.5873420424699403,0.13779341034755352
Rg norm w/0.427,buffer regr out,Inliers,1,Lasso,85/15,0.04237790367549654,0.09388382694491157
Rg norm w/0.427,buffer regr out,All,1,Kernel Ridge,85/15,0.015645617144184665,0.10850979150762195
Rg norm w/0.427,buffer regr out,Inliers,1,Kernel Ridge,85/15,0.07570956229340231,0.09223546360657306
Rg norm w/0.427,buffer regr out,All,1,GPR,85/15,0.1813200635753055,0.09895785270658224
Rg norm w/0.427,buffer regr out,Inliers,1,GPR,85/15,0.0343567411039194,0.09427619836454353
Rg norm w/0.427,buffer regr out,All,1,Linear,90/10,-0.5408204529280576,0.13554302335981527
Rg norm w/0.427,buffer regr out,Inliers,1,Linear,90/10,0.2307475356141363,0.08481485413955646
Rg norm w/0.427,buffer regr out,All,1,Ridge,90/10,-0.40030248143608516,0.1292147466662962
Rg norm w/0.427,buffer regr out,Inliers,1,Ridge,90/10,0.2221604779994919,0.08528692854470422
Rg norm w/0.427,buffer regr out,All,1,Lasso,90/10,-0.4700913589340059,0.1323955273105625
Rg norm w/0.427,buffer regr out,Inliers,1,Lasso,90/10,0.2217434757062393,0.08530978678117325
Rg norm w/0.427,buffer regr out,All,1,Kernel Ridge,90/10,0.023325267840891284,0.1079135866936665
Rg norm w/0.427,buffer regr out,Inliers,1,Kernel Ridge,90/10,0.08749159017381225,0.0923753100896679
Rg norm w/0.427,buffer regr out,All,1,GPR,90/10,0.23768788284226194,0.09533833493204345
Rg norm w/0.427,buffer regr out,Inliers,1,GPR,90/10,-0.23563116683373564,0.10749342443774441
Rg norm w/0.5,buffer regr out,All,1,Linear,80/20,-0.1851715827255238,0.3537267648536835
Rg norm w/0.5,buffer regr out,Inliers,1,Linear,80/20,0.32712087936085,0.06514245526708344
Rg norm w/0.5,buffer regr out,All,1,Ridge,80/20,-0.009084261525484472,0.32639314090701793
Rg norm w/0.5,buffer regr out,Inliers,1,Ridge,80/20,0.12378422450873872,0.07433633259039933
Rg norm w/0.5,buffer regr out,All,1,Lasso,80/20,-0.006213495507509936,0.32592852871128175
Rg norm w/0.5,buffer regr out,Inliers,1,Lasso,80/20,0.21928976191671756,0.07016823209920783
Rg norm w/0.5,buffer regr out,All,1,Kernel Ridge,80/20,-0.04228519818043175,0.33171918704571834
Rg norm w/0.5,buffer regr out,Inliers,1,Kernel Ridge,80/20,0.23868898580063602,0.06929097201892705
Rg norm w/0.5,buffer regr out,All,1,GPR,80/20,-0.05436248121420317,0.33363551849099576
Rg norm w/0.5,buffer regr out,Inliers,1,GPR,80/20,0.2040023891071735,0.07085189646635233
Rg norm w/0.5,buffer regr out,All,1,Linear,85/15,-3.696565355836304,0.16941595500916823
Rg norm w/0.5,buffer regr out,Inliers,1,Linear,85/15,0.3913545973601038,0.056522870621147664
Rg norm w/0.5,buffer regr out,All,1,Ridge,85/15,-1.1482095386584983,0.11457831824676602
Rg norm w/0.5,buffer regr out,Inliers,1,Ridge,85/15,0.2174483981459654,0.06409121867070693
Rg norm w/0.5,buffer regr out,All,1,Lasso,85/15,-0.24320142406809953,0.08716354252206221
Rg norm w/0.5,buffer regr out,Inliers,1,Lasso,85/15,0.2102455207071724,0.06438550199730299
Rg norm w/0.5,buffer regr out,All,1,Kernel Ridge,85/15,0.07175607998487021,0.07531737577304641
Rg norm w/0.5,buffer regr out,Inliers,1,Kernel Ridge,85/15,0.21612019080362788,0.06414558590785889
Rg norm w/0.5,buffer regr out,All,1,GPR,85/15,0.19807818191447613,0.07000517376968268
Rg norm w/0.5,buffer regr out,Inliers,1,GPR,85/15,0.04286462797504398,0.07088081792363896
Rg norm w/0.5,buffer regr out,All,1,Linear,90/10,-0.334843888545328,0.09060959287306564
Rg norm w/0.5,buffer regr out,Inliers,1,Linear,90/10,0.3456828707716024,0.05744754161808923
Rg norm w/0.5,buffer regr out,All,1,Ridge,90/10,-0.22770204512128012,0.08689712939153457
Rg norm w/0.5,buffer regr out,Inliers,1,Ridge,90/10,0.33688152294554463,0.05783262006777499
Rg norm w/0.5,buffer regr out,All,1,Lasso,90/10,-0.21444016339133798,0.08642651498359677
Rg norm w/0.5,buffer regr out,Inliers,1,Lasso,90/10,0.33212973124293566,0.0580394594351795
Rg norm w/0.5,buffer regr out,All,1,Kernel Ridge,90/10,0.12079886738870316,0.07353651763562714
Rg norm w/0.5,buffer regr out,Inliers,1,Kernel Ridge,90/10,0.20711570868271556,0.06323859469996054
Rg norm w/0.5,buffer regr out,All,1,GPR,90/10,0.27557045714744866,0.06675088326329764
Rg norm w/0.5,buffer regr out,Inliers,1,GPR,90/10,-0.2649990727963203,0.07987712171568694
Rg norm w/0.418,buffer regr out,All,1,Linear,80/20,-0.20641276620808724,0.5190257410304477
Rg norm w/0.418,buffer regr out,Inliers,1,Linear,80/20,0.17300635556287214,0.10123583169020028
Rg norm w/0.418,buffer regr out,All,1,Ridge,80/20,-0.009913720914707325,0.47487911662883503
Rg norm w/0.418,buffer regr out,Inliers,1,Ridge,80/20,0.040560776355447525,0.10904152175110263
Rg norm w/0.418,buffer regr out,All,1,Lasso,80/20,-0.0037091807077958006,0.4734181274982157
Rg norm w/0.418,buffer regr out,Inliers,1,Lasso,80/20,-0.002592766581483552,0.11146677923067276
Rg norm w/0.418,buffer regr out,All,1,Kernel Ridge,80/20,-0.04734641383208449,0.48359979719091195
Rg norm w/0.418,buffer regr out,Inliers,1,Kernel Ridge,80/20,-0.008083242320983342,0.11177157399669571
Rg norm w/0.418,buffer regr out,All,1,GPR,80/20,-0.05627624879636994,0.4856570441432896
Rg norm w/0.418,buffer regr out,Inliers,1,GPR,80/20,0.1443293417896625,0.10297611167326556
Rg norm w/0.418,buffer regr out,All,1,Linear,85/15,-4.049969183758406,0.25698827034479454
Rg norm w/0.418,buffer regr out,Inliers,1,Linear,85/15,0.21766083009697101,0.08803341795593612
Rg norm w/0.418,buffer regr out,All,1,Ridge,85/15,-1.3263935493292554,0.1744257222249067
Rg norm w/0.418,buffer regr out,Inliers,1,Ridge,85/15,0.03205318843538196,0.09792098496611672
Rg norm w/0.418,buffer regr out,All,1,Lasso,85/15,-0.6393319887549633,0.14642067146839785
Rg norm w/0.418,buffer regr out,Inliers,1,Lasso,85/15,-0.022901499308597417,0.100662319669549
Rg norm w/0.418,buffer regr out,All,1,Kernel Ridge,85/15,0.009988897238796812,0.11378603651056327
Rg norm w/0.418,buffer regr out,Inliers,1,Kernel Ridge,85/15,0.06019379269881786,0.09648708390698718
Rg norm w/0.418,buffer regr out,All,1,GPR,85/15,0.17950864864472948,0.10358716353503115
Rg norm w/0.418,buffer regr out,Inliers,1,GPR,85/15,0.03472081336186106,0.09778595859828916
Rg norm w/0.418,buffer regr out,All,1,Linear,90/10,-0.556538797393535,0.1424760534052273
Rg norm w/0.418,buffer regr out,Inliers,1,Linear,90/10,0.21948107659896976,0.08901107875205853
Rg norm w/0.418,buffer regr out,All,1,Ridge,90/10,-0.4127625530530421,0.13573645074819574
Rg norm w/0.418,buffer regr out,Inliers,1,Ridge,90/10,0.06944410099576293,0.09719044693923908
Rg norm w/0.418,buffer regr out,All,1,Lasso,90/10,-0.49916393647430013,0.13982552697325787
Rg norm w/0.418,buffer regr out,Inliers,1,Lasso,90/10,0.21093230543321195,0.08949720604756417
Rg norm w/0.418,buffer regr out,All,1,Kernel Ridge,90/10,0.013352524133523946,0.1134339110306702
Rg norm w/0.418,buffer regr out,Inliers,1,Kernel Ridge,90/10,0.07609422125880261,0.09684254358653355
Rg norm w/0.418,buffer regr out,All,1,GPR,90/10,0.23357744237749578,0.09997606538820623
Rg norm w/0.418,buffer regr out,Inliers,1,GPR,90/10,-0.22727520872220164,0.11161519612522515
Rg w/no norm,expr pH only regr out,All,1,Linear,80/20,0.1138769259748823,3.826119044087105
Rg w/no norm,expr pH only regr out,Inliers,1,Linear,80/20,0.43531879542707097,1.5777241536575126
Rg w/no norm,expr pH only regr out,All,1,Ridge,80/20,0.198350939096406,3.6391805248967146
Rg w/no norm,expr pH only regr out,Inliers,1,Ridge,80/20,0.4372292761912159,1.575052942509596
Rg w/no norm,expr pH only regr out,All,1,Lasso,80/20,0.1783194598497494,3.684367616747481
Rg w/no norm,expr pH only regr out,Inliers,1,Lasso,80/20,0.45935810967815627,1.5437758916556832
Rg w/no norm,expr pH only regr out,All,1,Kernel Ridge,80/20,-0.01614136979682579,4.0972128123323515
Rg w/no norm,expr pH only regr out,Inliers,1,Kernel Ridge,80/20,0.45108845391881347,1.555537878837394
Rg w/no norm,expr pH only regr out,All,1,GPR,80/20,-0.07028307482056895,4.204949500155707
Rg w/no norm,expr pH only regr out,Inliers,1,GPR,80/20,-0.47557097118195224,2.5504068104566953
Rg w/no norm,expr pH only regr out,All,1,Linear,85/15,0.29782349130047525,2.5349585858653656
Rg w/no norm,expr pH only regr out,Inliers,1,Linear,85/15,0.5188192738808963,1.5599596452830424
Rg w/no norm,expr pH only regr out,All,1,Ridge,85/15,0.49269690084740125,2.1546735391980394
Rg w/no norm,expr pH only regr out,Inliers,1,Ridge,85/15,0.5292723466993858,1.5429224852940615
Rg w/no norm,expr pH only regr out,All,1,Lasso,85/15,0.48370977786690195,2.1736753010396184
Rg w/no norm,expr pH only regr out,Inliers,1,Lasso,85/15,0.5392040504110862,1.5265589458102784
Rg w/no norm,expr pH only regr out,All,1,Kernel Ridge,85/15,0.18446735484172672,2.7319226299322192
Rg w/no norm,expr pH only regr out,Inliers,1,Kernel Ridge,85/15,0.5494429459838863,1.5095035852233571
Rg w/no norm,expr pH only regr out,All,1,GPR,85/15,0.15514578841421123,2.780600568533882
Rg w/no norm,expr pH only regr out,Inliers,1,GPR,85/15,-0.397778148045945,2.65875534179851
Rg w/no norm,expr pH only regr out,All,1,Linear,90/10,0.6171763251268239,1.9099502856369452
Rg w/no norm,expr pH only regr out,Inliers,1,Linear,90/10,0.463964249388379,1.5956909565074724
Rg w/no norm,expr pH only regr out,All,1,Ridge,90/10,0.6901694164101327,1.7182439034584176
Rg w/no norm,expr pH only regr out,Inliers,1,Ridge,90/10,0.4643574941514209,1.595105536375342
Rg w/no norm,expr pH only regr out,All,1,Lasso,90/10,0.6512821253194211,1.8228871088890226
Rg w/no norm,expr pH only regr out,Inliers,1,Lasso,90/10,0.47633255871664626,1.5771743021172406
Rg w/no norm,expr pH only regr out,All,1,Kernel Ridge,90/10,0.18364645501138765,2.789085389359919
Rg w/no norm,expr pH only regr out,Inliers,1,Kernel Ridge,90/10,0.4955879138052799,1.5479062290685004
Rg w/no norm,expr pH only regr out,All,1,GPR,90/10,-0.007243611359205815,3.098060751861166
Rg w/no norm,expr pH only regr out,Inliers,1,GPR,90/10,-0.29172249712976517,2.4770599503361366
Rg norm w/0.427,expr pH only regr out,All,1,Linear,80/20,-0.11064540428097569,0.5078252075100921
Rg norm w/0.427,expr pH only regr out,Inliers,1,Linear,80/20,-0.11043053695306493,0.17369430203148564
Rg norm w/0.427,expr pH only regr out,All,1,Ridge,80/20,-0.021794444620087505,0.48708898803548845
Rg norm w/0.427,expr pH only regr out,Inliers,1,Ridge,80/20,-0.028338017989999242,0.1671505537429134
Rg norm w/0.427,expr pH only regr out,All,1,Lasso,80/20,-0.041189366002728045,0.4916900327811668
Rg norm w/0.427,expr pH only regr out,Inliers,1,Lasso,80/20,-0.09049649420720907,0.17212819336738816
Rg norm w/0.427,expr pH only regr out,All,1,Kernel Ridge,80/20,-0.05925499054651184,0.49593733290616965
Rg norm w/0.427,expr pH only regr out,Inliers,1,Kernel Ridge,80/20,-0.026854462429477755,0.1670299384242315
Rg norm w/0.427,expr pH only regr out,All,1,GPR,80/20,-0.08844038180763736,0.5027231281288873
Rg norm w/0.427,expr pH only regr out,Inliers,1,GPR,80/20,-0.7656530325279516,0.21902442857686535
Rg norm w/0.427,expr pH only regr out,All,1,Linear,85/15,-0.7146591924128909,0.30396699214130324
Rg norm w/0.427,expr pH only regr out,Inliers,1,Linear,85/15,-0.06592724908983749,0.17497264031570553
Rg norm w/0.427,expr pH only regr out,All,1,Ridge,85/15,-0.13655853644897875,0.24747619160475845
Rg norm w/0.427,expr pH only regr out,Inliers,1,Ridge,85/15,0.010743459715677472,0.1685624473521627
Rg norm w/0.427,expr pH only regr out,All,1,Lasso,85/15,-0.31902542307382875,0.26660242972065373
Rg norm w/0.427,expr pH only regr out,Inliers,1,Lasso,85/15,-0.022410538687519965,0.17136377540188355
Rg norm w/0.427,expr pH only regr out,All,1,Kernel Ridge,85/15,0.04159981977912186,0.22725370024183067
Rg norm w/0.427,expr pH only regr out,Inliers,1,Kernel Ridge,85/15,-0.025547007107498798,0.1716264220948866
Rg norm w/0.427,expr pH only regr out,All,1,GPR,85/15,-0.039323952534999096,0.2366535306372984
Rg norm w/0.427,expr pH only regr out,Inliers,1,GPR,85/15,-0.7665863990975939,0.22525467037304772
Rg norm w/0.427,expr pH only regr out,All,1,Linear,90/10,-0.07422577215952053,0.20635363827649503
Rg norm w/0.427,expr pH only regr out,Inliers,1,Linear,90/10,-0.07341417704098019,0.18251461767183996
Rg norm w/0.427,expr pH only regr out,All,1,Ridge,90/10,0.2190721043368239,0.17594211770928495
Rg norm w/0.427,expr pH only regr out,Inliers,1,Ridge,90/10,-0.028349712080597556,0.17864234252035738
Rg norm w/0.427,expr pH only regr out,All,1,Lasso,90/10,0.20103382837156725,0.1779625182152492
Rg norm w/0.427,expr pH only regr out,Inliers,1,Lasso,90/10,-0.019794607478524906,0.17789770488033127
Rg norm w/0.427,expr pH only regr out,All,1,Kernel Ridge,90/10,-0.06300093421320341,0.20527268821662112
Rg norm w/0.427,expr pH only regr out,Inliers,1,Kernel Ridge,90/10,0.10052651732362727,0.1670737312478379
Rg norm w/0.427,expr pH only regr out,All,1,GPR,90/10,-0.1583004191273114,0.2142767020275093
Rg norm w/0.427,expr pH only regr out,Inliers,1,GPR,90/10,-0.7665552144902597,0.23414106939907214
Rg norm w/0.5,expr pH only regr out,All,1,Linear,80/20,-0.11897746365755468,0.39089479658355464
Rg norm w/0.5,expr pH only regr out,Inliers,1,Linear,80/20,-0.1544791166102999,0.120980527768209
Rg norm w/0.5,expr pH only regr out,All,1,Ridge,80/20,-0.020281519835720685,0.37325809018356865
Rg norm w/0.5,expr pH only regr out,Inliers,1,Ridge,80/20,-0.0545128543264759,0.11562410208465058
Rg norm w/0.5,expr pH only regr out,All,1,Lasso,80/20,-0.036519759292326315,0.37621665017419037
Rg norm w/0.5,expr pH only regr out,Inliers,1,Lasso,80/20,-0.11644545458886157,0.11897102109177722
Rg norm w/0.5,expr pH only regr out,All,1,Kernel Ridge,80/20,-0.07913257626875403,0.3838721639494188
Rg norm w/0.5,expr pH only regr out,Inliers,1,Kernel Ridge,80/20,-0.06585480851914016,0.11624424429422626
Rg norm w/0.5,expr pH only regr out,All,1,GPR,80/20,-0.11085505019063402,0.3894735026143807
Rg norm w/0.5,expr pH only regr out,Inliers,1,GPR,80/20,-0.7537716236492793,0.14911074960494478
Rg norm w/0.5,expr pH only regr out,All,1,Linear,85/15,-0.4830716995833264,0.2808057725699395
Rg norm w/0.5,expr pH only regr out,Inliers,1,Linear,85/15,-0.12950661504296956,0.12218774038460738
Rg norm w/0.5,expr pH only regr out,All,1,Ridge,85/15,-0.0910776391332957,0.2408534021318535
Rg norm w/0.5,expr pH only regr out,Inliers,1,Ridge,85/15,-0.04033041888870503,0.11726513091799753
Rg norm w/0.5,expr pH only regr out,All,1,Lasso,85/15,-0.16051466602769793,0.24839924655620504
Rg norm w/0.5,expr pH only regr out,Inliers,1,Lasso,85/15,-0.05814868895387271,0.11826509723759059
Rg norm w/0.5,expr pH only regr out,All,1,Kernel Ridge,85/15,0.13945743904817864,0.2139001725525537
Rg norm w/0.5,expr pH only regr out,Inliers,1,Kernel Ridge,85/15,-0.07128478275457706,0.11899691764328876
Rg norm w/0.5,expr pH only regr out,All,1,GPR,85/15,-0.12202788049007274,0.2442456185935685
Rg norm w/0.5,expr pH only regr out,Inliers,1,GPR,85/15,-0.7863451310067333,0.15366180466051657
Rg norm w/0.5,expr pH only regr out,All,1,Linear,90/10,-0.09409359116690807,0.207173415818312
Rg norm w/0.5,expr pH only regr out,Inliers,1,Linear,90/10,-0.13950496353579322,0.12655220809356646
Rg norm w/0.5,expr pH only regr out,All,1,Ridge,90/10,0.1313901494856845,0.18459467325745751
Rg norm w/0.5,expr pH only regr out,Inliers,1,Ridge,90/10,-0.08582326966902931,0.12353533259214705
Rg norm w/0.5,expr pH only regr out,All,1,Lasso,90/10,0.14449147676760987,0.18319725413389784
Rg norm w/0.5,expr pH only regr out,Inliers,1,Lasso,90/10,-0.01767140522663868,0.119595655202933
Rg norm w/0.5,expr pH only regr out,All,1,Kernel Ridge,90/10,-0.05436730692831282,0.20337743006751635
Rg norm w/0.5,expr pH only regr out,Inliers,1,Kernel Ridge,90/10,0.05224297605644623,0.11541443301620263
Rg norm w/0.5,expr pH only regr out,All,1,GPR,90/10,-0.2722172485497065,0.223402191601992
Rg norm w/0.5,expr pH only regr out,Inliers,1,GPR,90/10,-0.8421689259208704,0.16090752051192223
Rg norm w/0.418,expr pH only regr out,All,1,Linear,80/20,-0.1124106959418989,0.5090623519415585
Rg norm w/0.418,expr pH only regr out,Inliers,1,Linear,80/20,-0.10253503908879558,0.18170187107495836
Rg norm w/0.418,expr pH only regr out,All,1,Ridge,80/20,-0.033005119039615005,0.49055718214380717
Rg norm w/0.418,expr pH only regr out,Inliers,1,Ridge,80/20,-0.022706257791974993,0.17500024468924372
Rg norm w/0.418,expr pH only regr out,All,1,Lasso,80/20,-0.03925161410933864,0.49203812574275957
Rg norm w/0.418,expr pH only regr out,Inliers,1,Lasso,80/20,-0.08530704750437446,0.1802766631376348
Rg norm w/0.418,expr pH only regr out,All,1,Kernel Ridge,80/20,-0.0317282211466301,0.49025389946345027
Rg norm w/0.418,expr pH only regr out,Inliers,1,Kernel Ridge,80/20,-0.0105293873795278,0.17395530319450603
Rg norm w/0.418,expr pH only regr out,All,1,GPR,80/20,-0.07445817832332025,0.5003030605302188
Rg norm w/0.418,expr pH only regr out,Inliers,1,GPR,80/20,-0.764827005650476,0.2298869242158669
Rg norm w/0.418,expr pH only regr out,All,1,Linear,85/15,-1.3687189245229328,0.2574367240185447
Rg norm w/0.418,expr pH only regr out,Inliers,1,Linear,85/15,-0.055512293725280104,0.18297309127775227
Rg norm w/0.418,expr pH only regr out,All,1,Ridge,85/15,-0.39352636952676767,0.19745645282888385
Rg norm w/0.418,expr pH only regr out,Inliers,1,Ridge,85/15,0.019513526091559763,0.17635037229496686
Rg norm w/0.418,expr pH only regr out,All,1,Lasso,85/15,-0.06587988753606999,0.17269027020799263
Rg norm w/0.418,expr pH only regr out,Inliers,1,Lasso,85/15,-0.018676498515240336,0.17975199570304373
Rg norm w/0.418,expr pH only regr out,All,1,Kernel Ridge,85/15,0.1150897537841391,0.1573487681281086
Rg norm w/0.418,expr pH only regr out,Inliers,1,Kernel Ridge,85/15,-0.01743333178883333,0.17964227985176204
Rg norm w/0.418,expr pH only regr out,All,1,GPR,85/15,0.03332810527972707,0.16445734749602448
Rg norm w/0.418,expr pH only regr out,Inliers,1,GPR,85/15,-0.7618508548200911,0.2363960133368024
Rg norm w/0.418,expr pH only regr out,All,1,Linear,90/10,-0.2972520518519792,0.15894954183405993
Rg norm w/0.418,expr pH only regr out,Inliers,1,Linear,90/10,-0.0626764169601004,0.19098567677110187
Rg norm w/0.418,expr pH only regr out,All,1,Ridge,90/10,0.17254264470129965,0.12694625916223556
Rg norm w/0.418,expr pH only regr out,Inliers,1,Ridge,90/10,-0.018786893867789756,0.18700014843479126
Rg norm w/0.418,expr pH only regr out,All,1,Lasso,90/10,0.13482977563265053,0.12980693021127632
Rg norm w/0.418,expr pH only regr out,Inliers,1,Lasso,90/10,-0.011200658588686352,0.1863026139916846
Rg norm w/0.418,expr pH only regr out,All,1,Kernel Ridge,90/10,-0.023779472583282946,0.14120507505510846
Rg norm w/0.418,expr pH only regr out,Inliers,1,Kernel Ridge,90/10,0.10789633750989558,0.17498786714929865
Rg norm w/0.418,expr pH only regr out,All,1,GPR,90/10,-0.08944687825318876,0.14566329396055439
Rg norm w/0.418,expr pH only regr out,Inliers,1,GPR,90/10,-0.7554725694462907,0.24546936572483105
Rg w/no norm,expr buffer only regr out,All,1,Linear,80/20,-0.012752058224361873,3.7736075237351474
Rg w/no norm,expr buffer only regr out,Inliers,1,Linear,80/20,0.2655032219224508,1.607264737665927
Rg w/no norm,expr buffer only regr out,All,1,Ridge,80/20,0.12099376910401483,3.5156136229845396
Rg w/no norm,expr buffer only regr out,Inliers,1,Ridge,80/20,0.2765610291282401,1.5951202159608115
Rg w/no norm,expr buffer only regr out,All,1,Lasso,80/20,0.09542343706666545,3.5663817397024378
Rg w/no norm,expr buffer only regr out,Inliers,1,Lasso,80/20,0.2872794295556004,1.5832595485198306
Rg w/no norm,expr buffer only regr out,All,1,Kernel Ridge,80/20,-0.05256535472219337,3.847066534399513
Rg w/no norm,expr buffer only regr out,Inliers,1,Kernel Ridge,80/20,0.27467393207392476,1.5971993037203673
Rg w/no norm,expr buffer only regr out,All,1,GPR,80/20,-0.06319640312275077,3.866445663170605
Rg w/no norm,expr buffer only regr out,Inliers,1,GPR,80/20,-0.7196858956314989,2.4593312812982213
Rg w/no norm,expr buffer only regr out,All,1,Linear,85/15,-0.07741722435908827,2.8867349364156687
Rg w/no norm,expr buffer only regr out,Inliers,1,Linear,85/15,0.3851980062717286,1.563520566450998
Rg w/no norm,expr buffer only regr out,All,1,Ridge,85/15,0.19265035331934943,2.498882185194658
Rg w/no norm,expr buffer only regr out,Inliers,1,Ridge,85/15,0.3796994160657312,1.5704968140002398
Rg w/no norm,expr buffer only regr out,All,1,Lasso,85/15,0.17220230335475817,2.5303293788049377
Rg w/no norm,expr buffer only regr out,Inliers,1,Lasso,85/15,0.3841995657588272,1.5647896327565904
Rg w/no norm,expr buffer only regr out,All,1,Kernel Ridge,85/15,0.024011007037792798,2.7474981650543517
Rg w/no norm,expr buffer only regr out,Inliers,1,Kernel Ridge,85/15,0.34299674285461634,1.6162916377206455
Rg w/no norm,expr buffer only regr out,All,1,GPR,85/15,-0.01784819911326241,2.8057983625714336
Rg w/no norm,expr buffer only regr out,Inliers,1,GPR,85/15,-0.6362755298657514,2.550728193672942
Rg w/no norm,expr buffer only regr out,All,1,Linear,90/10,0.5186157527704115,1.9699030862843931
Rg w/no norm,expr buffer only regr out,Inliers,1,Linear,90/10,0.30271085387795593,1.5481843294420985
Rg w/no norm,expr buffer only regr out,All,1,Ridge,90/10,0.4973488830357691,2.012946578931644
Rg w/no norm,expr buffer only regr out,Inliers,1,Ridge,90/10,0.3045382061173545,1.5461543723882876
Rg w/no norm,expr buffer only regr out,All,1,Lasso,90/10,0.5679123147011256,1.8663146617099617
Rg w/no norm,expr buffer only regr out,Inliers,1,Lasso,90/10,0.3386588304494762,1.5077488095498341
Rg w/no norm,expr buffer only regr out,All,1,Kernel Ridge,90/10,0.018646364445562225,2.812624084397514
Rg w/no norm,expr buffer only regr out,Inliers,1,Kernel Ridge,90/10,0.12327119776800688,1.7359965262243586
Rg w/no norm,expr buffer only regr out,All,1,GPR,90/10,-0.022738192559403014,2.8713171211935262
Rg w/no norm,expr buffer only regr out,Inliers,1,GPR,90/10,-0.5690527785319266,2.322389133979836
Rg norm w/0.427,expr buffer only regr out,All,1,Linear,80/20,-0.16387722577693342,0.5021200239834623
Rg norm w/0.427,expr buffer only regr out,Inliers,1,Linear,80/20,-0.13948499224430555,0.16892676353899141
Rg norm w/0.427,expr buffer only regr out,All,1,Ridge,80/20,-0.0701692145669719,0.4814821404774392
Rg norm w/0.427,expr buffer only regr out,Inliers,1,Ridge,80/20,-0.06297366307212404,0.1631568863896514
Rg norm w/0.427,expr buffer only regr out,All,1,Lasso,80/20,-0.04251537211917933,0.47522052474526183
Rg norm w/0.427,expr buffer only regr out,Inliers,1,Lasso,80/20,-0.09626408406271048,0.16569207993006896
Rg norm w/0.427,expr buffer only regr out,All,1,Kernel Ridge,80/20,-0.05937554724276928,0.47904788590512265
Rg norm w/0.427,expr buffer only regr out,Inliers,1,Kernel Ridge,80/20,-0.053137962344318446,0.1624002863650699
Rg norm w/0.427,expr buffer only regr out,All,1,GPR,80/20,-0.06580180230715538,0.4804986601070947
Rg norm w/0.427,expr buffer only regr out,Inliers,1,GPR,80/20,-0.8896758452261191,0.21753934300226915
Rg norm w/0.427,expr buffer only regr out,All,1,Linear,85/15,-1.2075961922823573,0.32053243848654994
Rg norm w/0.427,expr buffer only regr out,Inliers,1,Linear,85/15,-0.10196058545621467,0.1684303302833778
Rg norm w/0.427,expr buffer only regr out,All,1,Ridge,85/15,-0.21789180687169818,0.23807649697760436
Rg norm w/0.427,expr buffer only regr out,Inliers,1,Ridge,85/15,-0.0007553577767815955,0.16050968101827284
Rg norm w/0.427,expr buffer only regr out,All,1,Lasso,85/15,-0.23105431733900672,0.23935955960110994
Rg norm w/0.427,expr buffer only regr out,Inliers,1,Lasso,85/15,-0.05017683077579793,0.16442524059373656
Rg norm w/0.427,expr buffer only regr out,All,1,Kernel Ridge,85/15,-0.15453056645436636,0.23180077682644787
Rg norm w/0.427,expr buffer only regr out,Inliers,1,Kernel Ridge,85/15,-0.1462012366354828,0.17177806490620268
Rg norm w/0.427,expr buffer only regr out,All,1,GPR,85/15,-0.23312332907377975,0.23956061889677718
Rg norm w/0.427,expr buffer only regr out,Inliers,1,GPR,85/15,-0.9472688321124987,0.22389800610103416
Rg norm w/0.427,expr buffer only regr out,All,1,Linear,90/10,-0.03413769500117292,0.18912488374647088
Rg norm w/0.427,expr buffer only regr out,Inliers,1,Linear,90/10,-0.054921250871935445,0.1720363335486667
Rg norm w/0.427,expr buffer only regr out,All,1,Ridge,90/10,0.012548265200120867,0.1848065792126213
Rg norm w/0.427,expr buffer only regr out,Inliers,1,Ridge,90/10,0.007360351618891703,0.16688064387021237
Rg norm w/0.427,expr buffer only regr out,All,1,Lasso,90/10,-0.1355388963039612,0.19818030715914992
Rg norm w/0.427,expr buffer only regr out,Inliers,1,Lasso,90/10,-0.0005902648777913466,0.16754763204002404
Rg norm w/0.427,expr buffer only regr out,All,1,Kernel Ridge,90/10,-0.27568915557584495,0.21005446695319835
Rg norm w/0.427,expr buffer only regr out,Inliers,1,Kernel Ridge,90/10,0.05937973832827714,0.16244910482192376
Rg norm w/0.427,expr buffer only regr out,All,1,GPR,90/10,-0.3569538337798597,0.21664168550161944
Rg norm w/0.427,expr buffer only regr out,Inliers,1,GPR,90/10,-0.9203057915211212,0.23211080275752582
Rg norm w/0.5,expr buffer only regr out,All,1,Linear,80/20,-0.1657205490401934,0.38575411269973436
Rg norm w/0.5,expr buffer only regr out,Inliers,1,Linear,80/20,-0.13445599687439214,0.11686703653271299
Rg norm w/0.5,expr buffer only regr out,All,1,Ridge,80/20,-0.06436518200273733,0.36860283277221856
Rg norm w/0.5,expr buffer only regr out,Inliers,1,Ridge,80/20,-0.05755522190847118,0.1128365323005912
Rg norm w/0.5,expr buffer only regr out,All,1,Lasso,80/20,-0.06831656105685613,0.3692864046621099
Rg norm w/0.5,expr buffer only regr out,Inliers,1,Lasso,80/20,-0.09353979805557322,0.11474017305386765
Rg norm w/0.5,expr buffer only regr out,All,1,Kernel Ridge,80/20,-0.02486226592069385,0.36169798598486147
Rg norm w/0.5,expr buffer only regr out,Inliers,1,Kernel Ridge,80/20,-0.050030874714902085,0.11243440823717499
Rg norm w/0.5,expr buffer only regr out,All,1,GPR,80/20,-0.10351110960456045,0.3753199880044576
Rg norm w/0.5,expr buffer only regr out,Inliers,1,GPR,80/20,-0.8564540643972807,0.14949969537609606
Rg norm w/0.5,expr buffer only regr out,All,1,Linear,85/15,-0.7332696367240177,0.2846563245878467
Rg norm w/0.5,expr buffer only regr out,Inliers,1,Linear,85/15,-0.12047093851659652,0.11714813043648512
Rg norm w/0.5,expr buffer only regr out,All,1,Ridge,85/15,-0.31405029620716784,0.24785276444962193
Rg norm w/0.5,expr buffer only regr out,Inliers,1,Ridge,85/15,-0.09734236126111817,0.11593274956608658
Rg norm w/0.5,expr buffer only regr out,All,1,Lasso,85/15,-0.058694009801120606,0.22247079198531078
Rg norm w/0.5,expr buffer only regr out,Inliers,1,Lasso,85/15,-0.026497326371187624,0.11212797396348353
Rg norm w/0.5,expr buffer only regr out,All,1,Kernel Ridge,85/15,0.005817472246481437,0.21558613973962332
Rg norm w/0.5,expr buffer only regr out,Inliers,1,Kernel Ridge,85/15,-0.16516709483419856,0.1194618316727514
Rg norm w/0.5,expr buffer only regr out,All,1,GPR,85/15,-0.25909696544097605,0.24261483988908053
Rg norm w/0.5,expr buffer only regr out,Inliers,1,GPR,85/15,-0.9422591079912848,0.15423702759163135
Rg norm w/0.5,expr buffer only regr out,All,1,Linear,90/10,-0.06718038212030875,0.19221174773693606
Rg norm w/0.5,expr buffer only regr out,Inliers,1,Linear,90/10,-0.06962305626740917,0.11888759971466503
Rg norm w/0.5,expr buffer only regr out,All,1,Ridge,90/10,0.0630618029683142,0.18010114896887472
Rg norm w/0.5,expr buffer only regr out,Inliers,1,Ridge,90/10,-0.0014814915247165494,0.11503835021094737
Rg norm w/0.5,expr buffer only regr out,All,1,Lasso,90/10,0.023671836436605753,0.18384800426396802
Rg norm w/0.5,expr buffer only regr out,Inliers,1,Lasso,90/10,0.03305829141947392,0.11303718351651595
Rg norm w/0.5,expr buffer only regr out,All,1,Kernel Ridge,90/10,-0.22873032468241816,0.20624778800886864
Rg norm w/0.5,expr buffer only regr out,Inliers,1,Kernel Ridge,90/10,0.04140310530655411,0.11254836489380642
Rg norm w/0.5,expr buffer only regr out,All,1,GPR,90/10,-0.40821437004247607,0.22079813310084237
Rg norm w/0.5,expr buffer only regr out,Inliers,1,GPR,90/10,-0.9762904361122218,0.16160193830043493
Rg norm w/0.418,expr buffer only regr out,All,1,Linear,80/20,-0.16105102680194272,0.504705560637395
Rg norm w/0.418,expr buffer only regr out,Inliers,1,Linear,80/20,-0.1380243443549274,0.17685919904972866
Rg norm w/0.418,expr buffer only regr out,All,1,Ridge,80/20,-0.02770335554555836,0.4748389363308821
Rg norm w/0.418,expr buffer only regr out,Inliers,1,Ridge,80/20,-0.061694329972457274,0.17082507757968013
Rg norm w/0.418,expr buffer only regr out,All,1,Lasso,80/20,-0.010993481613163603,0.4709628099009796
Rg norm w/0.418,expr buffer only regr out,Inliers,1,Lasso,80/20,-0.09467554945073875,0.17345810063211328
Rg norm w/0.418,expr buffer only regr out,All,1,Kernel Ridge,80/20,-0.043204124340677996,0.4784065134510064
Rg norm w/0.418,expr buffer only regr out,Inliers,1,Kernel Ridge,80/20,-0.051746832003562115,0.1700229252284828
Rg norm w/0.418,expr buffer only regr out,All,1,GPR,80/20,-0.04448213972780235,0.47869946845761796
Rg norm w/0.418,expr buffer only regr out,Inliers,1,GPR,80/20,-0.8924846425760999,0.22806994592181165
Rg norm w/0.418,expr buffer only regr out,All,1,Linear,85/15,-2.2255816572123304,0.2831004585861486
Rg norm w/0.418,expr buffer only regr out,Inliers,1,Linear,85/15,-0.097278473337576,0.17621944086320415
Rg norm w/0.418,expr buffer only regr out,All,1,Ridge,85/15,-0.5396986911383266,0.19559350209455426
Rg norm w/0.418,expr buffer only regr out,Inliers,1,Ridge,85/15,0.0028368250471909606,0.16798809499499326
Rg norm w/0.418,expr buffer only regr out,All,1,Lasso,85/15,-0.5305213839420686,0.1950097176005116
Rg norm w/0.418,expr buffer only regr out,Inliers,1,Lasso,85/15,-0.04664338832906978,0.1721055028233444
Rg norm w/0.418,expr buffer only regr out,All,1,Kernel Ridge,85/15,-0.13037387171513726,0.167589809643237
Rg norm w/0.418,expr buffer only regr out,Inliers,1,Kernel Ridge,85/15,-0.14160253094135955,0.17974335790942572
Rg norm w/0.418,expr buffer only regr out,All,1,GPR,85/15,-0.20923470143191425,0.17333723049192676
Rg norm w/0.418,expr buffer only regr out,Inliers,1,GPR,85/15,-0.946204636369941,0.234687328179483
Rg norm w/0.418,expr buffer only regr out,All,1,Linear,90/10,-0.1409736200502627,0.14329012299333319
Rg norm w/0.418,expr buffer only regr out,Inliers,1,Linear,90/10,-0.0510064831496817,0.18009657892477862
Rg norm w/0.418,expr buffer only regr out,All,1,Ridge,90/10,-0.17585579666281137,0.14546398669098548
Rg norm w/0.418,expr buffer only regr out,Inliers,1,Ridge,90/10,0.010335631893626851,0.1747618899624743
Rg norm w/0.418,expr buffer only regr out,All,1,Lasso,90/10,-0.4315718028638911,0.16050369009078502
Rg norm w/0.418,expr buffer only regr out,Inliers,1,Lasso,90/10,-0.002308563225060789,0.17587474713157264
Rg norm w/0.418,expr buffer only regr out,All,1,Kernel Ridge,90/10,-0.2858863179908757,0.15211769689526902
Rg norm w/0.418,expr buffer only regr out,Inliers,1,Kernel Ridge,90/10,0.06272619960606463,0.17007324742362603
Rg norm w/0.418,expr buffer only regr out,All,1,GPR,90/10,-0.31585708471846763,0.15388022594018522
Rg norm w/0.418,expr buffer only regr out,Inliers,1,GPR,90/10,-0.9125716185985986,0.24294704388495153
