channel_index,aa_label,ig_score
0,-,0.0
1,M,0.2205281187007131
2,R,0.7483251132265991
3,H,0.5859756707846344
4,K,2.101409328721985
5,D,1.2800500847000649
6,E,3.444220719157613
7,S,4.240345074911318
8,T,2.219963025900296
9,N,1.0612480856783577
10,Q,1.8389619970809008
11,C,-0.0429063032220256
12,U,-0.0010972406380460598
13,G,2.7965307588503947
14,P,2.487514377279581
15,A,-13.067828037779101
16,V,1.6651300203137467
17,I,0.7701325457911707
18,F,0.9069826606601055
19,Y,0.23592696208561392
20,W,0.059408404095620426
21,L,2.1768651119820106
22,O,0.0
23,X,0.0
24,start,0.0
25,stop,0.0
