window_size,sequence_index,window_index,start,end,baseline_rg,delta_rg,fragment,sequence_id
1,0,0,0,1,0.4257752289830374,-0.0033708971459418535,M,0
1,0,1,1,2,0.4257752289830374,0.004801334347575903,D,0
1,0,2,2,3,0.4257752289830374,-0.0034336086828261614,V,0
1,0,3,3,4,0.4257752289830374,0.0006858153501525521,F,0
1,0,4,4,5,0.4257752289830374,0.000729549617972225,M,0
1,0,5,5,6,0.4257752289830374,0.004056819248944521,K,0
1,0,6,6,7,0.4257752289830374,0.004828318487852812,G,0
1,0,7,7,8,0.4257752289830374,0.008611197583377361,L,0
1,0,8,8,9,0.4257752289830374,0.006365982349961996,S,0
1,0,9,9,10,0.4257752289830374,0.004285021685063839,K,0
1,0,10,10,11,0.4257752289830374,0.004350820556282997,A,0
1,0,11,11,12,0.4257752289830374,0.0018619527108967304,K,0
1,0,12,12,13,0.4257752289830374,-0.0015637545147910714,E,0
1,0,13,13,14,0.4257752289830374,0.0020168600603938103,G,0
1,0,14,14,15,0.4257752289830374,0.0011662790784612298,V,0
1,0,15,15,16,0.4257752289830374,0.0011662790784612298,V,0
1,0,16,16,17,0.4257752289830374,0.0068448856472969055,A,0
1,0,17,17,18,0.4257752289830374,0.0068448856472969055,A,0
1,0,18,18,19,0.4257752289830374,0.0068448856472969055,A,0
1,0,19,19,20,0.4257752289830374,0.027445035055279732,E,0
1,0,20,20,21,0.4257752289830374,0.026760460808873177,K,0
1,0,21,21,22,0.4257752289830374,0.034537289291620255,T,0
1,0,22,22,23,0.4257752289830374,0.002208487829193473,K,0
1,0,23,23,24,0.4257752289830374,0.0046485853381454945,Q,0
1,0,24,24,25,0.4257752289830374,0.00536798732355237,G,0
1,0,25,25,26,0.4257752289830374,0.00524349557235837,V,0
1,0,26,26,27,0.4257752289830374,0.006048399955034256,A,0
1,0,27,27,28,0.4257752289830374,0.01894151046872139,E,0
1,0,28,28,29,0.4257752289830374,0.012868585996329784,A,0
1,0,29,29,30,0.4257752289830374,0.012868585996329784,A,0
1,0,30,30,31,0.4257752289830374,0.019714953377842903,G,0
1,0,31,31,32,0.4257752289830374,0.019799023866653442,K,0
1,0,32,32,33,0.4257752289830374,0.026817942038178444,T,0
1,0,33,33,34,0.4257752289830374,0.0051214247941970825,K,0
1,0,34,34,35,0.4257752289830374,0.004747194238007069,E,0
1,0,35,35,36,0.4257752289830374,0.008487848564982414,G,0
1,0,36,36,37,0.4257752289830374,0.002714242087677121,V,0
1,0,37,37,38,0.4257752289830374,0.005509079899638891,L,0
1,0,38,38,39,0.4257752289830374,0.009220454841852188,Y,0
1,0,39,39,40,0.4257752289830374,0.008839600719511509,V,0
1,0,40,40,41,0.4257752289830374,0.002497446723282337,G,0
1,0,41,41,42,0.4257752289830374,0.0003619428025558591,S,0
1,0,42,42,43,0.4257752289830374,0.001014025998301804,K,0
1,0,43,43,44,0.4257752289830374,0.002052427502349019,T,0
1,0,44,44,45,0.4257752289830374,-0.0025196794886142015,K,0
1,0,45,45,46,0.4257752289830374,-0.0036078086122870445,E,0
1,0,46,46,47,0.4257752289830374,-0.0011781299253925681,G,0
1,0,47,47,48,0.4257752289830374,-0.0023415505420416594,V,0
1,0,48,48,49,0.4257752289830374,-0.0023415505420416594,V,0
1,0,49,49,50,0.4257752289830374,0.0007963438401930034,H,0
1,0,50,50,51,0.4257752289830374,0.0007404711795970798,G,0
1,0,51,51,52,0.4257752289830374,0.0013155419146642089,V,0
1,0,52,52,53,0.4257752289830374,0.002875568578019738,A,0
1,0,53,53,54,0.4257752289830374,0.0015987628139555454,T,0
1,0,54,54,55,0.4257752289830374,0.0016035850858315825,V,0
1,0,55,55,56,0.4257752289830374,0.00032981010735966265,A,0
1,0,56,56,57,0.4257752289830374,-0.0020347400568425655,E,0
1,0,57,57,58,0.4257752289830374,-0.0006800643168389797,K,0
1,0,58,58,59,0.4257752289830374,-0.0019134478643536568,T,0
1,0,59,59,60,0.4257752289830374,-0.00019959473866038024,K,0
1,0,60,60,61,0.4257752289830374,-0.0014379899948835373,E,0
1,0,61,61,62,0.4257752289830374,0.001469127251766622,Q,0
1,0,62,62,63,0.4257752289830374,-0.001091874553821981,V,0
1,0,63,63,64,0.4257752289830374,0.001520039513707161,T,0
1,0,64,64,65,0.4257752289830374,0.003842561040073633,N,0
1,0,65,65,66,0.4257752289830374,0.0037986435927450657,V,0
1,0,66,66,67,0.4257752289830374,0.003954800311475992,G,0
1,0,67,67,68,0.4257752289830374,0.003954800311475992,G,0
1,0,68,68,69,0.4257752289830374,0.0032296671997755766,A,0
1,0,69,69,70,0.4257752289830374,0.0031311004422605038,V,0
1,0,70,70,71,0.4257752289830374,0.0031311004422605038,V,0
1,0,71,71,72,0.4257752289830374,0.0033842897973954678,T,0
1,0,72,72,73,0.4257752289830374,0.0041358075104653835,G,0
1,0,73,73,74,0.4257752289830374,0.001025336910970509,V,0
1,0,74,74,75,0.4257752289830374,0.00045927907922305167,T,0
1,0,75,75,76,0.4257752289830374,0.0006923890905454755,A,0
1,0,76,76,77,0.4257752289830374,0.0006846755277365446,V,0
1,0,77,77,78,0.4257752289830374,7.445634400937706e-05,A,0
1,0,78,78,79,0.4257752289830374,0.0006060527521185577,Q,0
1,0,79,79,80,0.4257752289830374,0.0015288275899365544,K,0
1,0,80,80,81,0.4257752289830374,0.002389395609498024,T,0
1,0,81,81,82,0.4257752289830374,0.0031509401742368937,V,0
1,0,82,82,83,0.4257752289830374,0.0032101180404424667,E,0
1,0,83,83,84,0.4257752289830374,0.0032061594538390636,G,0
1,0,84,84,85,0.4257752289830374,0.00419468292966485,A,0
1,0,85,85,86,0.4257752289830374,0.0025246492587029934,G,0
1,0,86,86,87,0.4257752289830374,0.002040316117927432,S,0
1,0,87,87,88,0.4257752289830374,0.001686316099949181,I,0
1,0,88,88,89,0.4257752289830374,0.0004241522983647883,A,0
1,0,89,89,90,0.4257752289830374,0.0004241522983647883,A,0
1,0,90,90,91,0.4257752289830374,0.0004241522983647883,A,0
1,0,91,91,92,0.4257752289830374,0.0007493923767469823,T,0
1,0,92,92,93,0.4257752289830374,0.0023386285174638033,G,0
1,0,93,93,94,0.4257752289830374,0.0015160881448537111,F,0
1,0,94,94,95,0.4257752289830374,0.0030661628115922213,V,0
1,0,95,95,96,0.4257752289830374,-0.005048942752182484,K,0
1,0,96,96,97,0.4257752289830374,-0.005048942752182484,K,0
1,0,97,97,98,0.4257752289830374,-0.006006862036883831,D,0
1,0,98,98,99,0.4257752289830374,-0.0047406950034201145,Q,0
1,0,99,99,100,0.4257752289830374,0.0021971953101456165,L,0
1,0,100,100,101,0.4257752289830374,0.0015656296163797379,G,0
1,0,101,101,102,0.4257752289830374,-0.0002432837791275233,K,0
1,0,102,102,103,0.4257752289830374,-0.0008142772712744772,N,0
1,0,103,103,104,0.4257752289830374,-0.002514762105420232,E,0
1,0,104,104,105,0.4257752289830374,-0.002514762105420232,E,0
1,0,105,105,106,0.4257752289830374,0.0004072760057169944,G,0
1,0,106,106,107,0.4257752289830374,-0.0005617556162178516,A,0
1,0,107,107,108,0.4257752289830374,-0.0038595248479396105,P,0
1,0,108,108,109,0.4257752289830374,-0.0021343734115362167,Q,0
1,0,109,109,110,0.4257752289830374,-0.004478950519114733,E,0
1,0,110,110,111,0.4257752289830374,8.697728480910882e-05,G,0
1,0,111,111,112,0.4257752289830374,0.0005410792655311525,I,0
1,0,112,112,113,0.4257752289830374,0.0013608825393021107,L,0
1,0,113,113,114,0.4257752289830374,-0.0010973921744152904,E,0
1,0,114,114,115,0.4257752289830374,-0.0007794001721777022,D,0
1,0,115,115,116,0.4257752289830374,-0.00023522262927144766,M,0
1,0,116,116,117,0.4257752289830374,-0.0037826455663889647,P,0
1,0,117,117,118,0.4257752289830374,0.00022151051962282509,V,0
1,0,118,118,119,0.4257752289830374,0.0005795526085421443,D,0
1,0,119,119,120,0.4257752289830374,0.0006518633454106748,P,0
1,0,120,120,121,0.4257752289830374,-0.0016069018747657537,D,0
1,0,121,121,122,0.4257752289830374,-0.0006863542948849499,N,0
1,0,122,122,123,0.4257752289830374,-0.0024227669928222895,E,0
1,0,123,123,124,0.4257752289830374,0.0005711452686227858,A,0
1,0,124,124,125,0.4257752289830374,-0.0003621859650593251,Y,0
1,0,125,125,126,0.4257752289830374,-0.0020014795009046793,E,0
1,0,126,126,127,0.4257752289830374,-0.0005552070797421038,M,0
1,0,127,127,128,0.4257752289830374,-0.003207944333553314,P,0
1,0,128,128,129,0.4257752289830374,-0.0006884492468088865,S,0
1,0,129,129,130,0.4257752289830374,-0.0010236450470983982,E,0
1,0,130,130,131,0.4257752289830374,-0.0010236450470983982,E,0
1,0,131,131,132,0.4257752289830374,-0.0006160936900414526,G,0
1,0,132,132,133,0.4257752289830374,-0.0006844672025181353,Y,0
1,0,133,133,134,0.4257752289830374,-0.0007109498837962747,Q,0
1,0,134,134,135,0.4257752289830374,-0.0007350951782427728,D,0
1,0,135,135,136,0.4257752289830374,-0.0006966598448343575,Y,0
1,0,136,136,137,0.4257752289830374,-0.0010138795478269458,E,0
1,0,137,137,138,0.4257752289830374,-0.0011548289330676198,P,0
1,0,138,138,139,0.4257752289830374,-0.0009983193594962358,E,0
1,0,139,139,140,0.4257752289830374,-0.0009493769030086696,A,0
1,1,0,0,1,0.47170770603649587,0.00748384790495038,M,1
1,1,1,1,2,0.47170770603649587,-0.0022006176877766848,Q,1
1,1,2,2,3,0.47170770603649587,0.0011417954228818417,T,1
1,1,3,3,4,0.47170770603649587,-0.0011241984320804477,A,1
1,1,4,4,5,0.47170770603649587,-0.000496814027428627,P,1
1,1,5,5,6,0.47170770603649587,-0.000680895580444485,V,1
1,1,6,6,7,0.47170770603649587,0.0012532364344224334,P,1
1,1,7,7,8,0.47170770603649587,0.000616452656686306,M,1
1,1,8,8,9,0.47170770603649587,-0.000594858662225306,P,1
1,1,9,9,10,0.47170770603649587,-0.001365729607641697,D,1
1,1,10,10,11,0.47170770603649587,0.0022804264444857836,L,1
1,1,11,11,12,0.47170770603649587,0.0010270783677697182,K,1
1,1,12,12,13,0.47170770603649587,0.0012343983398750424,N,1
1,1,13,13,14,0.47170770603649587,-0.00029515402275137603,V,1
1,1,14,14,15,0.47170770603649587,-0.0007612855988554657,K,1
1,1,15,15,16,0.47170770603649587,-0.002781980438157916,S,1
1,1,16,16,17,0.47170770603649587,-0.0017412216402590275,K,1
1,1,17,17,18,0.47170770603649587,0.00021097026183269918,I,1
1,1,18,18,19,0.47170770603649587,-0.002780134091153741,G,1
1,1,19,19,20,0.47170770603649587,-0.0022833533585071564,S,1
1,1,20,20,21,0.47170770603649587,-0.0018894290551543236,T,1
1,1,21,21,22,0.47170770603649587,-0.0027138504665344954,E,1
1,1,22,22,23,0.47170770603649587,-0.0021074034739285707,N,1
1,1,23,23,24,0.47170770603649587,-0.0016612278996035457,L,1
1,1,24,24,25,0.47170770603649587,-0.0015806066803634167,K,1
1,1,25,25,26,0.47170770603649587,0.0001645029551582411,H,1
1,1,26,26,27,0.47170770603649587,-0.0010201295372098684,Q,1
1,1,27,27,28,0.47170770603649587,0.0007179987151175737,P,1
1,1,28,28,29,0.47170770603649587,-0.0005609887302853167,G,1
1,1,29,29,30,0.47170770603649587,-0.0005609887302853167,G,1
1,1,30,30,31,0.47170770603649587,-0.0005609887302853167,G,1
1,1,31,31,32,0.47170770603649587,-0.0024052616208791733,K,1
1,1,32,32,33,0.47170770603649587,-0.003918291535228491,V,1
1,1,33,33,34,0.47170770603649587,-0.002595319412648678,Q,1
1,1,34,34,35,0.47170770603649587,-3.150946577079594e-05,I,1
1,1,35,35,36,0.47170770603649587,-3.150946577079594e-05,I,1
1,1,36,36,37,0.47170770603649587,-0.0030038515105843544,N,1
1,1,37,37,38,0.47170770603649587,1.499524023529375e-05,K,1
1,1,38,38,39,0.47170770603649587,1.499524023529375e-05,K,1
1,1,39,39,40,0.47170770603649587,0.00042353657772764564,L,1
1,1,40,40,41,0.47170770603649587,-0.0033119264990091324,D,1
1,1,41,41,42,0.47170770603649587,-0.001246041851118207,L,1
1,1,42,42,43,0.47170770603649587,-0.00042838286026380956,S,1
1,1,43,43,44,0.47170770603649587,5.795340257463977e-05,N,1
1,1,44,44,45,0.47170770603649587,-0.002437276067212224,V,1
1,1,45,45,46,0.47170770603649587,0.00040170125430449843,Q,1
1,1,46,46,47,0.47170770603649587,-0.00011045280552934855,S,1
1,1,47,47,48,0.47170770603649587,0.001204274594783783,K,1
1,1,48,48,49,0.47170770603649587,-0.0016604996053501964,A,1
1,1,49,49,50,0.47170770603649587,-0.005720369052141905,G,1
1,1,50,50,51,0.47170770603649587,-0.004304521717131138,S,1
1,1,51,51,52,0.47170770603649587,-0.00018740366795100272,K,1
1,1,52,52,53,0.47170770603649587,-0.002552563091740012,D,1
1,1,53,53,54,0.47170770603649587,-0.00048115558456629515,N,1
1,1,54,54,55,0.47170770603649587,-0.002707853214815259,I,1
1,1,55,55,56,0.47170770603649587,0.0028891866095364094,K,1
1,1,56,56,57,0.47170770603649587,0.004520430229604244,H,1
1,1,57,57,58,0.47170770603649587,-0.0021291570737957954,V,1
1,1,58,58,59,0.47170770603649587,-0.001990034943446517,P,1
1,1,59,59,60,0.47170770603649587,0.0014223180478438735,G,1
1,1,60,60,61,0.47170770603649587,0.0014223180478438735,G,1
1,1,61,61,62,0.47170770603649587,0.0014223180478438735,G,1
1,1,62,62,63,0.47170770603649587,0.002024858957156539,S,1
1,1,63,63,64,0.47170770603649587,0.0043650781735777855,V,1
1,1,64,64,65,0.47170770603649587,-0.0014508496969938278,Q,1
1,1,65,65,66,0.47170770603649587,0.0039038495160639286,I,1
1,1,66,66,67,0.47170770603649587,0.0018970138626173139,V,1
1,1,67,67,68,0.47170770603649587,0.002975962357595563,Y,1
1,1,68,68,69,0.47170770603649587,0.0027568661607801914,C,1
1,1,69,69,70,0.47170770603649587,-0.00784595962613821,P,1
1,1,70,70,71,0.47170770603649587,-0.00015270535368472338,V,1
1,1,71,71,72,0.47170770603649587,-0.00019691727356985211,D,1
1,1,72,72,73,0.47170770603649587,0.0007487765979021788,L,1
1,1,73,73,74,0.47170770603649587,-0.004586047027260065,S,1
1,1,74,74,75,0.47170770603649587,-0.002040016930550337,C,1
1,1,75,75,76,0.47170770603649587,-0.002978983335196972,V,1
1,1,76,76,77,0.47170770603649587,0.0013406930956989527,T,1
1,1,77,77,78,0.47170770603649587,-0.002441564342007041,S,1
1,1,78,78,79,0.47170770603649587,-0.001925913617014885,K,1
1,1,79,79,80,0.47170770603649587,0.0012466846965253353,A,1
1,1,80,80,81,0.47170770603649587,-0.002339509781450033,G,1
1,1,81,81,82,0.47170770603649587,-0.001847612438723445,S,1
1,1,82,82,83,0.47170770603649587,0.0013649387983605266,L,1
1,1,83,83,84,0.47170770603649587,-0.00014845328405499458,G,1
1,1,84,84,85,0.47170770603649587,-0.0012702599633485079,N,1
1,1,85,85,86,0.47170770603649587,-0.0009355998481623828,I,1
1,1,86,86,87,0.47170770603649587,-0.00011222590546822175,H,1
1,1,87,87,88,0.47170770603649587,-0.00011222590546822175,H,1
1,1,88,88,89,0.47170770603649587,-0.0004190077306702733,K,1
1,1,89,89,90,0.47170770603649587,-6.505523924715817e-05,P,1
1,1,90,90,91,0.47170770603649587,0.00036151567474007607,G,1
1,1,91,91,92,0.47170770603649587,0.00036151567474007607,G,1
1,1,92,92,93,0.47170770603649587,0.00036151567474007607,G,1
1,1,93,93,94,0.47170770603649587,-0.00033636228181421757,Q,1
1,1,94,94,95,0.47170770603649587,-0.001697816769592464,V,1
1,1,95,95,96,0.47170770603649587,-0.0010407451773062348,E,1
1,1,96,96,97,0.47170770603649587,-0.0022939632181078196,V,1
1,1,97,97,98,0.47170770603649587,-0.003022693796083331,K,1
1,1,98,98,99,0.47170770603649587,-0.003142366651445627,S,1
1,1,99,99,100,0.47170770603649587,-0.0019386468920856714,E,1
1,1,100,100,101,0.47170770603649587,-0.0017202227609232068,K,1
1,1,101,101,102,0.47170770603649587,-0.00021024019224569201,L,1
1,1,102,102,103,0.47170770603649587,0.0005446621216833591,D,1
1,1,103,103,104,0.47170770603649587,0.003257606877014041,F,1
1,1,104,104,105,0.47170770603649587,-0.002295459620654583,K,1
1,1,105,105,106,0.47170770603649587,-0.0008346220711246133,D,1
1,1,106,106,107,0.47170770603649587,-0.0006053975084796548,R,1
1,1,107,107,108,0.47170770603649587,-8.137129771057516e-05,V,1
1,1,108,108,109,0.47170770603649587,-0.0011505342554301023,Q,1
1,1,109,109,110,0.47170770603649587,-0.0021838718093931675,S,1
1,1,110,110,111,0.47170770603649587,-0.001178701757453382,K,1
1,1,111,111,112,0.47170770603649587,0.0007929159910418093,I,1
1,1,112,112,113,0.47170770603649587,-0.0008573796949349344,G,1
1,1,113,113,114,0.47170770603649587,-0.0007660042028874159,S,1
1,1,114,114,115,0.47170770603649587,0.0016490891575813293,L,1
1,1,115,115,116,0.47170770603649587,-0.0022902064956724644,D,1
1,1,116,116,117,0.47170770603649587,-0.0015684785321354866,N,1
1,1,117,117,118,0.47170770603649587,0.0003571876441128552,I,1
1,1,118,118,119,0.47170770603649587,-0.0002674857387319207,T,1
1,1,119,119,120,0.47170770603649587,-0.0007953022723086178,H,1
1,1,120,120,121,0.47170770603649587,0.00010454419680172578,V,1
1,1,121,121,122,0.47170770603649587,-0.00047625775914639235,P,1
1,1,122,122,123,0.47170770603649587,-0.00024084144388325512,G,1
1,1,123,123,124,0.47170770603649587,-0.00024084144388325512,G,1
1,1,124,124,125,0.47170770603649587,-0.00024084144388325512,G,1
1,1,125,125,126,0.47170770603649587,-0.0003313549386803061,N,1
1,1,126,126,127,0.47170770603649587,-0.00034497136948630214,K,1
1,1,127,127,128,0.47170770603649587,-0.00034497136948630214,K,1
1,1,128,128,129,0.47170770603649587,-0.00020057048823218793,I,1
1,1,129,129,130,0.47170770603649587,-0.00042016140650957823,E,1
1,2,0,0,1,0.4236012266867179,-0.02181669883430004,M,2
1,2,1,1,2,0.4236012266867179,0.0009832074865698814,G,2
1,2,2,2,3,0.4236012266867179,-0.0011177629930898547,H,2
1,2,3,3,4,0.4236012266867179,-0.0011177629930898547,H,2
1,2,4,4,5,0.4236012266867179,-0.0011177629930898547,H,2
1,2,5,5,6,0.4236012266867179,-0.0011177629930898547,H,2
1,2,6,6,7,0.4236012266867179,-0.0011177629930898547,H,2
1,2,7,7,8,0.4236012266867179,-0.0011177629930898547,H,2
1,2,8,8,9,0.4236012266867179,0.0011017111828550696,M,2
1,2,9,9,10,0.4236012266867179,-0.00041734339902177453,S,2
1,2,10,10,11,0.4236012266867179,-0.00041734339902177453,S,2
1,2,11,11,12,0.4236012266867179,0.00013936405593995005,I,2
1,2,12,12,13,0.4236012266867179,0.0012040797155350447,L,2
1,2,13,13,14,0.4236012266867179,-0.0004956251359544694,P,2
1,2,14,14,15,0.4236012266867179,0.00037362275179475546,F,2
1,2,15,15,16,0.4236012266867179,-0.001523359096609056,T,2
1,2,16,16,17,0.4236012266867179,-4.5969150960445404e-05,P,2
1,2,17,17,18,0.4236012266867179,-4.5969150960445404e-05,P,2
1,2,18,18,19,0.4236012266867179,0.0011104625882580876,V,2
1,2,19,19,20,0.4236012266867179,0.0011104625882580876,V,2
1,2,20,20,21,0.4236012266867179,-0.0020068050362169743,K,2
1,2,21,21,22,0.4236012266867179,-0.004214688204228878,R,2
1,2,22,22,23,0.4236012266867179,0.0007135212072171271,L,2
1,2,23,23,24,0.4236012266867179,0.0007135212072171271,L,2
1,2,24,24,25,0.4236012266867179,0.00058549310779199,G,2
1,2,25,25,26,0.4236012266867179,-0.002086928579956293,W,2
1,2,26,26,27,0.4236012266867179,-0.0023573986254632473,K,2
1,2,27,27,28,0.4236012266867179,-0.0023573986254632473,K,2
1,2,28,28,29,0.4236012266867179,8.997285476652905e-05,S,2
1,2,29,29,30,0.4236012266867179,-0.002964883577078581,A,2
1,2,30,30,31,0.4236012266867179,-0.0005671958206221461,G,2
1,2,31,31,32,0.4236012266867179,-0.0005671958206221461,G,2
1,2,32,32,33,0.4236012266867179,0.0014669561060145497,S,2
1,2,33,33,34,0.4236012266867179,-0.0009866164764389396,G,2
1,2,34,34,35,0.4236012266867179,-0.0009866164764389396,G,2
1,2,35,35,36,0.4236012266867179,-0.0032406928949058056,A,2
1,2,36,36,37,0.4236012266867179,0.0005162468296475708,G,2
1,2,37,37,38,0.4236012266867179,0.0005162468296475708,G,2
1,2,38,38,39,0.4236012266867179,0.0005162468296475708,G,2
1,2,39,39,40,0.4236012266867179,0.0003416549297980964,E,2
1,2,40,40,41,0.4236012266867179,0.0005985910538583994,Q,2
1,2,41,41,42,0.4236012266867179,-0.0012163912178948522,N,2
1,2,42,42,43,0.4236012266867179,-0.0007459867047145963,G,2
1,2,43,43,44,0.4236012266867179,0.0016659906832501292,Q,2
1,2,44,44,45,0.4236012266867179,0.0020091633778065443,E,2
1,2,45,45,46,0.4236012266867179,0.0020091633778065443,E,2
1,2,46,46,47,0.4236012266867179,0.0006484308396466076,K,2
1,2,47,47,48,0.4236012266867179,0.005582221783697605,W,2
1,2,48,48,49,0.4236012266867179,0.004607888404279947,C,2
1,2,49,49,50,0.4236012266867179,-0.006383905652910471,E,2
1,2,50,50,51,0.4236012266867179,-0.004296708852052689,K,2
1,2,51,51,52,0.4236012266867179,0.0014635368715971708,A,2
1,2,52,52,53,0.4236012266867179,-0.010847287252545357,V,2
1,2,53,53,54,0.4236012266867179,-0.025580255314707756,K,2
1,2,54,54,55,0.4236012266867179,-0.020915402099490166,S,2
1,2,55,55,56,0.4236012266867179,-0.017705652862787247,L,2
1,2,56,56,57,0.4236012266867179,-0.01536470651626587,V,2
1,2,57,57,58,0.4236012266867179,-0.025406423956155777,K,2
1,2,58,58,59,0.4236012266867179,-0.025406423956155777,K,2
1,2,59,59,60,0.4236012266867179,0.00736467307433486,L,2
1,2,60,60,61,0.4236012266867179,0.0028019205201417208,K,2
1,2,61,61,62,0.4236012266867179,0.0028019205201417208,K,2
1,2,62,62,63,0.4236012266867179,0.004362194333225489,T,2
1,2,63,63,64,0.4236012266867179,0.006254071369767189,G,2
1,2,64,64,65,0.4236012266867179,0.006936709396541119,R,2
1,2,65,65,66,0.4236012266867179,0.007541075348854065,L,2
1,2,66,66,67,0.4236012266867179,0.008856646716594696,D,2
1,2,67,67,68,0.4236012266867179,0.008233674801886082,E,2
1,2,68,68,69,0.4236012266867179,0.010005619376897812,L,2
1,2,69,69,70,0.4236012266867179,0.003941865172237158,E,2
1,2,70,70,71,0.4236012266867179,0.004743822850286961,K,2
1,2,71,71,72,0.4236012266867179,0.004926741123199463,A,2
1,2,72,72,73,0.4236012266867179,0.006987310945987701,I,2
1,2,73,73,74,0.4236012266867179,-0.01556460466235876,T,2
1,2,74,74,75,0.4236012266867179,-0.01556460466235876,T,2
1,2,75,75,76,0.4236012266867179,-0.01062359381467104,Q,2
1,2,76,76,77,0.4236012266867179,-0.0013981705997139215,N,2
1,2,77,77,78,0.4236012266867179,0.004613752011209726,C,2
1,2,78,78,79,0.4236012266867179,0.003240839345380664,N,2
1,2,79,79,80,0.4236012266867179,0.004257890861481428,T,2
1,2,80,80,81,0.4236012266867179,0.0022094720043241978,K,2
1,2,81,81,82,0.4236012266867179,-0.003000382799655199,C,2
1,2,82,82,83,0.4236012266867179,-0.007086276542395353,V,2
1,2,83,83,84,0.4236012266867179,-0.000664695689920336,T,2
1,2,84,84,85,0.4236012266867179,-0.015537960454821587,I,2
1,2,85,85,86,0.4236012266867179,-0.015670251101255417,P,2
1,2,86,86,87,0.4236012266867179,-0.0013019044417887926,S,2
1,2,87,87,88,0.4236012266867179,0.00013399470481090248,T,2
1,2,88,88,89,0.4236012266867179,0.0051648435182869434,C,2
1,2,89,89,90,0.4236012266867179,-0.015256574377417564,S,2
1,2,90,90,91,0.4236012266867179,-0.01324389223009348,E,2
1,2,91,91,92,0.4236012266867179,0.0004936674959026277,I,2
1,2,92,92,93,0.4236012266867179,0.0022693562787026167,W,2
1,2,93,93,94,0.4236012266867179,-0.0013439671602100134,G,2
1,2,94,94,95,0.4236012266867179,3.850549546768889e-05,L,2
1,2,95,95,96,0.4236012266867179,-0.002159906318411231,S,2
1,2,96,96,97,0.4236012266867179,-0.008563514798879623,T,2
1,2,97,97,98,0.4236012266867179,0.00206754170358181,P,2
1,2,98,98,99,0.4236012266867179,0.0024283358361572027,N,2
1,2,99,99,100,0.4236012266867179,-0.003520407946780324,T,2
1,2,100,100,101,0.4236012266867179,0.0037612970918416977,I,2
1,2,101,101,102,0.4236012266867179,0.0018912611994892359,D,2
1,2,102,102,103,0.4236012266867179,0.0013810356613248587,Q,2
1,2,103,103,104,0.4236012266867179,0.005115216132253408,W,2
1,2,104,104,105,0.4236012266867179,-0.004930970259010792,D,2
1,2,105,105,106,0.4236012266867179,0.0007343061151914299,T,2
1,2,106,106,107,0.4236012266867179,0.0007343061151914299,T,2
1,2,107,107,108,0.4236012266867179,0.0006909118383191526,G,2
1,2,108,108,109,0.4236012266867179,0.004744758829474449,L,2
1,2,109,109,110,0.4236012266867179,0.004021052736788988,Y,2
1,2,110,110,111,0.4236012266867179,0.0010087682167068124,S,2
1,2,111,111,112,0.4236012266867179,0.0054437145590782166,F,2
1,2,112,112,113,0.4236012266867179,-0.0004305037437006831,S,2
1,2,113,113,114,0.4236012266867179,-0.00260810530744493,E,2
1,2,114,114,115,0.4236012266867179,-0.0010315480176359415,Q,2
1,2,115,115,116,0.4236012266867179,0.0004807994409929961,T,2
1,2,116,116,117,0.4236012266867179,0.0002728033869061619,R,2
1,2,117,117,118,0.4236012266867179,0.0008752677822485566,S,2
1,2,118,118,119,0.4236012266867179,0.0018103434704244137,L,2
1,2,119,119,120,0.4236012266867179,-0.0048378994688391685,D,2
1,2,120,120,121,0.4236012266867179,-0.009709306992590427,G,2
1,2,121,121,122,0.4236012266867179,-0.007208899594843388,R,2
1,2,122,122,123,0.4236012266867179,0.002503464464098215,L,2
1,2,123,123,124,0.4236012266867179,0.00021764065604656935,Q,2
1,2,124,124,125,0.4236012266867179,-0.00013534765457734466,V,2
1,2,125,125,126,0.4236012266867179,4.738083589472808e-05,S,2
1,2,126,126,127,0.4236012266867179,-0.0005068570026196539,H,2
1,2,127,127,128,0.4236012266867179,-0.002400217577815056,R,2
1,2,128,128,129,0.4236012266867179,-0.002157597802579403,K,2
1,2,129,129,130,0.4236012266867179,0.0010887262178584933,G,2
1,2,130,130,131,0.4236012266867179,0.0017642955062910914,L,2
1,2,131,131,132,0.4236012266867179,0.0014319377951323986,P,2
1,2,132,132,133,0.4236012266867179,-0.00040556423482485116,H,2
1,2,133,133,134,0.4236012266867179,0.002743313554674387,V,2
1,2,134,134,135,0.4236012266867179,0.00252223270945251,I,2
1,2,135,135,136,0.4236012266867179,0.001508536166511476,Y,2
1,2,136,136,137,0.4236012266867179,0.00027754256734624505,C,2
1,2,137,137,138,0.4236012266867179,0.001884962897747755,R,2
1,2,138,138,139,0.4236012266867179,0.002577171428129077,L,2
1,2,139,139,140,0.4236012266867179,0.0010668874019756913,W,2
1,2,140,140,141,0.4236012266867179,0.0003046864294447005,R,2
1,2,141,141,142,0.4236012266867179,0.0002817987697198987,W,2
1,2,142,142,143,0.4236012266867179,-0.0011121523566544056,P,2
1,2,143,143,144,0.4236012266867179,0.00141090527176857,D,2
1,2,144,144,145,0.4236012266867179,0.00040413750684820116,L,2
1,2,145,145,146,0.4236012266867179,0.00017776722961571068,H,2
1,2,146,146,147,0.4236012266867179,-0.000115856462798547,S,2
1,2,147,147,148,0.4236012266867179,8.146183972712606e-05,H,2
1,2,148,148,149,0.4236012266867179,8.146183972712606e-05,H,2
1,2,149,149,150,0.4236012266867179,-0.0030798499938100576,E,2
1,2,150,150,151,0.4236012266867179,-0.005935813300311565,L,2
1,2,151,151,152,0.4236012266867179,-0.0029760580509901047,K,2
1,2,152,152,153,0.4236012266867179,0.0015558190643787384,A,2
1,2,153,153,154,0.4236012266867179,0.0003869261418003589,I,2
1,2,154,154,155,0.4236012266867179,0.0002144964673789218,E,2
1,2,155,155,156,0.4236012266867179,0.0007935801986604929,N,2
1,2,156,156,157,0.4236012266867179,-0.0006831203936599195,C,2
1,2,157,157,158,0.4236012266867179,-0.000934236217290163,E,2
1,2,158,158,159,0.4236012266867179,-0.0002217974979430437,Y,2
1,2,159,159,160,0.4236012266867179,0.0006878393469378352,A,2
1,2,160,160,161,0.4236012266867179,0.0009576976299285889,F,2
1,2,161,161,162,0.4236012266867179,0.00020066167053300887,N,2
1,2,162,162,163,0.4236012266867179,0.0004775621055159718,L,2
1,2,163,163,164,0.4236012266867179,0.001083309412933886,K,2
1,2,164,164,165,0.4236012266867179,0.001083309412933886,K,2
1,2,165,165,166,0.4236012266867179,0.0008219549781642854,D,2
1,2,166,166,167,0.4236012266867179,0.001067822682671249,E,2
1,2,167,167,168,0.4236012266867179,0.00019946717657148838,V,2
1,2,168,168,169,0.4236012266867179,-0.0012765472056344151,C,2
1,2,169,169,170,0.4236012266867179,-0.0003234398609492928,V,2
1,2,170,170,171,0.4236012266867179,0.0007079135975800455,N,2
1,2,171,171,172,0.4236012266867179,-0.0009979628957808018,P,2
1,2,172,172,173,0.4236012266867179,0.000518927292432636,Y,2
1,2,173,173,174,0.4236012266867179,0.00040648257709108293,H,2
1,2,174,174,175,0.4236012266867179,-0.00043567910324782133,Y,2
1,2,175,175,176,0.4236012266867179,0.00022123995586298406,Q,2
1,2,176,176,177,0.4236012266867179,0.00036655928124673665,R,2
1,2,177,177,178,0.4236012266867179,-0.0015626769745722413,V,2
1,2,178,178,179,0.4236012266867179,-0.0001377103617414832,E,2
1,2,179,179,180,0.4236012266867179,-0.00029117579106241465,T,2
1,2,180,180,181,0.4236012266867179,0.00038298944127745926,P,2
1,2,181,181,182,0.4236012266867179,-0.0014435626799240708,V,2
1,2,182,182,183,0.4236012266867179,0.00011336311581544578,L,2
1,2,183,183,184,0.4236012266867179,0.0004212500061839819,P,2
1,2,184,184,185,0.4236012266867179,0.0004212500061839819,P,2
1,2,185,185,186,0.4236012266867179,0.0003849133790936321,V,2
1,2,186,186,187,0.4236012266867179,0.0010691151255741715,L,2
1,2,187,187,188,0.4236012266867179,0.0009023895836435258,V,2
1,2,188,188,189,0.4236012266867179,-0.0010997547069564462,P,2
1,2,189,189,190,0.4236012266867179,0.0006612600409425795,R,2
1,2,190,190,191,0.4236012266867179,0.0011104597942903638,H,2
1,2,191,191,192,0.4236012266867179,-0.0010844249045476317,T,2
1,2,192,192,193,0.4236012266867179,-0.0007942499360069633,E,2
1,2,193,193,194,0.4236012266867179,0.0002786039258353412,I,2
1,2,194,194,195,0.4236012266867179,0.0015999770257622004,L,2
1,2,195,195,196,0.4236012266867179,-0.0010242690332233906,T,2
1,2,196,196,197,0.4236012266867179,0.00021721819939557463,E,2
1,2,197,197,198,0.4236012266867179,0.0014779447810724378,L,2
1,2,198,198,199,0.4236012266867179,-0.00020486931316554546,P,2
1,2,199,199,200,0.4236012266867179,-0.00020486931316554546,P,2
1,2,200,200,201,0.4236012266867179,0.00021383543207775801,L,2
1,2,201,201,202,0.4236012266867179,-0.0001575812784722075,D,2
1,2,202,202,203,0.4236012266867179,-0.0001575812784722075,D,2
1,2,203,203,204,0.4236012266867179,0.00012943604087922722,Y,2
1,2,204,204,205,0.4236012266867179,-0.001710391603410244,T,2
1,2,205,205,206,0.4236012266867179,0.0006854832172393799,H,2
1,2,206,206,207,0.4236012266867179,-8.876402716850862e-05,S,2
1,2,207,207,208,0.4236012266867179,-0.0016133995959535241,I,2
1,2,208,208,209,0.4236012266867179,-0.0015706209233030677,P,2
1,2,209,209,210,0.4236012266867179,-0.0019832695834338665,E,2
1,2,210,210,211,0.4236012266867179,-0.000561828725039959,N,2
1,2,211,211,212,0.4236012266867179,-0.0004388208035379648,T,2
1,2,212,212,213,0.4236012266867179,-0.00012144888751208782,N,2
1,2,213,213,214,0.4236012266867179,-0.0001679241395322606,F,2
1,2,214,214,215,0.4236012266867179,-0.0017013645265251398,P,2
1,2,215,215,216,0.4236012266867179,-0.000294905825285241,A,2
1,2,216,216,217,0.4236012266867179,-0.00012178181350464001,G,2
1,2,217,217,218,0.4236012266867179,-0.00016253268404398113,I,2
1,2,218,218,219,0.4236012266867179,-0.0007611105102114379,E,2
1,2,219,219,220,0.4236012266867179,-0.0005282165366224945,P,2
1,2,220,220,221,0.4236012266867179,9.618486365070567e-05,Q,2
1,2,221,221,222,0.4236012266867179,2.003781082748901e-05,S,2
1,2,222,222,223,0.4236012266867179,-0.0004317445564083755,N,2
1,2,223,223,224,0.4236012266867179,6.500072777271271e-05,Y,2
1,2,224,224,225,0.4236012266867179,0.00026457657804712653,I,2
1,2,225,225,226,0.4236012266867179,-0.0004296886909287423,P,2
1,2,226,226,227,0.4236012266867179,-0.00224961806088686,E,2
1,2,227,227,228,0.4236012266867179,-0.0008140056161209941,T,2
1,2,228,228,229,0.4236012266867179,0.0007042006473056972,P,2
1,2,229,229,230,0.4236012266867179,0.0007042006473056972,P,2
1,2,230,230,231,0.4236012266867179,0.0007042006473056972,P,2
1,2,231,231,232,0.4236012266867179,-0.0007777471328154206,G,2
1,2,232,232,233,0.4236012266867179,-0.0004005074442829937,Y,2
1,2,233,233,234,0.4236012266867179,7.051714055705816e-05,I,2
1,2,234,234,235,0.4236012266867179,5.684820280293934e-05,S,2
1,2,235,235,236,0.4236012266867179,0.00021154142450541258,E,2
1,2,236,236,237,0.4236012266867179,0.0010287035256624222,D,2
1,2,237,237,238,0.4236012266867179,8.697572047822177e-05,G,2
1,2,238,238,239,0.4236012266867179,0.00023962803243193775,E,2
1,2,239,239,240,0.4236012266867179,-0.001141011482104659,T,2
1,2,240,240,241,0.4236012266867179,-0.0006735594943165779,S,2
1,2,241,241,242,0.4236012266867179,0.00046209918218664825,D,2
1,2,242,242,243,0.4236012266867179,0.0004746644990518689,Q,2
1,2,243,243,244,0.4236012266867179,0.0004746644990518689,Q,2
1,2,244,244,245,0.4236012266867179,0.000285679183434695,L,2
1,2,245,245,246,0.4236012266867179,-0.00036953508970327675,N,2
1,2,246,246,247,0.4236012266867179,-0.0007798465667292476,Q,2
1,2,247,247,248,0.4236012266867179,-0.00029129747417755425,S,2
1,2,248,248,249,0.4236012266867179,3.662315066321753e-05,M,2
1,2,249,249,250,0.4236012266867179,-0.0007610463653691113,D,2
1,2,250,250,251,0.4236012266867179,-0.001355109503492713,T,2
1,2,251,251,252,0.4236012266867179,-0.0004288984928280115,G,2
1,2,252,252,253,0.4236012266867179,-4.835567233385518e-05,S,2
1,2,253,253,254,0.4236012266867179,-0.00025061689666472375,P,2
1,2,254,254,255,0.4236012266867179,-0.00013503286754712462,A,2
1,2,255,255,256,0.4236012266867179,-0.0013136003399267793,E,2
1,2,256,256,257,0.4236012266867179,-0.00033623355557210743,L,2
1,2,257,257,258,0.4236012266867179,-5.882552795810625e-05,S,2
1,2,258,258,259,0.4236012266867179,5.4023737902753055e-05,P,2
1,2,259,259,260,0.4236012266867179,0.00024707397096790373,T,2
1,2,260,260,261,0.4236012266867179,0.00024707397096790373,T,2
1,2,261,261,262,0.4236012266867179,-0.00023673898249398917,L,2
1,2,262,262,263,0.4236012266867179,-0.0004450945707503706,S,2
1,2,263,263,264,0.4236012266867179,-0.0005995014798827469,P,2
1,2,264,264,265,0.4236012266867179,-0.0004509414720814675,V,2
1,2,265,265,266,0.4236012266867179,-0.0008627743227407336,N,2
1,2,266,266,267,0.4236012266867179,-0.0005469755851663649,H,2
1,2,267,267,268,0.4236012266867179,-0.0005790656432509422,S,2
1,2,268,268,269,0.4236012266867179,0.00034000875893980265,L,2
1,2,269,269,270,0.4236012266867179,-0.0011660655727609992,D,2
1,2,270,270,271,0.4236012266867179,0.0004245426971465349,L,2
1,2,271,271,272,0.4236012266867179,-0.0009613134316168725,Q,2
1,2,272,272,273,0.4236012266867179,-0.0006392508512362838,P,2
1,2,273,273,274,0.4236012266867179,-0.0013916491298004985,V,2
1,2,274,274,275,0.4236012266867179,-0.0014075888320803642,T,2
1,2,275,275,276,0.4236012266867179,-0.00016074249288067222,Y,2
1,2,276,276,277,0.4236012266867179,-5.7980436395155266e-05,S,2
1,2,277,277,278,0.4236012266867179,-0.0012550512328743935,E,2
1,2,278,278,279,0.4236012266867179,-0.0022819906007498503,P,2
1,2,279,279,280,0.4236012266867179,-0.0001582670956850052,A,2
1,2,280,280,281,0.4236012266867179,-0.000853321049362421,F,2
1,2,281,281,282,0.4236012266867179,0.001094089588150382,W,2
1,2,282,282,283,0.4236012266867179,-0.0005993334925733507,C,2
1,2,283,283,284,0.4236012266867179,-0.0004572383768390864,S,2
1,2,284,284,285,0.4236012266867179,0.0007047149701975286,I,2
1,2,285,285,286,0.4236012266867179,0.0007715063402429223,A,2
1,2,286,286,287,0.4236012266867179,0.0009631240391172469,Y,2
1,2,287,287,288,0.4236012266867179,0.0009631240391172469,Y,2
1,2,288,288,289,0.4236012266867179,0.0010331438388675451,E,2
1,2,289,289,290,0.4236012266867179,0.0031637982465326786,L,2
1,2,290,290,291,0.4236012266867179,-0.00029508760781027377,N,2
1,2,291,291,292,0.4236012266867179,0.0007459315238520503,Q,2
1,2,292,292,293,0.4236012266867179,0.002146390499547124,R,2
1,2,293,293,294,0.4236012266867179,0.00282281287945807,V,2
1,2,294,294,295,0.4236012266867179,-0.001092500751838088,G,2
1,2,295,295,296,0.4236012266867179,-0.0005533034563995898,E,2
1,2,296,296,297,0.4236012266867179,-0.001217386801727116,T,2
1,2,297,297,298,0.4236012266867179,0.002462622709572315,F,2
1,2,298,298,299,0.4236012266867179,-0.0004894440062344074,H,2
1,2,299,299,300,0.4236012266867179,0.0006583035574294627,A,2
1,2,300,300,301,0.4236012266867179,0.00038615407538600266,S,2
1,2,301,301,302,0.4236012266867179,-0.0001454028533771634,Q,2
1,2,302,302,303,0.4236012266867179,0.00022645300487056375,P,2
1,2,303,303,304,0.4236012266867179,0.0009184132213704288,S,2
1,2,304,304,305,0.4236012266867179,0.0032117613591253757,L,2
1,2,305,305,306,0.4236012266867179,0.0016860786126926541,T,2
1,2,306,306,307,0.4236012266867179,0.0037186723202466965,V,2
1,2,307,307,308,0.4236012266867179,-0.0004357971192803234,D,2
1,2,308,308,309,0.4236012266867179,-0.0008589709759689867,G,2
1,2,309,309,310,0.4236012266867179,0.0017821892397478223,F,2
1,2,310,310,311,0.4236012266867179,-0.0018459876300767064,T,2
1,2,311,311,312,0.4236012266867179,-0.00024277897318825126,D,2
1,2,312,312,313,0.4236012266867179,0.000759084417950362,P,2
1,2,313,313,314,0.4236012266867179,-0.001510133733972907,S,2
1,2,314,314,315,0.4236012266867179,-0.0014443083200603724,N,2
1,2,315,315,316,0.4236012266867179,-0.0014063186245039105,S,2
1,2,316,316,317,0.4236012266867179,-0.0014563626609742641,E,2
1,2,317,317,318,0.4236012266867179,-0.00038289325311779976,R,2
1,2,318,318,319,0.4236012266867179,0.0006661261431872845,F,2
1,2,319,319,320,0.4236012266867179,0.0006368827889673412,C,2
1,2,320,320,321,0.4236012266867179,0.0022322547156363726,L,2
1,2,321,321,322,0.4236012266867179,-0.00146206293720752,G,2
1,2,322,322,323,0.4236012266867179,0.0025303675793111324,L,2
1,2,323,323,324,0.4236012266867179,0.0025303675793111324,L,2
1,2,324,324,325,0.4236012266867179,0.0007374822744168341,S,2
1,2,325,325,326,0.4236012266867179,0.0009545545326545835,N,2
1,2,326,326,327,0.4236012266867179,-0.0006155706942081451,V,2
1,2,327,327,328,0.4236012266867179,0.0011567133478820324,N,2
1,2,328,328,329,0.4236012266867179,0.0007112562889233232,R,2
1,2,329,329,330,0.4236012266867179,0.0004321671440266073,N,2
1,2,330,330,331,0.4236012266867179,9.028185741044581e-05,A,2
1,2,331,331,332,0.4236012266867179,-0.0005767287802882493,T,2
1,2,332,332,333,0.4236012266867179,-0.0010338673600926995,V,2
1,2,333,333,334,0.4236012266867179,0.0008872727630659938,E,2
1,2,334,334,335,0.4236012266867179,0.0008827317506074905,M,2
1,2,335,335,336,0.4236012266867179,-7.058394544401381e-07,T,2
1,2,336,336,337,0.4236012266867179,0.0010231536580249667,R,2
1,2,337,337,338,0.4236012266867179,0.0010231536580249667,R,2
1,2,338,338,339,0.4236012266867179,0.0017069290624931455,H,2
1,2,339,339,340,0.4236012266867179,0.0023885322734713554,I,2
1,2,340,340,341,0.4236012266867179,0.0014186776243150234,G,2
1,2,341,341,342,0.4236012266867179,0.00032751268008723855,R,2
1,2,342,342,343,0.4236012266867179,0.00038762789336033165,G,2
1,2,343,343,344,0.4236012266867179,0.001768043963238597,V,2
1,2,344,344,345,0.4236012266867179,0.0009590890258550644,R,2
1,2,345,345,346,0.4236012266867179,0.0005105785094201565,L,2
1,2,346,346,347,0.4236012266867179,0.0013275404926389456,Y,2
1,2,347,347,348,0.4236012266867179,0.0013275404926389456,Y,2
1,2,348,348,349,0.4236012266867179,0.0009442785521969199,I,2
1,2,349,349,350,0.4236012266867179,-0.0013104475801810622,G,2
1,2,350,350,351,0.4236012266867179,-0.0013104475801810622,G,2
1,2,351,351,352,0.4236012266867179,4.8285644879797474e-05,E,2
1,2,352,352,353,0.4236012266867179,0.0007929843850433826,V,2
1,2,353,353,354,0.4236012266867179,0.0018165804212912917,F,2
1,2,354,354,355,0.4236012266867179,0.0013681916752830148,A,2
1,2,355,355,356,0.4236012266867179,3.1723451684229076e-05,E,2
1,2,356,356,357,0.4236012266867179,0.0010155831696465611,C,2
1,2,357,357,358,0.4236012266867179,0.001046162098646164,L,2
1,2,358,358,359,0.4236012266867179,2.6197012630291283e-05,S,2
1,2,359,359,360,0.4236012266867179,-0.0006787176826037467,D,2
1,2,360,360,361,0.4236012266867179,-2.743570803431794e-05,S,2
1,2,361,361,362,0.4236012266867179,0.00022974867897573858,A,2
1,2,362,362,363,0.4236012266867179,0.0003180083876941353,I,2
1,2,363,363,364,0.4236012266867179,0.00045586872147396207,F,2
1,2,364,364,365,0.4236012266867179,0.0004358119913376868,V,2
1,2,365,365,366,0.4236012266867179,0.001083799172192812,Q,2
1,2,366,366,367,0.4236012266867179,0.0017026832792907953,S,2
1,2,367,367,368,0.4236012266867179,0.0014919210225343704,P,2
1,2,368,368,369,0.4236012266867179,0.0005130942445248365,N,2
1,2,369,369,370,0.4236012266867179,0.0004241895512677729,C,2
1,2,370,370,371,0.4236012266867179,0.0009324726415798068,N,2
1,2,371,371,372,0.4236012266867179,0.000839108950458467,Q,2
1,2,372,372,373,0.4236012266867179,0.0009181474451906979,R,2
1,2,373,373,374,0.4236012266867179,-7.37830123398453e-05,Y,2
1,2,374,374,375,0.4236012266867179,-9.33269620873034e-05,G,2
1,2,375,375,376,0.4236012266867179,0.00019957919721491635,W,2
1,2,376,376,377,0.4236012266867179,-0.0001229301415150985,H,2
1,2,377,377,378,0.4236012266867179,-0.00036001219996251166,P,2
1,2,378,378,379,0.4236012266867179,0.00026875449111685157,A,2
1,2,379,379,380,0.4236012266867179,0.0002550886129029095,T,2
1,2,380,380,381,0.4236012266867179,-5.234843411017209e-05,V,2
1,2,381,381,382,0.4236012266867179,-6.439726712414995e-05,C,2
1,2,382,382,383,0.4236012266867179,0.0012178027536720037,K,2
1,2,383,383,384,0.4236012266867179,0.0008155196555890143,I,2
1,2,384,384,385,0.4236012266867179,0.003319067880511284,P,2
1,2,385,385,386,0.4236012266867179,0.003319067880511284,P,2
1,2,386,386,387,0.4236012266867179,0.0006451395456679165,G,2
1,2,387,387,388,0.4236012266867179,-0.0004074820317327976,C,2
1,2,388,388,389,0.4236012266867179,-0.00048185695777647197,N,2
1,2,389,389,390,0.4236012266867179,0.0007322869496420026,L,2
1,2,390,390,391,0.4236012266867179,0.00037064775824546814,K,2
1,2,391,391,392,0.4236012266867179,0.00042145553743466735,I,2
1,2,392,392,393,0.4236012266867179,0.0007503796950913966,F,2
1,2,393,393,394,0.4236012266867179,0.000207639328436926,N,2
1,2,394,394,395,0.4236012266867179,0.000207639328436926,N,2
1,2,395,395,396,0.4236012266867179,0.0004409482062328607,Q,2
1,2,396,396,397,0.4236012266867179,0.0005193116376176476,E,2
1,2,397,397,398,0.4236012266867179,0.0006466988706961274,F,2
1,2,398,398,399,0.4236012266867179,0.0006172878784127533,A,2
1,2,399,399,400,0.4236012266867179,0.0006172878784127533,A,2
1,2,400,400,401,0.4236012266867179,0.0006943612825125456,L,2
1,2,401,401,402,0.4236012266867179,0.0006943612825125456,L,2
1,2,402,402,403,0.4236012266867179,0.0002945025626104325,A,2
1,2,403,403,404,0.4236012266867179,3.400078639970161e-05,Q,2
1,2,404,404,405,0.4236012266867179,0.00023354525910690427,S,2
1,2,405,405,406,0.4236012266867179,0.0005751380231231451,V,2
1,2,406,406,407,0.4236012266867179,0.0002789623977150768,N,2
1,2,407,407,408,0.4236012266867179,0.0003476256097201258,Q,2
1,2,408,408,409,0.4236012266867179,0.0002159810101147741,G,2
1,2,409,409,410,0.4236012266867179,0.000848217576276511,F,2
1,2,410,410,411,0.4236012266867179,0.00048633370897732675,E,2
1,2,411,411,412,0.4236012266867179,0.0006828723708167672,A,2
1,2,412,412,413,0.4236012266867179,0.00020782300271093845,V,2
1,2,413,413,414,0.4236012266867179,0.0004163351550232619,Y,2
1,2,414,414,415,0.4236012266867179,0.00034724126453511417,Q,2
1,2,415,415,416,0.4236012266867179,0.0004840664332732558,L,2
1,2,416,416,417,0.4236012266867179,0.0004921858198940754,T,2
1,2,417,417,418,0.4236012266867179,0.000311297073494643,R,2
1,2,418,418,419,0.4236012266867179,0.00041966719436459243,M,2
1,2,419,419,420,0.4236012266867179,0.0004663848376367241,C,2
1,2,420,420,421,0.4236012266867179,7.617615483468398e-05,T,2
1,2,421,421,422,0.4236012266867179,0.0003019053547177464,I,2
1,2,422,422,423,0.4236012266867179,0.0004595076898112893,R,2
1,2,423,423,424,0.4236012266867179,-9.231978037860245e-05,M,2
1,2,424,424,425,0.4236012266867179,0.0004872145364060998,S,2
1,2,425,425,426,0.4236012266867179,0.0007642515120096505,F,2
1,2,426,426,427,0.4236012266867179,0.000513564154971391,V,2
1,2,427,427,428,0.4236012266867179,0.0017535850638523698,K,2
1,2,428,428,429,0.4236012266867179,-0.00012281328963581473,G,2
1,2,429,429,430,0.4236012266867179,0.0006644880049861968,W,2
1,2,430,430,431,0.4236012266867179,-1.2614164006663486e-05,G,2
1,2,431,431,432,0.4236012266867179,0.0003328283492010087,A,2
1,2,432,432,433,0.4236012266867179,0.0002474019711371511,E,2
1,2,433,433,434,0.4236012266867179,0.0004945681430399418,Y,2
1,2,434,434,435,0.4236012266867179,5.24755560036283e-05,R,2
1,2,435,435,436,0.4236012266867179,5.24755560036283e-05,R,2
1,2,436,436,437,0.4236012266867179,0.00010907781688729301,Q,2
1,2,437,437,438,0.4236012266867179,7.864040526328608e-05,T,2
1,2,438,438,439,0.4236012266867179,0.0001487226691097021,V,2
1,2,439,439,440,0.4236012266867179,3.706029383465648e-05,T,2
1,2,440,440,441,0.4236012266867179,0.00014551666390616447,S,2
1,2,441,441,442,0.4236012266867179,3.089522579102777e-05,T,2
1,2,442,442,443,0.4236012266867179,-0.0001771820243448019,P,2
1,2,443,443,444,0.4236012266867179,-0.00010179809760302305,C,2
1,2,444,444,445,0.4236012266867179,0.00020967127056792378,W,2
1,2,445,445,446,0.4236012266867179,-4.517818888416514e-05,I,2
1,2,446,446,447,0.4236012266867179,0.0004247519827913493,E,2
1,2,447,447,448,0.4236012266867179,1.1973481377935968e-05,L,2
1,2,448,448,449,0.4236012266867179,3.5552409826777875e-05,H,2
1,2,449,449,450,0.4236012266867179,0.00018291964079253376,L,2
1,2,450,450,451,0.4236012266867179,7.925898535177112e-05,N,2
1,2,451,451,452,0.4236012266867179,2.8153286621090956e-05,G,2
1,2,452,452,453,0.4236012266867179,0.00027264654636383057,P,2
1,2,453,453,454,0.4236012266867179,0.00029174689552746713,L,2
1,2,454,454,455,0.4236012266867179,0.00030387885635718703,Q,2
1,2,455,455,456,0.4236012266867179,0.00034903964842669666,W,2
1,2,456,456,457,0.4236012266867179,0.000307562731904909,L,2
1,2,457,457,458,0.4236012266867179,0.00018800506950356066,D,2
1,2,458,458,459,0.4236012266867179,0.00028662916156463325,K,2
1,2,459,459,460,0.4236012266867179,0.00024215439043473452,V,2
1,2,460,460,461,0.4236012266867179,0.0003314373316243291,L,2
1,2,461,461,462,0.4236012266867179,0.00013922195648774505,T,2
1,2,462,462,463,0.4236012266867179,0.0003030921798199415,Q,2
1,2,463,463,464,0.4236012266867179,0.0002098803670378402,M,2
1,2,464,464,465,0.4236012266867179,0.00016138129285536706,G,2
1,2,465,465,466,0.4236012266867179,0.00011898669617949054,S,2
1,2,466,466,467,0.4236012266867179,0.00014310416008811444,P,2
1,2,467,467,468,0.4236012266867179,0.00014799258497077972,S,2
1,2,468,468,469,0.4236012266867179,0.00013587702414952219,V,2
1,2,469,469,470,0.4236012266867179,0.00016206706641241908,R,2
1,2,470,470,471,0.4236012266867179,0.0002702865458559245,C,2
1,2,471,471,472,0.4236012266867179,0.00014560377167072147,E,2
1,2,472,472,473,0.4236012266867179,0.00014560377167072147,E,2
1,2,473,473,474,0.4236012266867179,0.00018059001013170928,M,2
1,2,474,474,475,0.4236012266867179,0.00015109476225916296,E,2
1,3,0,0,1,0.4117934448191204,0.0009141898481175303,G,3
1,3,1,1,2,0.4117934448191204,0.001926859375089407,C,3
1,3,2,2,3,0.4117934448191204,-0.005015643313527107,Q,3
1,3,3,3,4,0.4117934448191204,-0.0033312805462628603,T,3
1,3,4,4,5,0.4117934448191204,-0.0034657176584005356,S,3
1,3,5,5,6,0.4117934448191204,-0.0018036989495158195,R,3
1,3,6,6,7,0.4117934448191204,-8.660618914291263e-05,G,3
1,3,7,7,8,0.4117934448191204,0.0012733184266835451,L,3
1,3,8,8,9,0.4117934448191204,0.0018756863428279757,F,3
1,3,9,9,10,0.4117934448191204,-0.0004947656416334212,G,3
1,3,10,10,11,0.4117934448191204,0.0008317584288306534,N,3
1,3,11,11,12,0.4117934448191204,0.0008317584288306534,N,3
1,3,12,12,13,0.4117934448191204,0.0008317584288306534,N,3
1,3,13,13,14,0.4117934448191204,-0.003932255785912275,T,3
1,3,14,14,15,0.4117934448191204,-0.0006349980249069631,N,3
1,3,15,15,16,0.4117934448191204,-0.0006349980249069631,N,3
1,3,16,16,17,0.4117934448191204,-0.005300942808389664,I,3
1,3,17,17,18,0.4117934448191204,-0.001612770720385015,N,3
1,3,18,18,19,0.4117934448191204,-0.001612770720385015,N,3
1,3,19,19,20,0.4117934448191204,0.0019097296753898263,S,3
1,3,20,20,21,0.4117934448191204,0.0019097296753898263,S,3
1,3,21,21,22,0.4117934448191204,0.0019097296753898263,S,3
1,3,22,22,23,0.4117934448191204,0.0011848976137116551,G,3
1,3,23,23,24,0.4117934448191204,0.0008858917281031609,M,3
1,3,24,24,25,0.4117934448191204,-0.001457289094105363,N,3
1,3,25,25,26,0.4117934448191204,-0.001457289094105363,N,3
1,3,26,26,27,0.4117934448191204,-0.0019319120328873396,A,3
1,3,27,27,28,0.4117934448191204,-0.0020216864068061113,S,3
1,3,28,28,29,0.4117934448191204,-0.0013617995427921414,A,3
1,3,29,29,30,0.4117934448191204,-0.0020292559638619423,G,3
1,3,30,30,31,0.4117934448191204,-0.0015063912142068148,L,3
1,3,31,31,32,0.4117934448191204,-0.0015414681984111667,F,3
1,3,32,32,33,0.4117934448191204,-0.0010237990645691752,G,3
1,3,33,33,34,0.4117934448191204,-0.0011672216933220625,S,3
1,3,34,34,35,0.4117934448191204,-0.003265709150582552,K,3
1,3,35,35,36,0.4117934448191204,-0.002017918275669217,P,3
1,3,36,36,37,0.4117934448191204,0.007347680162638426,U,3
1,3,37,37,38,0.4117934448191204,-0.000535976083483547,A,3
1,4,0,0,1,0.38211100061017383,0.003554647322744131,D,4
1,4,1,1,2,0.38211100061017383,-0.0033324183896183968,S,4
1,4,2,2,3,0.38211100061017383,-0.002433881163597107,H,4
1,4,3,3,4,0.38211100061017383,0.0021236008033156395,A,4
1,4,4,4,5,0.38211100061017383,0.00036870106123387814,K,4
1,4,5,5,6,0.38211100061017383,-0.0005814674659632146,R,4
1,4,6,6,7,0.38211100061017383,-0.0024566794745624065,H,4
1,4,7,7,8,0.38211100061017383,-0.0024566794745624065,H,4
1,4,8,8,9,0.38211100061017383,-0.00012744862760882825,G,4
1,4,9,9,10,0.38211100061017383,0.0005209536175243556,Y,4
1,4,10,10,11,0.38211100061017383,-0.0020668504294008017,K,4
1,4,11,11,12,0.38211100061017383,-0.00039012281922623515,R,4
1,4,12,12,13,0.38211100061017383,-0.0028644506819546223,K,4
1,4,13,13,14,0.38211100061017383,0.0017289583338424563,F,4
1,4,14,14,15,0.38211100061017383,-0.004042567685246468,H,4
1,4,15,15,16,0.38211100061017383,-0.004332811571657658,E,4
1,4,16,16,17,0.38211100061017383,-0.0022779398132115602,K,4
1,4,17,17,18,0.38211100061017383,-0.0022386331111192703,H,4
1,4,18,18,19,0.38211100061017383,-0.0022386331111192703,H,4
1,4,19,19,20,0.38211100061017383,-0.005323218647390604,S,4
1,4,20,20,21,0.38211100061017383,-0.002896146848797798,H,4
1,4,21,21,22,0.38211100061017383,-0.0023220316506922245,R,4
1,4,22,22,23,0.38211100061017383,-0.0028009149245917797,G,4
1,4,23,23,24,0.38211100061017383,-0.002219114452600479,Y,4
1,5,0,0,1,0.3873930181270371,0.0034821985755115747,M,5
1,5,1,1,2,0.3873930181270371,-0.0011206147028133273,Q,5
1,5,2,2,3,0.3873930181270371,-0.0013950399588793516,T,5
1,5,3,3,4,0.3873930181270371,-0.00016008829697966576,F,5
1,5,4,4,5,0.3873930181270371,-0.0011646872153505683,S,5
1,5,5,5,6,0.3873930181270371,-0.0011646872153505683,S,5
1,5,6,6,7,0.3873930181270371,0.0015714281471446157,L,5
1,5,7,7,8,0.3873930181270371,0.0015714281471446157,L,5
1,5,8,8,9,0.3873930181270371,0.0015714281471446157,L,5
1,5,9,9,10,0.3873930181270371,0.0009074344416148961,A,5
1,5,10,10,11,0.3873930181270371,0.0012169115943834186,L,5
1,5,11,11,12,0.3873930181270371,0.001267354702576995,G,5
1,5,12,12,13,0.3873930181270371,0.0006471342639997602,L,5
1,5,13,13,14,0.3873930181270371,-0.0003027518396265805,F,5
1,5,14,14,15,0.3873930181270371,0.0002990495995618403,S,5
1,5,15,15,16,0.3873930181270371,0.00028051133267581463,E,5
1,5,16,16,17,0.3873930181270371,0.002016480080783367,A,5
1,5,17,17,18,0.3873930181270371,0.001217264449223876,S,5
1,5,18,18,19,0.3873930181270371,0.001086417236365378,A,5
1,5,19,19,20,0.3873930181270371,0.00017808256961870939,Q,5
1,5,20,20,21,0.3873930181270371,0.0007771868258714676,L,5
1,5,21,21,22,0.3873930181270371,0.00022683166025672108,A,5
1,5,22,22,23,0.3873930181270371,0.00022683166025672108,A,5
1,5,23,23,24,0.3873930181270371,-0.00044860102934762836,W,5
1,5,24,24,25,0.3873930181270371,0.0011843714164569974,P,5
1,5,25,25,26,0.3873930181270371,0.00026461834204383194,S,5
1,5,26,26,27,0.3873930181270371,0.0005443773698061705,Q,5
1,5,27,27,28,0.3873930181270371,0.00016357643471565098,S,5
1,5,28,28,29,0.3873930181270371,7.553792966064066e-05,Y,5
1,5,29,29,30,0.3873930181270371,0.00010854946594918147,S,5
1,5,30,30,31,0.3873930181270371,0.001271041575819254,P,5
1,5,31,31,32,0.3873930181270371,-0.0002093257353408262,F,5
1,5,32,32,33,0.3873930181270371,-0.0003792420611716807,Y,5
1,5,33,33,34,0.3873930181270371,0.0031714225187897682,Q,5
1,5,34,34,35,0.3873930181270371,0.00013782833411823958,A,5
1,5,35,35,36,0.3873930181270371,-0.0004897561157122254,L,5
1,5,36,36,37,0.3873930181270371,-0.00026747360243462026,F,5
1,5,37,37,38,0.3873930181270371,-0.00010218829265795648,G,5
1,5,38,38,39,0.3873930181270371,-0.00010218829265795648,G,5
1,5,39,39,40,0.3873930181270371,0.0005703073111362755,A,5
1,5,40,40,41,0.3873930181270371,0.00026114427600987256,S,5
1,5,41,41,42,0.3873930181270371,-0.0002218024164903909,T,5
1,5,42,42,43,0.3873930181270371,0.0015871167415753007,P,5
1,5,43,43,44,0.3873930181270371,0.0005022656405344605,V,5
1,5,44,44,45,0.3873930181270371,-0.00012634308950509876,L,5
1,5,45,45,46,0.3873930181270371,0.0003006160550285131,S,5
1,5,46,46,47,0.3873930181270371,0.0016277679242193699,A,5
1,5,47,47,48,0.3873930181270371,0.001320837764069438,P,5
1,5,48,48,49,0.3873930181270371,0.0012336551444604993,V,5
1,5,49,49,50,0.3873930181270371,-0.0001547578431200236,A,5
1,5,50,50,51,0.3873930181270371,-0.0005832052556797862,K,5
1,5,51,51,52,0.3873930181270371,-0.00018905792967416346,T,5
1,5,52,52,53,0.3873930181270371,0.0004967186832800508,A,5
1,5,53,53,54,0.3873930181270371,0.000746115401852876,P,5
1,5,54,54,55,0.3873930181270371,0.0001227298635058105,S,5
1,5,55,55,56,0.3873930181270371,0.000198908950551413,A,5
1,5,56,56,57,0.3873930181270371,-0.0011005080305039883,I,5
1,5,57,57,58,0.3873930181270371,-0.0011925401631742716,P,5
1,5,58,58,59,0.3873930181270371,-0.00041692183003760874,L,5
1,5,59,59,60,0.3873930181270371,0.0003150631091557443,A,5
1,5,60,60,61,0.3873930181270371,0.0003150631091557443,A,5
1,5,61,61,62,0.3873930181270371,0.0006923299515619874,P,5
1,5,62,62,63,0.3873930181270371,0.0004954447504132986,A,5
1,5,63,63,64,0.3873930181270371,-0.0003001329314429313,L,5
1,5,64,64,65,0.3873930181270371,-0.0004229595942888409,P,5
1,5,65,65,66,0.3873930181270371,0.0009904809994623065,V,5
1,5,66,66,67,0.3873930181270371,-0.00027300548390485346,P,5
1,5,67,67,68,0.3873930181270371,0.0011658025905489922,V,5
1,5,68,68,69,0.3873930181270371,-0.00017087042215280235,A,5
1,5,69,69,70,0.3873930181270371,-0.00017087042215280235,A,5
1,5,70,70,71,0.3873930181270371,-0.00017087042215280235,A,5
1,5,71,71,72,0.3873930181270371,0.0012075038393959403,P,5
1,5,72,72,73,0.3873930181270371,0.0006323598208837211,F,5
1,5,73,73,74,0.3873930181270371,0.0006323598208837211,F,5
1,5,74,74,75,0.3873930181270371,0.0007986669661477208,A,5
1,5,75,75,76,0.3873930181270371,-0.00015490592340938747,S,5
1,5,76,76,77,0.3873930181270371,7.957868365338072e-05,P,5
1,5,77,77,78,0.3873930181270371,0.0005637941649183631,A,5
1,5,78,78,79,0.3873930181270371,0.00023376102035399526,P,5
1,5,79,79,80,0.3873930181270371,0.0008411758462898433,V,5
1,5,80,80,81,0.3873930181270371,5.34959981450811e-05,L,5
1,5,81,81,82,0.3873930181270371,-0.00015888773486949503,A,5
1,5,82,82,83,0.3873930181270371,-0.00015888773486949503,A,5
1,5,83,83,84,0.3873930181270371,0.00024106141063384712,P,5
1,5,84,84,85,0.3873930181270371,0.00030633813003078103,A,5
1,5,85,85,86,0.3873930181270371,0.00012646685354411602,P,5
1,5,86,86,87,0.3873930181270371,-0.000202864408493042,L,5
1,5,87,87,88,0.3873930181270371,-0.000202864408493042,L,5
1,5,88,88,89,0.3873930181270371,0.0001248096232302487,A,5
1,5,89,89,90,0.3873930181270371,-0.00031905228388495743,P,5
1,5,90,90,91,0.3873930181270371,-0.00031905228388495743,P,5
1,5,91,91,92,0.3873930181270371,0.00011881542013725266,A,5
1,5,92,92,93,0.3873930181270371,-8.801010153547395e-06,P,5
1,5,93,93,94,0.3873930181270371,0.00023302636691369116,V,5
1,5,94,94,95,0.3873930181270371,-0.0004067179106641561,F,5
1,5,95,95,96,0.3873930181270371,-0.0002444106503389776,A,5
1,5,96,96,97,0.3873930181270371,-0.0002444106503389776,A,5
1,5,97,97,98,0.3873930181270371,0.0002575390972197056,P,5
1,5,98,98,99,0.3873930181270371,-0.0008061964181251824,R,5
1,5,99,99,100,0.3873930181270371,0.0009428919292986393,P,5
1,5,100,100,101,0.3873930181270371,0.001148188952356577,V,5
1,5,101,101,102,0.3873930181270371,0.00012493015674408525,F,5
1,5,102,102,103,0.3873930181270371,-0.000154530382133089,A,5
1,5,103,103,104,0.3873930181270371,-0.000154530382133089,A,5
1,5,104,104,105,0.3873930181270371,0.0006551850237883627,P,5
1,5,105,105,106,0.3873930181270371,1.6025518561946228e-05,A,5
1,5,106,106,107,0.3873930181270371,0.0003577154129743576,L,5
1,5,107,107,108,0.3873930181270371,0.0003771401534322649,A,5
1,5,108,108,109,0.3873930181270371,0.00039860152173787355,P,5
1,5,109,109,110,0.3873930181270371,0.0004945136606693268,V,5
1,5,110,110,111,0.3873930181270371,0.0006563815986737609,A,5
1,5,111,111,112,0.3873930181270371,0.0008077113889157772,P,5
1,5,112,112,113,0.3873930181270371,-0.0004750942171085626,M,5
1,5,113,113,114,0.3873930181270371,5.598165807896294e-05,A,5
1,5,114,114,115,0.3873930181270371,0.0001361834438284859,P,5
1,5,115,115,116,0.3873930181270371,0.0009731836034916341,V,5
1,5,116,116,117,0.3873930181270371,0.0006922814063727856,L,5
1,5,117,117,118,0.3873930181270371,-0.000894291908480227,R,5
1,5,118,118,119,0.3873930181270371,-0.000686529790982604,G,5
1,5,119,119,120,0.3873930181270371,0.00013511440192814916,P,5
1,5,120,120,121,0.3873930181270371,0.00011491711484268308,A,5
1,5,121,121,122,0.3873930181270371,0.0011133602820336819,F,5
1,5,122,122,123,0.3873930181270371,0.0007871203124523163,A,5
1,5,123,123,124,0.3873930181270371,0.001065008225850761,Y,5
1,5,124,124,125,0.3873930181270371,0.00044928016723133624,A,5
1,5,125,125,126,0.3873930181270371,0.001130730495788157,P,5
1,5,126,126,127,0.3873930181270371,0.0008696903823874891,S,5
1,5,127,127,128,0.3873930181270371,0.0005975752719677985,P,5
1,5,128,128,129,0.3873930181270371,0.0005922024720348418,V,5
1,5,129,129,130,0.3873930181270371,0.00019871818949468434,L,5
1,5,130,130,131,0.3873930181270371,0.00048707195674069226,A,5
1,5,131,131,132,0.3873930181270371,0.0001933499297592789,P,5
1,5,132,132,133,0.3873930181270371,0.0008153574308380485,V,5
1,5,133,133,134,0.3873930181270371,-0.0009730416932143271,G,5
1,5,134,134,135,0.3873930181270371,0.000577263708692044,V,5
1,5,135,135,136,0.3873930181270371,0.0003327859449200332,A,5
1,5,136,136,137,0.3873930181270371,0.0002007114380830899,P,5
1,5,137,137,138,0.3873930181270371,0.0004946693661622703,V,5
1,5,138,138,139,0.3873930181270371,0.00021213754371274263,A,5
1,5,139,139,140,0.3873930181270371,0.00021385530999395996,P,5
1,5,140,140,141,0.3873930181270371,0.0009563136263750494,A,5
1,5,141,141,142,0.3873930181270371,0.00046400961582548916,P,5
1,5,142,142,143,0.3873930181270371,0.00044191780034452677,V,5
1,5,143,143,144,0.3873930181270371,0.0003577719035092741,F,5
1,5,144,144,145,0.3873930181270371,8.087712194537744e-05,A,5
1,5,145,145,146,0.3873930181270371,8.087712194537744e-05,A,5
1,5,146,146,147,0.3873930181270371,0.00015178765170276165,P,5
1,5,147,147,148,0.3873930181270371,0.000264945556409657,A,5
1,5,148,148,149,0.3873930181270371,0.0007555023767054081,F,5
1,5,149,149,150,0.3873930181270371,0.0003065105411224067,A,5
1,5,150,150,151,0.3873930181270371,0.00029574529617093503,P,5
1,5,151,151,152,0.3873930181270371,0.0005827299319207668,V,5
1,5,152,152,153,0.3873930181270371,0.0005775965400971472,A,5
1,5,153,153,154,0.3873930181270371,0.00032395945163443685,P,5
1,5,154,154,155,0.3873930181270371,0.0004957874189130962,V,5
1,5,155,155,156,0.3873930181270371,0.00022912019630894065,L,5
1,5,156,156,157,0.3873930181270371,0.0003378572582732886,A,5
1,5,157,157,158,0.3873930181270371,0.0003378572582732886,A,5
1,5,158,158,159,0.3873930181270371,0.0002463302807882428,P,5
1,5,159,159,160,0.3873930181270371,0.0001259291311725974,R,5
1,5,160,160,161,0.3873930181270371,0.0006302409456111491,F,5
1,5,161,161,162,0.3873930181270371,0.00048378430074080825,V,5
1,5,162,162,163,0.3873930181270371,-0.0001432935823686421,P,5
1,5,163,163,164,0.3873930181270371,0.0006741035613231361,A,5
1,5,164,164,165,0.3873930181270371,-0.00016703741857782006,Y,5
1,5,165,165,166,0.3873930181270371,0.00021307745191734284,A,5
1,5,166,166,167,0.3873930181270371,0.00031419997685588896,P,5
1,5,167,167,168,0.3873930181270371,0.00033307538251392543,F,5
1,5,168,168,169,0.3873930181270371,0.0003881985612679273,A,5
1,5,169,169,170,0.3873930181270371,-0.0003365901648066938,R,5
1,5,170,170,171,0.3873930181270371,9.449212666368112e-05,A,5
1,5,171,171,172,0.3873930181270371,9.449212666368112e-05,A,5
1,5,172,172,173,0.3873930181270371,-0.0004871219571214169,M,5
1,5,173,173,174,0.3873930181270371,0.00026887728017754853,F,5
1,5,174,174,175,0.3873930181270371,-1.2420478924468625e-05,I,5
1,5,175,175,176,0.3873930181270371,-0.00014372874284163117,G,5
1,5,176,176,177,0.3873930181270371,-0.00024360092356801033,S,5
1,5,177,177,178,0.3873930181270371,-0.0005716810701414943,N,5
1,5,178,178,179,0.3873930181270371,-0.0005787271657027304,K,5
1,5,179,179,180,0.3873930181270371,-0.00019131106091663241,A,5
1,5,180,180,181,0.3873930181270371,-0.0005306927487254143,K,5
1,5,181,181,182,0.3873930181270371,-0.0004348461516201496,T,5
1,5,182,182,183,0.3873930181270371,-0.00034755561500787735,A,5
