AA,count_all,global_freq,mean_effect,std_effect,count_top,freq_top,count_bottom,freq_bottom,log2_enrich_top,log2_enrich_bottom
A,2927,0.07754669492648032,0.0,0.0,351,0.06200317965023847,591,0.10439851616322204,-0.32272308786641585,0.4289640025575889
C,374,0.009908597165187442,0.0,0.0,43,0.00759583112524289,49,0.00865571453806748,-0.38347294327949355,-0.19502787712341885
D,2135,0.05656378328255398,0.0,0.0,323,0.057057057057057055,317,0.05599717364423247,0.012526717539471802,-0.014524606536462722
E,3438,0.0910849119088621,0.0,0.0,584,0.1031619855149267,570,0.10068892421833599,0.17962744512160142,0.14462099563717334
F,997,0.02641409458206385,0.0,0.0,173,0.030559971736442326,105,0.018547959724430314,0.21033524340270343,-0.5100474359946783
G,3031,0.08030202675851106,0.0,0.0,408,0.07207207207207207,324,0.057233704292527825,-0.15599607518739772,-0.4885714090845738
H,896,0.023738243475957082,0.0,0.0,131,0.0231407878466702,109,0.019254548666313372,-0.036775201377140895,-0.3020138655544224
I,1291,0.03420320572261227,0.0,0.0,290,0.051227698286521815,119,0.021021021021021023,0.5827925082639374,-0.7022987779743931
K,2611,0.06917472512915618,0.0,0.0,394,0.06959901077548136,416,0.07348524995583819,0.008821794590297397,0.0872096921787853
L,2595,0.06875082792422837,0.0,0.0,427,0.0754283695460166,341,0.06023670729553082,0.13373015209143765,-0.1907341736811404
M,632,0.0167439395946483,0.0,0.0,90,0.01589825119236884,76,0.013425189895778131,-0.07477092969022973,-0.3186964958600403
N,1521,0.04029672804344946,0.0,0.0,266,0.046988164635223456,174,0.03073661897191309,0.2216347102521756,-0.3907042131663201
P,3021,0.08003709100543119,0.0,0.0,375,0.06624271330153683,538,0.0950362126832715,-0.27290696201720127,0.24780860855773226
Q,1725,0.04570141740627898,0.0,0.0,234,0.04133545310015898,275,0.04857798975446034,-0.1448592060613044,0.08806387756372411
R,1854,0.0491190886210094,0.0,0.0,253,0.04469175057410352,313,0.05529058470234941,-0.13627523344767553,0.1707500326025789
S,3341,0.08851503510398728,0.0,0.0,457,0.08072778661013955,613,0.10828475534357887,-0.132857193130759,0.2908357109540036
T,2174,0.057597032719565504,0.0,0.0,359,0.0634163575340046,340,0.06006006006006006,0.13886052407113886,0.06041142765708875
V,2088,0.055318585243078554,0.0,0.0,303,0.05352411234764176,272,0.04804804804804805,-0.047575294648669365,-0.2032864337993048
W,263,0.006967810306000795,0.0,0.0,40,0.007065889418830595,39,0.00688924218335983,0.020165820294955575,-0.016360050494840683
Y,831,0.022016161080937874,0.0,0.0,160,0.02826355767532238,80,0.01413177883766119,0.36038013120636503,-0.639619817749284
