res_index,mean_delta_Rg
0,0.0023972821328395043
1,0.0022765662112405743
2,0.0022811922513836535
3,0.002338485552389607
4,0.0026695502306567235
5,0.003285011644326657
6,0.004017629595616584
7,0.004659663065883359
8,0.005100821586703708
9,0.005461925287701234
10,0.005672824627943562
11,0.005792432643899416
12,0.005735254285682376
13,0.005517797791823404
14,0.004870281752095929
15,0.004160221332274543
16,0.003211359090858897
17,0.0021277252398878557
18,0.0009399880846333327
19,-8.526603709374369e-05
20,-0.0008632470048055754
21,-0.0013455032726469736
22,-0.001594181249010851
23,-0.0015714768327760567
24,-0.0013941168685434266
25,-0.0012400695596459282
26,-0.0008623552577404718
27,-0.00036318191660467694
28,0.0002955868693208224
29,0.0009597546659275887
30,0.0016902370338571437
31,0.0023032973509416787
32,0.0028489044568524944
33,0.00331680681363573
34,0.003672474314275071
35,0.0038871011881691456
36,0.0036252828028982913
37,0.0032172678627850676
38,0.0025311492573836534
39,0.0017287741920766243
40,0.0008512919027823237
41,-4.049792039451358e-05
42,-0.0008531785861070528
43,-0.0015308745327181057
44,-0.0021498144859672364
45,-0.0024521580230666687
46,-0.002414391739121766
47,-0.0023018374953518712
48,-0.0020065005255168185
49,-0.0015425051716711348
50,-0.0007770806406161913
51,0.00012878288579972556
52,0.001168559584031424
53,0.0020858064632118074
54,0.002785089532069281
55,0.0032808332339024342
56,0.0036849870095078062
57,0.004191083608005084
58,0.004564178670367057
59,0.004783229266484367
60,0.004846645425813407
61,0.004789915445201385
62,0.004446390110456892
63,0.003940688104365275
64,0.0032812706918221046
65,0.002530539930436619
66,0.001718715182373843
67,0.0007918693609642636
68,-0.00015935315467808665
69,-0.0009757056250931053
70,-0.0016842022733256359
71,-0.0020715823751263017
72,-0.002035085727124705
73,-0.001767130357754456
74,-0.0012902148797331195
75,-0.0006413770805643146
76,6.153435082279651e-05
77,0.0007149274561852436
78,0.0013323050597647348
79,0.0019338909374704148
80,0.002519436709528154
81,0.003124657324588304
82,0.003733309362280275
83,0.004221048718128627
84,0.00417071077379771
85,0.003913829983651935
86,0.0033133475472625603
87,0.0026786360715559325
88,0.0019144178720213068
89,0.0011775586753725279
90,0.0003763974623904756
91,-0.0005504305538509276
92,-0.0014034976510169188
93,-0.002154707581751841
94,-0.002554151984944779
95,-0.00258300021935238
96,-0.0021013732128677158
97,-0.001107644294378643
98,-7.815187532567389e-06
99,0.0011314400845130106
100,0.002185738412675897
101,0.0032050750755051984
102,0.0042153237536967
103,0.005121672330219096
104,0.005960255236448247
105,0.006681889120285514
106,0.007111701835807955
107,0.007263296667022093
108,0.007290178312819757
109,0.007105027535206129
110,0.006791216196459723
111,0.00609917384988699
112,0.005097842516484905
113,0.0039314467642333996
114,0.002888570477110678
115,0.0019184027014778947
116,0.0010419049913270306
117,0.00028267642448929093
118,-0.0003658030517659888
119,-0.000685495964960918
120,-0.0007372797748725774
121,-0.00040407648832149724
122,8.510007902049424e-05
123,0.0008865114917793242
124,0.001673022453501934
125,0.002455836168421431
126,0.0032442242766996237
127,0.0039519944552444146
128,0.0045561052680020975
129,0.00501337346809957
130,0.00538641759507989
131,0.00557689218559346
132,0.005410947441592187
133,0.004982649199144791
134,0.004391114409759745
135,0.003747631661505729
136,0.0031425579425162636
137,0.0027427761823444444
138,0.0023884244720190516
139,0.002204083644499886
