AA,count,mean_z_effect
A,884350.0,-0.00357127623961456
C,111325.0,0.047393244346391965
D,671335.0,-0.06522376153873304
E,1037705.0,-0.18050786354853865
F,308600.0,0.13752800281261582
G,926260.0,-0.05288295173033575
H,274320.0,0.08747360586986755
I,395485.0,0.09106243338858054
K,797345.0,-0.004374349924925819
L,791865.0,0.12220921386802804
M,168615.0,0.09870992804175693
N,462715.0,0.007424554883346523
P,896865.0,-0.024146465389436444
Q,518875.0,-0.01825131880092124
R,558810.0,0.16030885368427195
S,1011645.0,-0.0387673592877701
T,655210.0,-0.031364739909706695
V,628620.0,0.019804345817345605
W,82010.0,0.09304249717717297
Y,253530.0,0.1693771110164833
