AA,count,mean_delta_Rg
A,795305.0,-1.5323448684644986e-05
C,101010.0,-7.800751522316128e-05
D,586965.0,-7.357630162104083e-06
E,939490.0,-1.2433811866462632e-05
F,273490.0,-1.3488652746663384e-05
G,820290.0,-8.857290595483617e-06
H,243510.0,-2.4117519253843868e-05
I,353545.0,-1.1990700903575758e-05
K,719775.0,-1.430662497051795e-05
L,709705.0,-1.6809282949468757e-05
M,151465.0,-1.7881776191494308e-05
N,415420.0,-1.9300527166767404e-05
P,824790.0,-1.1883843144963582e-05
Q,473335.0,-9.902177190184579e-06
R,508605.0,-1.791768218160801e-05
S,905055.0,-1.0844381189730012e-05
T,594120.0,-8.105553625278994e-06
V,572115.0,-6.370679123413265e-06
W,72580.0,-1.7293867862526603e-05
Y,226980.0,-1.3432361504049233e-05
