model,seq_index,seq_id,start,end,motif,effect,score
model_1,152,152,35,38,PHE,0.0009577036730668564,0.0009577036730668564
model_1,152,152,36,39,HEK,0.000946509528563344,0.000946509528563344
model_1,152,152,24,27,RKN,0.0009132017807335635,0.0009132017807335635
model_1,152,152,40,43,RDD,0.0009119876246513337,0.0009119876246513337
model_1,152,152,34,37,LPH,0.0009098141240798663,0.0009098141240798663
model_1,152,152,23,26,VRK,0.0009043504956479653,0.0009043504956479653
model_1,152,152,47,50,VER,0.0009041688396703162,0.0009041688396703162
model_1,152,152,41,44,DDE,0.0009008611684120926,0.0009008611684120926
model_1,152,152,48,51,ERV,0.0008946369905864504,0.0008946369905864504
model_1,152,152,49,52,RVE,0.0008943867599192634,0.0008943867599192634
model_1,152,152,25,28,KNG,0.0008940016370342918,0.0008940016370342918
model_1,152,152,37,40,EKV,0.0008927403102964582,0.0008927403102964582
model_1,152,152,46,49,TVE,0.0008921717805399632,0.0008921717805399632
model_1,152,152,42,45,DEV,0.0008889864873430353,0.0008889864873430353
model_1,152,152,38,41,KVR,0.0008847224035062884,0.0008847224035062884
model_1,152,152,45,48,VTV,0.0008840597870227729,0.0008840597870227729
model_1,152,152,39,42,VRD,0.0008799935007215431,0.0008799935007215431
model_1,152,152,26,29,NGK,0.0008711412469558089,0.0008711412469558089
model_1,152,152,22,25,IVR,0.0008683551775180431,0.0008683551775180431
model_1,152,152,44,47,VVT,0.0008662763837933296,0.0008662763837933296
model_1,152,152,30,33,FDY,0.0008661526061349845,0.0008661526061349845
model_1,152,152,50,53,VEE,0.0008630182059389258,0.0008630182059389258
model_1,152,152,31,34,DYV,0.0008579870471436823,0.0008579870471436823
model_1,152,152,33,36,VLP,0.0008570446026593403,0.0008570446026593403
model_1,152,152,29,32,IFD,0.000852578242448998,0.000852578242448998
model_1,152,152,43,46,EVV,0.0008512188012979038,0.0008512188012979038
model_1,152,152,51,54,EEV,0.0008444584166563684,0.0008444584166563684
model_1,152,152,17,20,GDT,0.0008427962701181291,0.0008427962701181291
model_1,152,152,28,31,KIF,0.0008354032067959816,0.0008354032067959816
model_1,152,152,27,30,GKI,0.0008324439383636251,0.0008324439383636251
model_1,152,152,21,24,AIV,0.0008291608928491234,0.0008291608928491234
model_1,152,152,52,55,EVM,0.0008281214949688587,0.0008281214949688587
model_1,152,152,32,35,YVL,0.0008279443372838924,0.0008279443372838924
model_1,152,152,16,19,LGD,0.0008235089229906567,0.0008235089229906567
model_1,152,152,18,21,DTV,0.0008194752425677576,0.0008194752425677576
model_1,152,152,56,59,ELD,0.0008121172384802366,0.0008121172384802366
model_1,152,152,53,56,VMV,0.0007986166102046388,0.0007986166102046388
model_1,152,152,57,60,LDK,0.0007950888189954264,0.0007950888189954264
model_1,152,152,62,65,HHH,0.0007925154981721083,0.0007925154981721083
model_1,152,152,19,22,TVA,0.0007905387930091101,0.0007905387930091101
model_1,152,152,54,57,MVE,0.0007863658875324475,0.0007863658875324475
model_1,152,152,20,23,VAI,0.0007850022057969697,0.0007850022057969697
model_1,152,152,13,16,GYI,0.0007838611169648235,0.0007838611169648235
model_1,152,152,55,58,VEL,0.00078356583780953,0.00078356583780953
model_1,152,152,12,15,KGY,0.0007756632574743016,0.0007756632574743016
model_1,152,152,15,18,ILG,0.0007705297175432668,0.0007705297175432668
model_1,152,152,65,68,HHH,0.0007698564562236831,0.0007698564562236831
model_1,152,152,11,14,DKG,0.0007681119175891316,0.0007681119175891316
model_1,152,152,61,64,EHH,0.0007677066393426135,0.0007677066393426135
model_1,152,152,14,17,YIL,0.0007655794734285348,0.0007655794734285348
model_1,152,152,58,61,DKL,0.0007636938934348914,0.0007636938934348914
model_1,152,152,63,66,HHH,0.0007578076768138264,0.0007578076768138264
model_1,152,152,10,13,IDK,0.0007546524885868044,0.0007546524885868044
model_1,152,152,64,67,HHH,0.0007505926059717116,0.0007505926059717116
model_1,152,152,9,12,AID,0.0007497784034889987,0.0007497784034889987
model_1,152,152,60,63,LEH,0.0007420394021621091,0.0007420394021621091
model_1,152,152,4,7,DEF,0.0007312692394558784,0.0007312692394558784
model_1,152,152,5,8,EFK,0.0007046612958775955,0.0007046612958775955
model_1,152,152,3,6,IDE,0.0007041517403945097,0.0007041517403945097
model_1,152,152,8,11,EAI,0.0007024871774533037,0.0007024871774533037
model_1,152,152,59,62,KLE,0.0007009486779065988,0.0007009486779065988
model_1,152,152,2,5,YID,0.0006972495277826618,0.0006972495277826618
model_1,152,152,6,9,FKE,0.0006960281355024578,0.0006960281355024578
model_1,152,152,7,10,KEA,0.0006774783885449831,0.0006774783885449831
model_1,152,152,1,4,LYI,0.0006247759742147863,0.0006247759742147863
model_1,152,152,0,3,MLY,0.000601825406479739,0.000601825406479739
model_1,41,41,109,112,EAS,8.093464842695575e-05,8.093464842695575e-05
model_1,41,41,108,111,GEA,8.090828707540965e-05,8.090828707540965e-05
model_1,41,41,115,118,EEV,8.036697041813312e-05,8.036697041813312e-05
model_1,41,41,118,121,AEE,8.01239289434097e-05,8.01239289434097e-05
model_1,41,41,110,113,ASK,7.998538399817123e-05,7.998538399817123e-05
model_1,41,41,113,116,EKE,7.985735864302068e-05,7.985735864302068e-05
model_1,41,41,117,120,VAE,7.984317125975249e-05,7.984317125975249e-05
model_1,41,41,119,122,EEA,7.975431000689648e-05,7.975431000689648e-05
model_1,41,41,107,110,EGE,7.95648459551157e-05,7.95648459551157e-05
model_1,41,41,116,119,EVA,7.956372689083002e-05,7.956372689083002e-05
model_1,41,41,114,117,KEE,7.955789973201899e-05,7.955789973201899e-05
model_1,41,41,111,114,SKE,7.943627923739927e-05,7.943627923739927e-05
model_1,41,41,112,115,KEK,7.829460350272655e-05,7.829460350272655e-05
model_1,41,41,106,109,QEG,7.785750288663573e-05,7.785750288663573e-05
model_1,41,41,120,123,EAQ,7.730442309561436e-05,7.730442309561436e-05
model_1,41,41,105,108,QQE,7.644840116799445e-05,7.644840116799445e-05
model_1,41,41,99,102,LRP,7.632134113516598e-05,7.632134113516598e-05
model_1,41,41,104,107,PQQ,7.616262286846975e-05,7.616262286846975e-05
model_1,41,41,103,106,APQ,7.611360797110667e-05,7.611360797110667e-05
model_1,41,41,95,98,RKE,7.608629383815124e-05,7.608629383815124e-05
model_1,41,41,100,103,RPS,7.584094716889256e-05,7.584094716889256e-05
model_1,41,41,101,104,PSA,7.551411806933084e-05,7.551411806933084e-05
model_1,41,41,121,124,AQS,7.544253907021403e-05,7.544253907021403e-05
model_1,41,41,102,105,SAP,7.537728507656105e-05,7.537728507656105e-05
model_1,41,41,97,100,EDL,7.526249576578214e-05,7.526249576578214e-05
model_1,41,41,98,101,DLR,7.501360785872047e-05,7.501360785872047e-05
model_1,41,41,96,99,KED,7.494624164788855e-05,7.494624164788855e-05
model_1,41,41,94,97,VRK,7.323093935163172e-05,7.323093935163172e-05
model_1,41,41,122,125,QSG,7.284952251612742e-05,7.284952251612742e-05
model_1,41,41,90,93,TSG,7.260009290560587e-05,7.260009290560587e-05
model_1,41,41,123,126,SGG,7.245661795562963e-05,7.245661795562963e-05
model_1,41,41,91,94,SGV,7.215797011594915e-05,7.215797011594915e-05
model_1,41,41,83,86,EAE,7.148120888428311e-05,7.148120888428311e-05
model_1,41,41,93,96,VVR,7.12383451730858e-05,7.12383451730858e-05
model_1,41,41,92,95,GVV,7.077219538881296e-05,7.077219538881296e-05
model_1,41,41,124,127,GGD,7.060734468933294e-05,7.060734468933294e-05
model_1,41,41,89,92,VTS,7.049713553852754e-05,7.049713553852754e-05
model_1,41,41,84,87,AEN,7.040772814242979e-05,7.040772814242979e-05
model_1,41,41,88,91,AVT,7.02974928659672e-05,7.02974928659672e-05
model_1,41,41,81,84,VEE,7.01018129355413e-05,7.01018129355413e-05
model_1,41,41,82,85,EEA,6.995265196063638e-05,6.995265196063638e-05
model_1,41,41,87,90,IAV,6.967549650993554e-05,6.967549650993554e-05
model_1,41,41,85,88,ENI,6.939051773319216e-05,6.939051773319216e-05
model_1,41,41,65,68,VSE,6.866357614954133e-05,6.866357614954133e-05
model_1,41,41,72,75,SVN,6.866220995699335e-05,6.866220995699335e-05
model_1,41,41,86,89,NIA,6.853344278440199e-05,6.853344278440199e-05
model_1,41,41,80,83,TVE,6.836169174068152e-05,6.836169174068152e-05
model_1,41,41,66,69,SEA,6.793807113625316e-05,6.793807113625316e-05
model_1,41,41,64,67,AVS,6.786747181419805e-05,6.786747181419805e-05
model_1,41,41,70,73,VSS,6.760473105504872e-05,6.760473105504872e-05
model_1,41,41,71,74,SSV,6.740452594589108e-05,6.740452594589108e-05
model_1,41,41,68,71,AVV,6.679092595524017e-05,6.679092595524017e-05
model_1,41,41,79,82,KTV,6.664325358063383e-05,6.664325358063383e-05
model_1,41,41,73,76,VNT,6.645237538815962e-05,6.645237538815962e-05
model_1,41,41,67,70,EAV,6.56834039214349e-05,6.56834039214349e-05
model_1,41,41,69,72,VVS,6.56753869462956e-05,6.56753869462956e-05
model_1,41,41,63,66,NAV,6.540793809872714e-05,6.540793809872714e-05
model_1,41,41,62,65,ANA,6.505520577443358e-05,6.505520577443358e-05
model_1,41,41,60,63,EQA,6.502003542524504e-05,6.502003542524504e-05
model_1,41,41,77,80,ATK,6.50089683414401e-05,6.50089683414401e-05
model_1,41,41,49,52,QSV,6.500339409121203e-05,6.500339409121203e-05
model_1,41,41,75,78,TVA,6.484818894175737e-05,6.484818894175737e-05
model_1,41,41,59,62,KEQ,6.479115431834437e-05,6.479115431834437e-05
model_1,41,41,50,53,SVT,6.455521007997511e-05,6.455521007997511e-05
model_1,41,41,76,79,VAT,6.453197332201288e-05,6.453197332201288e-05
model_1,41,41,74,77,NTV,6.44004480644389e-05,6.44004480644389e-05
model_1,41,41,58,61,TKE,6.43867528608566e-05,6.43867528608566e-05
model_1,41,41,54,57,VAE,6.426727635733265e-05,6.426727635733265e-05
model_1,41,41,48,51,VQS,6.417878754388928e-05,6.417878754388928e-05
model_1,41,41,0,3,MDV,6.41710987090982e-05,6.41710987090982e-05
model_1,41,41,61,64,QAN,6.413231481861015e-05,6.413231481861015e-05
model_1,41,41,47,50,VVQ,6.392126810295107e-05,6.392126810295107e-05
model_1,41,41,78,81,TKT,6.390429306529777e-05,6.390429306529777e-05
model_1,41,41,43,46,TKE,6.374115086410503e-05,6.374115086410503e-05
model_1,41,41,55,58,AEK,6.315900978709488e-05,6.315900978709488e-05
model_1,41,41,51,54,VTS,6.298991655412367e-05,6.298991655412367e-05
model_1,41,41,39,42,VGA,6.228881202030578e-05,6.228881202030578e-05
model_1,41,41,53,56,SVA,6.221268896722254e-05,6.221268896722254e-05
model_1,41,41,57,60,KTK,6.203281094163682e-05,6.203281094163682e-05
model_1,41,41,42,45,KTK,6.194775210938142e-05,6.194775210938142e-05
model_1,41,41,38,41,YVG,6.191286992418554e-05,6.191286992418554e-05
model_1,41,41,56,59,EKT,6.175351391518591e-05,6.175351391518591e-05
model_1,41,41,44,47,KEN,6.10760715001879e-05,6.10760715001879e-05
model_1,41,41,28,31,AAE,6.106286726531573e-05,6.106286726531573e-05
model_1,41,41,52,55,TSV,6.0933670369967e-05,6.0933670369967e-05
model_1,41,41,41,44,AKT,6.08789962726064e-05,6.08789962726064e-05
model_1,41,41,46,49,NVV,6.081690144454921e-05,6.081690144454921e-05
model_1,41,41,40,43,GAK,6.067108229673712e-05,6.067108229673712e-05
model_1,41,41,27,30,EAA,6.0630531695748946e-05,6.0630531695748946e-05
model_1,41,41,37,40,MYV,6.054281601913791e-05,6.054281601913791e-05
model_1,41,41,1,4,DVF,6.0391525315284245e-05,6.0391525315284245e-05
model_1,41,41,36,39,VMY,6.0255337039460954e-05,6.0255337039460954e-05
model_1,41,41,6,9,GFS,6.013737697169175e-05,6.013737697169175e-05
model_1,41,41,45,48,ENV,6.013570684965108e-05,6.013570684965108e-05
model_1,41,41,5,8,KGF,6.00186039074746e-05,6.00186039074746e-05
model_1,41,41,3,6,FKK,5.980875507893835e-05,5.980875507893835e-05
model_1,41,41,34,37,EGV,5.9793263532503804e-05,5.9793263532503804e-05
model_1,41,41,17,20,AVE,5.961399116694022e-05,5.961399116694022e-05
model_1,41,41,12,15,EGV,5.958553836182823e-05,5.958553836182823e-05
model_1,41,41,2,5,VFK,5.954999990970267e-05,5.954999990970267e-05
model_1,41,41,35,38,GVM,5.951452965152759e-05,5.951452965152759e-05
model_1,41,41,33,36,KEG,5.926745432643932e-05,5.926745432643932e-05
model_1,41,41,32,35,TKE,5.89138572918424e-05,5.89138572918424e-05
model_1,41,41,16,19,GAV,5.890196439695128e-05,5.890196439695128e-05
model_1,41,41,13,16,GVV,5.884958554125408e-05,5.884958554125408e-05
model_1,41,41,14,17,VVG,5.867736410936075e-05,5.867736410936075e-05
model_1,41,41,10,13,AKE,5.850002399904186e-05,5.850002399904186e-05
model_1,41,41,7,10,FSI,5.843631915408709e-05,5.843631915408709e-05
model_1,41,41,26,29,TEA,5.841083937785374e-05,5.841083937785374e-05
model_1,41,41,29,32,AEK,5.838079104175664e-05,5.838079104175664e-05
model_1,41,41,25,28,VTE,5.8282318254609944e-05,5.8282318254609944e-05
model_1,41,41,30,33,EKT,5.7657542769262715e-05,5.7657542769262715e-05
model_1,41,41,11,14,KEG,5.7553276921862295e-05,5.7553276921862295e-05
model_1,41,41,24,27,GVT,5.750632220419272e-05,5.750632220419272e-05
model_1,41,41,31,34,KTK,5.749369685686956e-05,5.749369685686956e-05
model_1,41,41,23,26,QGV,5.745385722444318e-05,5.745385722444318e-05
model_1,41,41,15,18,VGA,5.736696643393602e-05,5.736696643393602e-05
model_1,41,41,22,25,KQG,5.692242977989315e-05,5.692242977989315e-05
model_1,41,41,4,7,KKG,5.6811420356850384e-05,5.6811420356850384e-05
model_1,41,41,8,11,SIA,5.657094686450925e-05,5.657094686450925e-05
model_1,41,41,18,21,VEK,5.655748798155669e-05,5.655748798155669e-05
model_1,41,41,21,24,TKQ,5.642929903815208e-05,5.642929903815208e-05
model_1,41,41,9,12,IAK,5.6276140057265334e-05,5.6276140057265334e-05
model_1,41,41,20,23,KTK,5.5418520591876685e-05,5.5418520591876685e-05
model_1,41,41,19,22,EKT,5.538714739811157e-05,5.538714739811157e-05
model_1,0,0,127,130,PSE,4.9024649794116026e-05,4.9024649794116026e-05
model_1,0,0,129,132,EEG,4.8523841189751504e-05,4.8523841189751504e-05
model_1,0,0,128,131,SEE,4.852104428137993e-05,4.852104428137993e-05
model_1,0,0,126,129,MPS,4.805133440149989e-05,4.805133440149989e-05
model_1,0,0,130,133,EGY,4.804244347417219e-05,4.804244347417219e-05
model_1,0,0,125,128,EMP,4.781412853960276e-05,4.781412853960276e-05
model_1,0,0,131,134,GYQ,4.742976409660704e-05,4.742976409660704e-05
model_1,0,0,116,119,PVD,4.738182575492189e-05,4.738182575492189e-05
model_1,0,0,117,120,VDP,4.7278522140814516e-05,4.7278522140814516e-05
model_5,152,152,37,40,EKV,4.716437540785989e-05,4.716437540785989e-05
model_1,0,0,132,135,YQD,4.7154266260340805e-05,4.7154266260340805e-05
model_1,0,0,123,126,AYE,4.709982911321742e-05,4.709982911321742e-05
model_5,152,152,36,39,HEK,4.701150143088251e-05,4.701150143088251e-05
model_1,0,0,122,125,EAY,4.6897209132201745e-05,4.6897209132201745e-05
model_1,0,0,118,121,DPD,4.685380474456213e-05,4.685380474456213e-05
model_1,0,0,124,127,YEM,4.677867538033231e-05,4.677867538033231e-05
model_1,0,0,133,136,QDY,4.66250785287059e-05,4.66250785287059e-05
model_1,0,0,115,118,MPV,4.6561808531131454e-05,4.6561808531131454e-05
model_1,0,0,114,117,DMP,4.648690345310236e-05,4.648690345310236e-05
model_1,0,0,134,137,DYE,4.637871503365698e-05,4.637871503365698e-05
model_5,152,152,35,38,PHE,4.63456931353301e-05,4.63456931353301e-05
model_1,0,0,135,138,YEP,4.61638090513139e-05,4.61638090513139e-05
model_1,0,0,137,140,PEA,4.6142327288056784e-05,4.6142327288056784e-05
model_1,0,0,136,139,EPE,4.6132514684160686e-05,4.6132514684160686e-05
model_1,0,0,107,110,PQE,4.6024788072307476e-05,4.6024788072307476e-05
model_1,0,0,112,115,LED,4.601119306879564e-05,4.601119306879564e-05
model_1,0,0,121,124,NEA,4.5960225547869715e-05,4.5960225547869715e-05
model_1,0,0,119,122,PDN,4.5859699375760954e-05,4.5859699375760954e-05
model_1,0,0,113,116,EDM,4.5707832611707744e-05,4.5707832611707744e-05
model_1,0,0,108,111,QEG,4.5655240241193606e-05,4.5655240241193606e-05
model_1,0,0,120,123,DNE,4.5555131356678213e-05,4.5555131356678213e-05
model_1,0,0,105,108,GAP,4.545313158360598e-05,4.545313158360598e-05
model_1,0,0,106,109,APQ,4.530075644587628e-05,4.530075644587628e-05
model_1,0,0,104,107,EGA,4.5171239094421445e-05,4.5171239094421445e-05
model_1,0,0,109,112,EGI,4.5129286121159407e-05,4.5129286121159407e-05
model_1,0,0,103,106,EEG,4.4889822408078484e-05,4.4889822408078484e-05
model_1,0,0,111,114,ILE,4.480122640021511e-05,4.480122640021511e-05
model_1,0,0,110,113,GIL,4.460260882277467e-05,4.460260882277467e-05
model_5,152,152,13,16,GYI,4.3780752219113594e-05,4.3780752219113594e-05
model_5,152,152,34,37,LPH,4.374850931210261e-05,4.374850931210261e-05
model_5,152,152,12,15,KGY,4.37233486555999e-05,4.37233486555999e-05
model_1,0,0,102,105,NEE,4.324325236243487e-05,4.324325236243487e-05
model_1,162,162,243,246,PLI,4.24661276209326e-05,4.24661276209326e-05
model_1,0,0,99,102,LGK,4.217792989635871e-05,4.217792989635871e-05
model_5,152,152,33,36,VLP,4.207645532711135e-05,4.207645532711135e-05
model_1,0,0,101,104,KNE,4.2062625039251955e-05,4.2062625039251955e-05
model_5,152,152,14,17,YIL,4.200725585884468e-05,4.200725585884468e-05
model_5,152,152,38,41,KVR,4.160660272706229e-05,4.160660272706229e-05
model_1,0,0,100,103,GKN,4.160020343757509e-05,4.160020343757509e-05
model_1,162,162,252,255,HIG,4.1532493133822346e-05,4.1532493133822346e-05
model_1,0,0,98,101,QLG,4.101998027833398e-05,4.101998027833398e-05
model_1,0,0,97,100,DQL,4.062880783456402e-05,4.062880783456402e-05
model_1,0,0,95,98,KKD,4.05443527325966e-05,4.05443527325966e-05
model_1,0,0,96,99,KDQ,4.027344697976609e-05,4.027344697976609e-05
model_5,152,152,59,62,KLE,4.0235121668841245e-05,4.0235121668841245e-05
model_1,118,118,242,245,PLI,4.016773072423874e-05,4.016773072423874e-05
model_1,0,0,94,97,VKK,4.006963990688117e-05,4.006963990688117e-05
model_1,118,118,251,254,HIG,3.949814419684783e-05,3.949814419684783e-05
model_1,0,0,92,95,GFV,3.926189314557016e-05,3.926189314557016e-05
model_1,0,0,93,96,FVK,3.884023008660087e-05,3.884023008660087e-05
model_5,152,152,8,11,EAI,3.8494071163353016e-05,3.8494071163353016e-05
model_5,152,152,7,10,KEA,3.8385384295291924e-05,3.8385384295291924e-05
model_5,152,152,58,61,DKL,3.821563187900168e-05,3.821563187900168e-05
model_5,152,152,57,60,LDK,3.808277053618525e-05,3.808277053618525e-05
model_5,152,152,56,59,ELD,3.803453090173159e-05,3.803453090173159e-05
model_5,152,152,32,35,YVL,3.79756362144934e-05,3.79756362144934e-05
model_5,152,152,60,63,LEH,3.7844073661752464e-05,3.7844073661752464e-05
model_5,152,152,11,14,DKG,3.777993668796498e-05,3.777993668796498e-05
model_1,0,0,91,94,TGF,3.777166997936954e-05,3.777166997936954e-05
model_5,152,152,39,42,VRD,3.7642271945248496e-05,3.7642271945248496e-05
model_1,0,0,90,93,ATG,3.757982965890694e-05,3.757982965890694e-05
model_1,0,0,88,91,AAA,3.757264361720081e-05,3.757264361720081e-05
model_5,152,152,9,12,AID,3.72504287044495e-05,3.72504287044495e-05
model_5,152,152,55,58,VEL,3.706652179230607e-05,3.706652179230607e-05
model_1,0,0,89,92,AAT,3.694681000360189e-05,3.694681000360189e-05
model_1,0,0,83,86,GAG,3.6886593749951846e-05,3.6886593749951846e-05
model_1,0,0,87,90,IAA,3.6679570844522225e-05,3.6679570844522225e-05
model_1,0,0,81,84,VEG,3.666344918507036e-05,3.666344918507036e-05
model_1,0,0,82,85,EGA,3.65286831471856e-05,3.65286831471856e-05
model_1,0,0,84,87,AGS,3.642413874022088e-05,3.642413874022088e-05
model_1,0,0,80,83,TVE,3.5845963766101274e-05,3.5845963766101274e-05
model_1,162,162,253,256,IGV,3.555894147627692e-05,3.555894147627692e-05
model_5,152,152,6,9,FKE,3.555694728601955e-05,3.555694728601955e-05
model_1,0,0,85,88,GSI,3.550576705158015e-05,3.550576705158015e-05
model_1,0,0,86,89,SIA,3.543998590105346e-05,3.543998590105346e-05
model_5,152,152,10,13,IDK,3.5304486652454337e-05,3.5304486652454337e-05
model_1,0,0,72,75,GVT,3.52123123091852e-05,3.52123123091852e-05
model_5,152,152,15,18,ILG,3.46560112206018e-05,3.46560112206018e-05
model_1,0,0,73,76,VTA,3.455604732677253e-05,3.455604732677253e-05
model_1,0,0,79,82,KTV,3.433687197734736e-05,3.433687197734736e-05
model_5,152,152,54,57,MVE,3.432563776140096e-05,3.432563776140096e-05
model_1,0,0,70,73,VTG,3.430812050314591e-05,3.430812050314591e-05
model_1,162,162,245,248,ITD,3.4263355127461814e-05,3.4263355127461814e-05
model_1,0,0,0,3,MDV,3.420824609884354e-05,3.420824609884354e-05
model_1,0,0,68,71,AVV,3.409015450511754e-05,3.409015450511754e-05
model_1,0,0,71,74,TGV,3.4037971786804455e-05,3.4037971786804455e-05
model_1,0,0,74,77,TAV,3.391938508412462e-05,3.391938508412462e-05
model_1,0,0,75,78,AVA,3.3694302198294945e-05,3.3694302198294945e-05
model_1,118,118,252,255,IGV,3.3525734587758205e-05,3.3525734587758205e-05
model_1,162,162,250,253,GNH,3.346801462650317e-05,3.346801462650317e-05
model_1,33,33,113,116,PEG,3.345727176040647e-05,3.345727176040647e-05
model_1,33,33,120,123,DPP,3.342783898813151e-05,3.342783898813151e-05
model_1,0,0,69,72,VVT,3.342776950965298e-05,3.342776950965298e-05
model_1,0,0,65,68,VGG,3.3392562777068147e-05,3.3392562777068147e-05
model_1,33,33,112,115,EPE,3.325041708268639e-05,3.325041708268639e-05
model_1,33,33,121,124,PPQ,3.3152834142013976e-05,3.3152834142013976e-05
model_1,0,0,76,79,VAQ,3.313504455487726e-05,3.313504455487726e-05
model_1,0,0,66,69,GGA,3.3101597195162036e-05,3.3101597195162036e-05
model_1,33,33,114,117,EGE,3.308536398438644e-05,3.308536398438644e-05
model_1,0,0,61,64,QVT,3.306289735377499e-05,3.306289735377499e-05
model_1,33,33,119,122,EDP,3.300185399429667e-05,3.300185399429667e-05
model_5,152,152,5,8,EFK,3.293984147212381e-05,3.293984147212381e-05
model_1,0,0,67,70,GAV,3.293882842114737e-05,3.293882842114737e-05
model_1,0,0,78,81,QKT,3.2820879402317704e-05,3.2820879402317704e-05
model_1,0,0,77,80,AQK,3.2818154088121165e-05,3.2818154088121165e-05
model_1,33,33,122,125,PQE,3.274470263914253e-05,3.274470263914253e-05
model_1,0,0,60,63,EQV,3.273189332775317e-05,3.273189332775317e-05
model_1,0,0,62,65,VTN,3.2560545175142064e-05,3.2560545175142064e-05
model_1,0,0,64,67,NVG,3.25335428129625e-05,3.25335428129625e-05
model_1,0,0,50,53,GVA,3.249284138828745e-05,3.249284138828745e-05
model_1,33,33,124,127,EEY,3.24343588835041e-05,3.24343588835041e-05
model_1,33,33,108,111,EPL,3.2390206635368735e-05,3.2390206635368735e-05
model_1,33,33,111,114,MEP,3.237884989865103e-05,3.237884989865103e-05
model_1,33,33,115,118,GES,3.234134300317271e-05,3.234134300317271e-05
model_1,33,33,123,126,QEE,3.232484781273692e-05,3.232484781273692e-05
model_1,0,0,49,52,HGV,3.227611596018365e-05,3.227611596018365e-05
model_1,118,118,244,247,ITD,3.225438488801968e-05,3.225438488801968e-05
model_1,162,162,242,245,IPL,3.223113632067065e-05,3.223113632067065e-05
model_1,33,33,118,121,YED,3.221230119482277e-05,3.221230119482277e-05
model_5,152,152,31,34,DYV,3.2200536296767e-05,3.2200536296767e-05
model_1,0,0,63,66,TNV,3.21676883157096e-05,3.21676883157096e-05
model_1,33,33,126,129,YQE,3.206973052222173e-05,3.206973052222173e-05
model_1,33,33,109,112,PLM,3.202745718483557e-05,3.202745718483557e-05
model_1,0,0,58,61,TKE,3.201813407177623e-05,3.201813407177623e-05
model_1,0,0,54,57,VAE,3.199735725006869e-05,3.199735725006869e-05
model_1,33,33,125,128,EYQ,3.1977906998825745e-05,3.1977906998825745e-05
model_1,0,0,59,62,KEQ,3.184216413554264e-05,3.184216413554264e-05
model_1,33,33,103,106,EEP,3.1835594014484325e-05,3.1835594014484325e-05
model_1,33,33,116,119,ESY,3.180322777157629e-05,3.180322777157629e-05
model_1,33,33,110,113,LME,3.176139568744629e-05,3.176139568744629e-05
model_1,33,33,107,110,IEP,3.1721039669641016e-05,3.1721039669641016e-05
model_1,33,33,117,120,SYE,3.1708939841668116e-05,3.1708939841668116e-05
model_1,33,33,102,105,AEE,3.170856749523665e-05,3.170856749523665e-05
model_1,0,0,1,4,DVF,3.16859798014657e-05,3.16859798014657e-05
model_1,33,33,127,130,QEY,3.166079959598944e-05,3.166079959598944e-05
model_1,0,0,56,59,EKT,3.164958946721974e-05,3.164958946721974e-05
model_1,33,33,128,131,EYE,3.159093812138414e-05,3.159093812138414e-05
model_1,33,33,104,107,EPL,3.155757348921595e-05,3.155757348921595e-05
model_1,33,33,101,104,AAE,3.1519658440004594e-05,3.1519658440004594e-05
model_1,118,118,249,252,GNH,3.149802860402673e-05,3.149802860402673e-05
model_1,0,0,55,58,AEK,3.147335808872942e-05,3.147335808872942e-05
model_1,0,0,47,50,VVH,3.146418830268782e-05,3.146418830268782e-05
model_1,0,0,51,54,VAT,3.145618556221752e-05,3.145618556221752e-05
model_1,0,0,57,60,KTK,3.141859804339786e-05,3.141859804339786e-05
model_1,0,0,2,5,VFM,3.1322624842289315e-05,3.1322624842289315e-05
model_1,33,33,100,103,EAA,3.124795712211581e-05,3.124795712211581e-05
model_1,0,0,48,51,VHG,3.115793550789725e-05,3.115793550789725e-05
model_1,33,33,105,108,PLI,3.104101034534512e-05,3.104101034534512e-05
model_1,0,0,46,49,GVV,3.09666410031606e-05,3.09666410031606e-05
model_1,33,33,106,109,LIE,3.095444016470994e-05,3.095444016470994e-05
model_1,0,0,38,41,YVG,3.093331779951969e-05,3.093331779951969e-05
model_1,162,162,254,257,GVD,3.092764181267249e-05,3.092764181267249e-05
model_1,33,33,129,132,YEP,3.0893695106115615e-05,3.0893695106115615e-05
model_1,33,33,130,133,EPE,3.084127692609684e-05,3.084127692609684e-05
model_1,0,0,52,55,ATV,3.0790123445090245e-05,3.0790123445090245e-05
model_1,0,0,16,19,AAA,3.075392096335561e-05,3.075392096335561e-05
model_1,33,33,131,134,PEA,3.074391079982419e-05,3.074391079982419e-05
model_1,0,0,3,6,FMK,3.073958332683313e-05,3.073958332683313e-05
model_5,152,152,53,56,VMV,3.0731693210273026e-05,3.0731693210273026e-05
model_1,0,0,53,56,TVA,3.061078252003524e-05,3.061078252003524e-05
model_1,0,0,45,48,EGV,3.0606919291631396e-05,3.0606919291631396e-05
model_1,33,33,99,102,QEA,3.059547276446084e-05,3.059547276446084e-05
model_1,0,0,14,17,VVA,3.0587521957170516e-05,3.0587521957170516e-05
model_1,0,0,39,42,VGS,3.056977576759712e-05,3.056977576759712e-05
model_1,0,0,17,20,AAE,3.055988701489154e-05,3.055988701489154e-05
model_1,33,33,98,101,AQE,3.0532136261307574e-05,3.0532136261307574e-05
model_5,152,152,40,43,RDD,3.0503822418481708e-05,3.0503822418481708e-05
model_1,0,0,27,30,EAA,3.0287675484019783e-05,3.0287675484019783e-05
model_1,0,0,44,47,KEG,3.025341113005453e-05,3.025341113005453e-05
model_1,0,0,43,46,TKE,3.024573124976726e-05,3.024573124976726e-05
model_1,0,0,42,45,KTK,3.0196200788867866e-05,3.0196200788867866e-05
model_1,33,33,96,99,EVA,3.019207778659494e-05,3.019207778659494e-05
model_1,33,33,97,100,VAQ,3.0174524318138385e-05,3.0174524318138385e-05
model_1,0,0,28,31,AAG,3.0160773605902857e-05,3.0160773605902857e-05
model_1,0,0,13,16,GVV,3.0128523008821073e-05,3.0128523008821073e-05
model_1,0,0,15,18,VAA,3.0087978905135593e-05,3.0087978905135593e-05
model_1,0,0,37,40,LYV,3.0031462598278935e-05,3.0031462598278935e-05
model_1,0,0,36,39,VLY,3.002169525179177e-05,3.002169525179177e-05
model_1,118,118,241,244,IPL,2.9965489721617278e-05,2.9965489721617278e-05
model_1,0,0,6,9,GLS,2.994423756769171e-05,2.994423756769171e-05
model_1,33,33,94,97,PEE,2.994189131977354e-05,2.994189131977354e-05
model_1,0,0,35,38,GVL,2.9798553514315262e-05,2.9798553514315262e-05
model_1,33,33,95,98,EEV,2.973905598979698e-05,2.973905598979698e-05
model_1,0,0,12,15,EGV,2.9720529877763635e-05,2.9720529877763635e-05
model_1,0,0,26,29,AEA,2.9681608562870387e-05,2.9681608562870387e-05
model_1,0,0,40,43,GSK,2.9676031362446675e-05,2.9676031362446675e-05
model_1,0,0,5,8,KGL,2.966373341806161e-05,2.966373341806161e-05
model_1,0,0,25,28,VAE,2.964738408955947e-05,2.964738408955947e-05
model_1,0,0,34,37,EGV,2.959722762219119e-05,2.959722762219119e-05
model_1,0,0,24,27,GVA,2.9503049676471438e-05,2.9503049676471438e-05
model_1,0,0,41,44,SKT,2.94460114487749e-05,2.94460114487749e-05
model_1,0,0,10,13,AKE,2.9359694037278672e-05,2.9359694037278672e-05
model_1,33,33,93,96,KPE,2.92018098251301e-05,2.92018098251301e-05
model_1,0,0,7,10,LSK,2.9073686141301014e-05,2.9073686141301014e-05
model_1,0,0,33,36,KEG,2.9054080804724602e-05,2.9054080804724602e-05
model_1,118,118,253,256,GVD,2.8987327022778064e-05,2.8987327022778064e-05
model_1,0,0,11,14,KEG,2.897140259938702e-05,2.897140259938702e-05
model_1,33,33,92,95,LKP,2.8844500596758582e-05,2.8844500596758582e-05
model_5,152,152,16,19,LGD,2.8824057712983908e-05,2.8824057712983908e-05
model_1,0,0,32,35,TKE,2.874795352247883e-05,2.874795352247883e-05
model_1,0,0,23,26,QGV,2.8728001914446466e-05,2.8728001914446466e-05
model_1,25,25,147,150,FAN,2.8609100106047336e-05,2.8609100106047336e-05
model_1,25,25,146,149,IFA,2.857829370467302e-05,2.857829370467302e-05
model_5,152,152,30,33,FDY,2.853187588169881e-05,2.853187588169881e-05
model_1,25,25,152,155,LPV,2.852584709561734e-05,2.852584709561734e-05
model_1,162,162,244,247,LIT,2.8520837581924585e-05,2.8520837581924585e-05
model_1,0,0,9,12,KAK,2.8485359852392644e-05,2.8485359852392644e-05
model_1,162,162,251,254,NHI,2.8466996818632406e-05,2.8466996818632406e-05
model_1,0,0,4,7,MKG,2.8458673733244844e-05,2.8458673733244844e-05
model_1,25,25,148,151,ANI,2.8406309979245314e-05,2.8406309979245314e-05
model_1,25,25,158,161,KER,2.834625667003099e-05,2.834625667003099e-05
model_1,33,33,89,92,PTD,2.834011733954256e-05,2.834011733954256e-05
model_1,0,0,29,32,AGK,2.8332109739626077e-05,2.8332109739626077e-05
model_1,0,0,18,21,AEK,2.830393920200125e-05,2.830393920200125e-05
model_1,0,0,31,34,KTK,2.8284753071539104e-05,2.8284753071539104e-05
model_1,0,0,22,25,KQG,2.826035889053058e-05,2.826035889053058e-05
model_1,25,25,159,162,ERC,2.824977775339743e-05,2.824977775339743e-05
model_1,0,0,21,24,TKQ,2.8212923619597152e-05,2.8212923619597152e-05
model_1,0,0,8,11,SKA,2.816692223978068e-05,2.816692223978068e-05
model_1,25,25,151,154,TLP,2.816141204209366e-05,2.816141204209366e-05
model_1,25,25,143,146,GQP,2.8137927681526342e-05,2.8137927681526342e-05
model_1,25,25,160,163,RCL,2.811677523206768e-05,2.811677523206768e-05
model_1,25,25,145,148,PIF,2.809619698190824e-05,2.809619698190824e-05
model_1,25,25,153,156,PVY,2.809023132016586e-05,2.809023132016586e-05
model_1,0,0,30,33,GKT,2.80760244923961e-05,2.80760244923961e-05
model_1,33,33,90,93,TDL,2.8013507559432327e-05,2.8013507559432327e-05
model_1,25,25,144,147,QPI,2.798214654614606e-05,2.798214654614606e-05
model_1,33,33,88,91,FPT,2.797363983364498e-05,2.797363983364498e-05
model_1,25,25,157,160,LKE,2.7930542814691428e-05,2.7930542814691428e-05
model_1,0,0,19,22,EKT,2.7835385874031005e-05,2.7835385874031005e-05
model_1,33,33,91,94,DLK,2.7835273523846293e-05,2.7835273523846293e-05
model_1,0,0,20,23,KTK,2.7822029335156095e-05,2.7822029335156095e-05
model_1,25,25,150,153,ITL,2.768584568707544e-05,2.768584568707544e-05
model_1,25,25,156,159,TLK,2.7621375875142018e-05,2.7621375875142018e-05
model_1,25,25,161,164,CLQ,2.7554678881214212e-05,2.7554678881214212e-05
model_5,152,152,61,64,EHH,2.7516598354870858e-05,2.7516598354870858e-05
model_1,25,25,149,152,NIT,2.7376563176251256e-05,2.7376563176251256e-05
model_1,33,33,87,90,EFP,2.726358641924609e-05,2.726358641924609e-05
model_1,25,25,142,145,DGQ,2.7212580935132014e-05,2.7212580935132014e-05
model_1,25,25,155,158,YTL,2.7202199269604765e-05,2.7202199269604765e-05
model_1,25,25,154,157,VYT,2.717814447750211e-05,2.717814447750211e-05
model_1,25,25,57,60,RPR,2.7143348801328404e-05,2.7143348801328404e-05
model_1,25,25,43,46,GPE,2.70867923668483e-05,2.70867923668483e-05
model_1,25,25,58,61,PRP,2.6890618656183474e-05,2.6890618656183474e-05
model_1,25,25,42,45,SGP,2.6837467594409414e-05,2.6837467594409414e-05
model_1,25,25,56,59,GRP,2.6776298713393487e-05,2.6776298713393487e-05
model_1,25,25,39,42,PEE,2.6728751333804368e-05,2.6728751333804368e-05
model_5,152,152,52,55,EVM,2.667792981148054e-05,2.667792981148054e-05
model_1,25,25,38,41,GPE,2.6660645899623248e-05,2.6660645899623248e-05
model_1,25,25,162,165,LQV,2.665129470752481e-05,2.665129470752481e-05
model_1,25,25,44,47,PEE,2.6615728892342982e-05,2.6615728892342982e-05
model_1,118,118,243,246,LIT,2.6537217678868075e-05,2.6537217678868075e-05
model_1,25,25,141,144,VDG,2.6536606523575035e-05,2.6536606523575035e-05
model_1,118,118,250,253,NHI,2.6488692499326838e-05,2.6488692499326838e-05
model_1,25,25,37,40,SGP,2.639692688760631e-05,2.639692688760631e-05
model_1,25,25,40,43,EES,2.6347741582333217e-05,2.6347741582333217e-05
model_1,25,25,55,58,AGR,2.620584283213878e-05,2.620584283213878e-05
model_1,25,25,164,167,VVR,2.617352648287552e-05,2.617352648287552e-05
model_1,25,25,47,50,LGA,2.6136783132679753e-05,2.6136783132679753e-05
model_1,25,25,165,168,VRS,2.6094745574190004e-05,2.6094745574190004e-05
model_1,25,25,35,38,EES,2.6079720601257517e-05,2.6079720601257517e-05
model_5,152,152,29,32,IFD,2.6069727028954492e-05,2.6069727028954492e-05
model_1,25,25,41,44,ESG,2.606887659628576e-05,2.606887659628576e-05
model_5,152,152,41,44,DDE,2.606340474708979e-05,2.606340474708979e-05
model_1,25,25,45,48,EEL,2.601365725968252e-05,2.601365725968252e-05
model_1,33,33,85,88,REE,2.6012707352585096e-05,2.6012707352585096e-05
model_1,25,25,48,51,GAE,2.600769660976443e-05,2.600769660976443e-05
model_1,25,25,175,178,RRL,2.5980073988463026e-05,2.5980073988463026e-05
model_1,25,25,135,138,FVP,2.5945396456228398e-05,2.5945396456228398e-05
model_1,25,25,174,177,YRR,2.5937940873299592e-05,2.5937940873299592e-05
model_1,25,25,33,36,GAE,2.5890850188448056e-05,2.5890850188448056e-05
model_1,25,25,34,37,AEE,2.5887441028771274e-05,2.5887441028771274e-05
model_1,25,25,163,166,QVV,2.5814972023197047e-05,2.5814972023197047e-05
model_1,33,33,86,89,EEF,2.579859174356436e-05,2.579859174356436e-05
model_1,25,25,62,65,LRS,2.579087309961814e-05,2.579087309961814e-05
model_1,25,25,59,62,RPV,2.5754262875155032e-05,2.5754262875155032e-05
model_1,25,25,36,39,ESG,2.5645298512566583e-05,2.5645298512566583e-05
model_1,25,25,46,49,ELG,2.5577267204035525e-05,2.5577267204035525e-05
model_1,33,33,84,87,KRE,2.5558596258856703e-05,2.5558596258856703e-05
model_1,25,25,15,18,EEA,2.55009714856258e-05,2.55009714856258e-05
model_1,33,33,83,86,VKR,2.547532566882227e-05,2.547532566882227e-05
model_1,25,25,61,64,VLR,2.5424820566777306e-05,2.5424820566777306e-05
model_1,25,25,66,69,NSR,2.540226440295168e-05,2.540226440295168e-05
model_5,152,152,4,7,DEF,2.5400007254372525e-05,2.5400007254372525e-05
model_1,25,25,63,66,RSV,2.5391438509048125e-05,2.5391438509048125e-05
model_1,25,25,32,35,SGA,2.534243173135664e-05,2.534243173135664e-05
model_1,25,25,166,169,RSL,2.5314764061423745e-05,2.5314764061423745e-05
model_1,25,25,49,52,AEE,2.529231418424427e-05,2.529231418424427e-05
model_1,25,25,136,139,VPS,2.5249009451888682e-05,2.5249009451888682e-05
model_1,25,25,16,19,EAG,2.5233754527731467e-05,2.5233754527731467e-05
model_1,25,25,60,63,PVL,2.5204855601923537e-05,2.5204855601923537e-05
model_1,25,25,140,143,NVD,2.51862925439994e-05,2.51862925439994e-05
model_1,25,25,134,137,LFV,2.5178614574017377e-05,2.5178614574017377e-05
model_1,25,25,20,23,EEY,2.516295721649575e-05,2.516295721649575e-05
model_5,152,152,28,31,KIF,2.516140637381925e-05,2.516140637381925e-05
model_1,25,25,30,33,EES,2.5143078889622306e-05,2.5143078889622306e-05
model_1,25,25,54,57,EAG,2.5125698367212124e-05,2.5125698367212124e-05
model_1,25,25,23,26,GPE,2.5114359853695145e-05,2.5114359853695145e-05
model_1,25,25,22,25,YGP,2.509991458343741e-05,2.509991458343741e-05
