2.327810049057006836e+00,-3.376682519912719727e+00,-4.260332882404327393e-01,-1.203476309776306152e+00,4.692357063293457031e+00,-4.871935248374938965e-01,5.983560085296630859e+00,5.750341892242431641e+00,4.296325206756591797e+00,-1.974377274513244629e+00,-4.524769783020019531e-01,1.566077351570129395e+00,-2.965163469314575195e+00,-1.572499513626098633e+00,-2.893906593322753906e+00,6.667355060577392578e+00,-2.680139780044555664e+00,1.146344065666198730e+00,4.393025338649749756e-01,-1.334530472755432129e+00
-5.188549518585205078e+00,-1.510244131088256836e+00,-2.462595403194427490e-01,-4.513802051544189453e+00,1.334581136703491211e+00,6.018501281738281250e+00,1.691630601882934570e+00,-3.833077251911163330e-01,5.816115140914916992e-01,-2.899838924407958984e+00,-4.173591136932373047e+00,2.858553230762481689e-01,-4.709338545799255371e-01,3.817094087600708008e+00,-1.064938068389892578e+00,1.527522444725036621e+00,-1.808120489120483398e+00,-1.779252476990222931e-02,1.640737891197204590e+00,-1.455139368772506714e-01
-7.310524940490722656e+00,1.751284837722778320e+00,3.272408485412597656e+00,8.332394063472747803e-02,-1.932602524757385254e+00,-2.942335844039916992e+00,-1.715711951255798340e+00,-6.553843617439270020e-01,1.575201988220214844e+00,-2.606946468353271484e+00,3.767807185649871826e-01,-1.930986881256103516e+00,1.466774463653564453e+00,-2.981207892298698425e-02,-9.476649761199951172e-01,8.930372595787048340e-01,-5.333603620529174805e-01,-2.160610556602478027e-01,9.714307188987731934e-01,-1.330540299415588379e+00
1.914840340614318848e+00,3.980721950531005859e+00,-1.108634948730468750e+01,-3.153509378433227539e+00,-6.115090370178222656e+00,3.258867025375366211e+00,-1.701158761978149414e+00,5.601559638977050781e+00,-2.452139377593994141e+00,-1.606005191802978516e+00,5.054252147674560547e-01,1.519116044044494629e+00,-5.819202661514282227e-01,-5.262227058410644531e+00,-7.681230902671813965e-01,-2.001590967178344727e+00,1.425301194190979004e+00,-3.402984619140625000e+00,1.923778057098388672e-01,-1.454841136932373047e+00
9.422346115112304688e+00,4.913816928863525391e+00,-2.081547737121582031e+01,-7.781750202178955078e+00,6.063583374023437500e+00,-6.332231044769287109e+00,-8.889070510864257812e+00,7.703892886638641357e-02,2.299501895904541016e+00,4.666175842285156250e+00,-2.200846433639526367e+00,-2.521802186965942383e+00,2.059528827667236328e+00,3.412984371185302734e+00,-2.625603199005126953e+00,1.825234293937683105e+00,5.576474666595458984e-01,-1.238565802574157715e+00,-7.634604722261428833e-02,-6.176410913467407227e-01
8.947958946228027344e-01,-1.563059425354003906e+01,-4.595545768737792969e+00,1.152808904647827148e+00,-7.119914054870605469e+00,-6.627607822418212891e+00,3.288117408752441406e+00,9.178636670112609863e-01,7.627004623413085938e+00,3.952544689178466797e+00,8.660916686058044434e-01,-2.186693429946899414e+00,-4.741338729858398438e+00,-5.936701297760009766e-01,1.341300129890441895e+00,-4.674826622009277344e+00,-9.269974231719970703e-01,2.588480472564697266e+00,-3.832615911960601807e-02,3.751110315322875977e+00
-7.409582138061523438e+00,-3.919254541397094727e-01,3.046940088272094727e+00,4.098743438720703125e+00,1.139127612113952637e-01,-2.449378222227096558e-01,-4.975349426269531250e+00,-1.049792766571044922e+00,3.091195821762084961e-01,-7.219970822334289551e-01,2.586153030395507812e+00,-2.649157762527465820e+00,-7.057975530624389648e-01,2.999817728996276855e-01,-4.687666296958923340e-01,2.698942899703979492e+00,1.513110280036926270e+00,-3.143934488296508789e+00,-3.677765727043151855e-01,1.728787720203399658e-01
3.644041299819946289e+00,-2.354702949523925781e+01,4.086345136165618896e-01,-5.825353622436523438e+00,6.653150916099548340e-01,6.039500832557678223e-01,4.836776256561279297e+00,-6.747369289398193359e+00,-2.132179260253906250e+00,4.219732284545898438e+00,-9.075692892074584961e-01,-1.298728585243225098e+00,1.533000373840332031e+01,2.601792812347412109e+00,4.775083065032958984e-01,1.272189140319824219e+00,9.872894287109375000e-01,-9.337599873542785645e-01,-5.345847606658935547e+00,1.638157665729522705e-01
-4.576887130737304688e+00,4.251138687133789062e+00,1.766744136810302734e+00,1.262053966522216797e+00,-2.129898071289062500e+00,8.769803047180175781e-01,6.285098195075988770e-01,-4.477095127105712891e+00,-4.099783897399902344e+00,-6.027408838272094727e-01,5.694134831428527832e-01,-2.537394762039184570e+00,-1.370633602142333984e+00,1.048765778541564941e+00,2.408353835344314575e-01,1.357475161552429199e+00,1.853947937488555908e-01,2.074177980422973633e+00,-4.984008669853210449e-01,5.539949536323547363e-01
-3.690892934799194336e+00,7.629745602607727051e-01,2.660917282104492188e+00,4.558287620544433594e+00,-2.480295181274414062e+00,1.909953951835632324e+00,-2.480124950408935547e+00,1.675145626068115234e+00,-3.995067179203033447e-01,-2.704837322235107422e-01,-7.507756948471069336e-01,-4.640059471130371094e+00,1.176523044705390930e-01,2.492802381515502930e+00,6.231154799461364746e-01,2.086632966995239258e+00,2.018814563751220703e+00,-1.478844046592712402e+00,-7.565472722053527832e-01,-1.465092003345489502e-01
2.873634696006774902e-01,4.688438892364501953e+00,3.831494569778442383e+00,-5.786153793334960938e+00,2.191126108169555664e+00,3.119713783264160156e+00,1.902274847030639648e+00,3.372658729553222656e+00,-3.390428066253662109e+00,4.738023877143859863e-01,-1.437477231025695801e+00,1.125829219818115234e+00,2.238536775112152100e-01,1.103678822517395020e+00,-3.131595611572265625e+00,5.688616037368774414e-01,3.233926057815551758e+00,1.843189835548400879e+00,-5.061145305633544922e+00,1.291260361671447754e+00
-3.108096599578857422e+00,5.462430045008659363e-02,-2.679367065429687500e+00,3.772398233413696289e+00,-4.187855243682861328e+00,-2.282269239425659180e+00,-2.941884756088256836e+00,2.318251609802246094e+00,3.234294414520263672e+00,5.372295379638671875e-01,3.592457056045532227e+00,-1.423433274030685425e-01,1.847663402557373047e+00,5.181667804718017578e-01,-4.094967544078826904e-01,5.219515562057495117e-01,-2.650657415390014648e+00,3.603668212890625000e+00,6.277272105216979980e-01,6.479660868644714355e-01
-2.408512830734252930e+00,-2.031457519531250000e+01,-8.750223159790039062e+00,-5.264618396759033203e+00,-7.643291950225830078e+00,-1.343201398849487305e-01,2.838783979415893555e+00,6.366902589797973633e-01,2.198060274124145508e+00,-2.569075345993041992e+00,-9.438198804855346680e-01,5.379153251647949219e+00,-4.302526473999023438e+00,-1.443757176399230957e+00,7.013164520263671875e+00,-2.661071538925170898e+00,7.543717861175537109e+00,1.338788390159606934e+00,3.551897287368774414e+00,4.234591126441955566e-01
-1.859559774398803711e+00,-1.270354366302490234e+01,-7.698091506958007812e+00,-3.075961589813232422e+00,-7.252113342285156250e+00,8.786655426025390625e+00,3.024809598922729492e+00,2.475448131561279297e+00,2.428457975387573242e+00,-9.787482619285583496e-01,6.918904185295104980e-01,4.049414634704589844e+00,3.485291719436645508e+00,5.345735549926757812e-01,1.466228127479553223e+00,1.162590503692626953e+00,1.744102001190185547e+00,1.544837594032287598e+00,8.483998775482177734e-01,9.599863737821578979e-02
-1.533333539962768555e+00,-6.237744331359863281e+00,-6.320444583892822266e+00,-1.600235581398010254e+00,-3.249484777450561523e+00,3.721608400344848633e+00,-3.580082654953002930e-01,2.839609861373901367e+00,2.706919670104980469e+00,-2.750559806823730469e+00,-2.683490514755249023e+00,3.331022739410400391e+00,-4.905322551727294922e+00,1.132648229598999023e+00,6.071739792823791504e-01,-2.569023609161376953e+00,3.499824762344360352e+00,3.553982675075531006e-01,2.753848731517791748e-01,1.342811465263366699e+00
6.865515708923339844e+00,1.609287977218627930e+00,-8.769969940185546875e+00,1.732593029737472534e-01,-5.624338626861572266e+00,-2.616344988346099854e-01,8.997191786766052246e-01,-5.984021186828613281e+00,-9.979249000549316406e+00,-4.482584476470947266e+00,-4.542861282825469971e-01,-1.897736430168151855e+00,1.753133773803710938e+00,-7.769931316375732422e+00,-6.406136035919189453e+00,-1.378869295120239258e+00,3.779355525970458984e+00,2.876780748367309570e+00,-2.261627435684204102e+00,-6.421849131584167480e-01
3.138514995574951172e+00,-2.033131599426269531e+00,-3.683686494827270508e+00,3.945825815200805664e+00,2.708166122436523438e+00,-8.080706596374511719e+00,-3.226903915405273438e+00,1.917894482612609863e+00,-1.426404833793640137e+00,1.128652930259704590e+00,5.885508656501770020e-01,-6.134108901023864746e-01,9.505854845046997070e-01,-6.436828970909118652e-01,2.546987533569335938e-01,3.359693288803100586e+00,8.507168292999267578e-01,3.017375230789184570e+00,1.366642594337463379e+00,4.092846393585205078e+00
-1.859559774398803711e+00,-1.270354366302490234e+01,-7.698091030120849609e+00,-3.075961351394653320e+00,-7.252112388610839844e+00,8.786657333374023438e+00,3.024808883666992188e+00,2.475449085235595703e+00,2.428458213806152344e+00,-9.787581562995910645e-01,6.918908357620239258e-01,4.049411773681640625e+00,3.485288858413696289e+00,5.345718860626220703e-01,1.466228723526000977e+00,1.162589311599731445e+00,1.744098663330078125e+00,1.544838070869445801e+00,8.483991622924804688e-01,9.600047022104263306e-02
-1.859559774398803711e+00,-1.270354366302490234e+01,-7.698090553283691406e+00,-3.075961351394653320e+00,-7.252113342285156250e+00,8.786658287048339844e+00,3.024808883666992188e+00,2.475448846817016602e+00,2.428456306457519531e+00,-9.787497520446777344e-01,6.918920874595642090e-01,4.049417018890380859e+00,3.485291719436645508e+00,5.345730781555175781e-01,1.466227889060974121e+00,1.162589311599731445e+00,1.744100570678710938e+00,1.544836759567260742e+00,8.483990430831909180e-01,9.599973261356353760e-02
1.381893396377563477e+00,-3.082870721817016602e+00,-1.202417755126953125e+01,-2.335334777832031250e+00,2.728397130966186523e+00,1.775698542594909668e+00,-5.470783233642578125e+00,4.267737388610839844e+00,-7.112116336822509766e+00,-4.070571422576904297e+00,-3.032565355300903320e+00,2.052912235260009766e+00,1.028075814247131348e+00,-6.358234286308288574e-01,2.896623134613037109e+00,-3.562739610671997070e+00,2.687679976224899292e-02,-4.571965694427490234e+00,4.200275540351867676e-01,1.902492880821228027e+00
-3.523341178894042969e+00,2.883752584457397461e+00,-1.246881335973739624e-01,2.078035354614257812e+00,-3.444471359252929688e+00,5.067105770111083984e+00,1.647969603538513184e+00,-5.711079239845275879e-01,-1.544396281242370605e+00,2.563668191432952881e-01,-1.819461703300476074e+00,-9.812319874763488770e-01,1.307293891906738281e+00,-3.482724726200103760e-01,-2.451967298984527588e-01,2.299831248819828033e-02,-1.053572297096252441e+00,2.317288964986801147e-01,6.194157004356384277e-01,-3.632343709468841553e-01
4.661427140235900879e-01,-3.505594253540039062e+00,1.163082361221313477e+00,7.245877742767333984e+00,-2.370465755462646484e+00,-3.789557933807373047e+00,5.361810684204101562e+00,1.767651677131652832e+00,1.406824737787246704e-01,2.851577520370483398e+00,-1.785422086715698242e+00,-1.788617014884948730e+00,1.718734979629516602e+00,-1.658860325813293457e+00,-1.697936177253723145e+00,-2.243847608566284180e+00,-1.002110958099365234e+00,-3.130417466163635254e-01,-4.458335638046264648e-01,1.393113732337951660e+00
-3.377672433853149414e+00,1.806469798088073730e+00,2.655744552612304688e-01,3.590116024017333984e+00,1.088737964630126953e+00,4.506732940673828125e+00,1.148340106010437012e+00,-7.082917690277099609e-01,-3.803217649459838867e+00,5.924300551414489746e-01,4.131837785243988037e-01,-2.582431793212890625e+00,1.161255121231079102e+00,1.345422506332397461e+00,2.239116728305816650e-01,3.336383104324340820e+00,-1.846569180488586426e-01,-1.559953093528747559e+00,6.802099347114562988e-01,1.980723857879638672e+00
7.153768539428710938e+00,-2.785047531127929688e+00,-2.658088207244873047e+00,6.113105773925781250e+00,4.974057197570800781e+00,3.858402967453002930e+00,3.127966880798339844e+00,-1.007946491241455078e+01,4.337993264198303223e-02,-1.169644594192504883e+00,-7.280053496360778809e-01,2.231995105743408203e+00,8.849520683288574219e-01,-3.806651830673217773e-01,-8.003035187721252441e-01,-1.990638524293899536e-01,1.884199142456054688e+00,1.062818646430969238e+00,1.585724353790283203e-01,-1.524783849716186523e+00
-1.172524452209472656e+00,-6.348682045936584473e-01,1.367448687553405762e+00,3.015771627426147461e+00,6.709773540496826172e-01,-5.976412892341613770e-01,-3.578146219253540039e+00,2.631584882736206055e+00,-1.880649328231811523e+00,7.059203982353210449e-01,-2.945920944213867188e+00,-3.049017906188964844e+00,-2.744951248168945312e-01,1.221196055412292480e+00,9.733070135116577148e-01,1.068591833114624023e+00,1.519610762596130371e+00,-6.571640372276306152e-01,-2.718434095382690430e+00,-3.012458980083465576e-01
3.961439371109008789e+00,3.665239334106445312e+00,-6.961223483085632324e-01,5.614889621734619141e+00,-2.266749143600463867e+00,-6.317532658576965332e-01,2.364758551120758057e-01,-4.368236541748046875e+00,-6.654050350189208984e-01,7.949517369270324707e-01,-1.553407549858093262e+00,-1.311762452125549316e+00,3.220575451850891113e-01,-8.825912475585937500e-01,2.086883306503295898e+00,-3.014684915542602539e+00,-2.201577425003051758e+00,4.468625187873840332e-01,-1.274146437644958496e+00,-2.133201837539672852e+00
-7.123184680938720703e+00,-4.327469825744628906e+00,4.431707382202148438e+00,1.244754433631896973e+00,-6.725353002548217773e-01,2.423780202865600586e+00,-6.059074878692626953e+00,-1.862452030181884766e+00,-5.027168989181518555e-01,-1.988803505897521973e+00,2.764019727706909180e+00,-3.849323987960815430e+00,-1.757522106170654297e+00,8.243255615234375000e-01,-2.224771022796630859e+00,2.481374025344848633e+00,3.297236442565917969e+00,-4.602795124053955078e+00,2.653475664556026459e-02,-3.153821527957916260e-01
-1.944106698036193848e+00,2.463765621185302734e+00,4.168699741363525391e+00,5.799614191055297852e-01,-2.854886531829833984e+00,-3.375060796737670898e+00,2.157011747360229492e+00,-1.034363508224487305e+00,-5.248620510101318359e-01,-7.160011678934097290e-02,-2.280935287475585938e+00,-3.755858540534973145e-01,1.763317942619323730e+00,2.976644933223724365e-01,-8.462895750999450684e-01,4.940072000026702881e-01,8.569369316101074219e-01,1.846137642860412598e+00,1.810966134071350098e+00,6.640712618827819824e-01
4.369520664215087891e+00,-4.053297519683837891e+00,7.004495859146118164e-01,3.782125473022460938e+00,5.720092654228210449e-01,-4.576251983642578125e+00,-4.629812762141227722e-02,2.419463634490966797e+00,-7.090744972229003906e-01,-2.778161764144897461e+00,-3.658299684524536133e+00,-1.885297894477844238e+00,1.940006256103515625e+00,1.165455207228660583e-01,3.374575614929199219e+00,-8.078181743621826172e-01,6.950218677520751953e-01,-1.143545657396316528e-01,-3.703773975372314453e+00,-2.062429189682006836e+00
5.368892669677734375e+00,6.388131141662597656e+00,-4.038143455982208252e-01,-3.841977596282958984e+00,5.423922061920166016e+00,7.436077594757080078e+00,4.483277797698974609e+00,3.622668266296386719e+00,2.336335778236389160e-01,5.231090068817138672e+00,7.519214153289794922e-01,-3.860688209533691406e+00,2.227447032928466797e+00,2.063475400209426880e-01,3.121956348419189453e+00,-1.704551935195922852e+00,-2.843099534511566162e-01,-2.945889711380004883e+00,2.971508979797363281e+00,8.121414780616760254e-01
-6.161389350891113281e+00,5.532580852508544922e+00,3.606767654418945312e-01,-4.191657066345214844e+00,2.530386924743652344e+00,-1.643308281898498535e+00,4.347921848297119141e+00,-2.008568763732910156e+00,1.172195315361022949e+00,-1.533677101135253906e+00,2.221156835556030273e+00,-5.841273665428161621e-01,-1.267906785011291504e+00,-9.223177433013916016e-01,1.944582700729370117e+00,-1.552631020545959473e+00,1.559456586837768555e+00,-5.899482369422912598e-01,2.465391874313354492e+00,-5.049524903297424316e-01
6.032493710517883301e-01,5.630057811737060547e+00,-3.632045984268188477e+00,5.034615516662597656e+00,2.499544620513916016e+00,1.147751450538635254e+00,1.474366784095764160e+00,-3.249601364135742188e+00,-5.825091838836669922e+00,4.253839492797851562e+00,2.126167774200439453e+00,2.851500988006591797e+00,1.077323317527770996e+00,-4.355492115020751953e+00,3.556242704391479492e+00,-2.216491222381591797e+00,-2.313684225082397461e+00,-1.073694676160812378e-01,3.492828905582427979e-01,-1.549890637397766113e+00
-3.364277839660644531e+00,1.510304927825927734e+00,-8.626322746276855469e-01,7.802453517913818359e+00,-2.269021749496459961e+00,7.096806764602661133e-01,1.856662988662719727e+00,-7.701591849327087402e-01,3.097183227539062500e+00,2.893078565597534180e+00,-5.512487888336181641e-01,1.130796551704406738e+00,-1.556478261947631836e+00,2.077212631702423096e-01,1.067034125328063965e+00,2.864327192306518555e+00,8.211353421211242676e-01,-4.896881878376007080e-01,2.069246768951416016e+00,1.053812742233276367e+00
1.453691869974136353e-01,6.646838188171386719e+00,-1.393934488296508789e+00,-2.464549779891967773e+00,2.695553779602050781e+00,1.064794778823852539e+00,4.697356224060058594e+00,-6.863590478897094727e-01,5.183557868003845215e-01,4.516061782836914062e+00,-1.894245862960815430e+00,-5.278695225715637207e-01,1.712118744850158691e+00,4.841686785221099854e-01,1.359104752540588379e+00,-1.239262819290161133e+00,-6.773529052734375000e-01,-1.833844661712646484e+00,-3.197127342224121094e+00,2.155808925628662109e+00
-6.283458471298217773e-01,5.012697219848632812e+00,4.130298614501953125e+00,8.393363952636718750e-01,3.369115114212036133e+00,3.425145745277404785e-01,2.946306467056274414e+00,2.669440746307373047e+00,-5.456748008728027344e-01,1.174158930778503418e+00,5.317515373229980469e+00,-6.154368519783020020e-01,-3.302176952362060547e+00,-6.398501396179199219e-01,-7.148386836051940918e-01,-8.836329579353332520e-01,8.228977918624877930e-01,-5.471598505973815918e-01,-4.518114030361175537e-01,3.090120315551757812e+00
2.638736248016357422e+00,-7.441176772117614746e-01,5.296105742454528809e-01,-4.476891756057739258e-01,5.855179786682128906e+00,-1.088635683059692383e+00,7.074181556701660156e+00,6.450205326080322266e+00,3.877766847610473633e+00,4.798838198184967041e-01,-1.039978742599487305e+00,1.289916872978210449e+00,-4.690712988376617432e-01,-2.295532703399658203e+00,-2.593486070632934570e+00,4.814376354217529297e+00,-2.092331886291503906e+00,7.866257429122924805e-01,1.598912030458450317e-01,-1.140264987945556641e+00
-3.950265407562255859e+00,4.092090129852294922e+00,7.267280220985412598e-01,-1.686874032020568848e+00,9.565864205360412598e-01,-1.611385822296142578e+00,3.090081453323364258e+00,-3.900969982147216797e+00,-1.173442006111145020e-01,-3.838555574417114258e+00,-1.830551266670227051e+00,4.132477641105651855e-01,-4.496356844902038574e-01,1.622009277343750000e+00,4.145611822605133057e-01,-2.892340347170829773e-02,-1.035957694053649902e+00,3.137008249759674072e-01,1.287905335426330566e+00,-9.011082053184509277e-01
2.963276624679565430e+00,5.769372463226318359e+00,-1.842495560646057129e+00,-1.534530043601989746e+00,5.833491325378417969e+00,3.118188619613647461e+00,3.782429933547973633e+00,2.885215044021606445e+00,-4.365780830383300781e+00,1.704413294792175293e+00,1.346505045890808105e+00,1.119998097419738770e+00,-3.648865222930908203e-01,-2.641531944274902344e+00,1.870773196220397949e+00,-9.983102679252624512e-01,-5.240475535392761230e-01,-1.392552137374877930e+00,1.535276770591735840e+00,2.398237138986587524e-01
5.567127466201782227e-01,-1.541791200637817383e+00,-2.768045425415039062e+00,5.045888423919677734e+00,1.918058037757873535e+00,-5.652051925659179688e+00,-2.569476366043090820e+00,1.351305961608886719e+00,-1.861658930778503418e+00,1.472121834754943848e+00,6.251165866851806641e-01,-7.088476419448852539e-01,7.443692088127136230e-01,-2.263143539428710938e+00,1.249434947967529297e+00,3.339752674102783203e+00,-9.390740096569061279e-02,2.355867147445678711e+00,1.971377730369567871e+00,3.740794420242309570e+00
-6.400406360626220703e+00,9.584676623344421387e-01,2.299062490463256836e+00,-3.256076872348785400e-01,-2.341727256774902344e+00,-7.560980916023254395e-01,-1.378108978271484375e+00,-1.247750997543334961e+00,3.033169984817504883e+00,-3.209682226181030273e+00,-4.829247474670410156e+00,1.357988119125366211e+00,7.432757019996643066e-01,3.565786361694335938e+00,2.695402860641479492e+00,8.659230470657348633e-01,-1.870582342147827148e+00,-4.056394100189208984e+00,-2.430554628372192383e+00,4.861684799194335938e+00
-9.194179534912109375e+00,3.115384101867675781e+00,5.883168697357177734e+00,-4.895762443542480469e+00,-1.227888822555541992e+00,-3.774236917495727539e+00,4.897284880280494690e-02,2.550800144672393799e-01,1.757359743118286133e+00,-4.207285881042480469e+00,8.392281532287597656e-01,-6.516061425209045410e-01,1.553879261016845703e+00,8.052937984466552734e-01,-3.233686447143554688e+00,-1.858609318733215332e+00,1.705410718917846680e+00,3.661114573478698730e-01,1.358469843864440918e+00,-1.437718033790588379e+00
-3.731080055236816406e+00,5.593333244323730469e+00,-5.061098933219909668e-01,1.051645398139953613e+00,-4.312232017517089844e+00,6.553015857934951782e-02,1.745823740959167480e+00,-2.994188308715820312e+00,-3.074527978897094727e+00,2.126862525939941406e+00,-4.111342906951904297e+00,-2.301501989364624023e+00,1.546139001846313477e+00,-2.055107116699218750e+00,2.078066110610961914e+00,1.165333986282348633e+00,-8.161441683769226074e-01,2.554835796356201172e+00,9.411228299140930176e-01,-2.201554059982299805e+00
-6.005996227264404297e+00,-2.548876285552978516e+00,-4.310453414916992188e+00,-1.161261916160583496e+00,2.351819753646850586e+00,3.359173059463500977e+00,-4.069976806640625000e+00,-4.173763751983642578e+00,-3.505998849868774414e+00,-1.767637014389038086e+00,1.923488855361938477e+00,2.943770885467529297e+00,-9.278002977371215820e-01,7.714939713478088379e-01,-7.021797895431518555e-01,6.599622368812561035e-01,-1.344462752342224121e+00,1.864610910415649414e+00,1.756152510643005371e+00,-1.242155075073242188e+00
3.815287828445434570e+00,-3.246177911758422852e+00,1.315703094005584717e-01,-8.501431345939636230e-01,6.396378993988037109e+00,1.403577566146850586e+00,6.713454246520996094e+00,6.076195716857910156e+00,4.743165493011474609e+00,-3.721048355102539062e+00,2.721365392208099365e-01,-1.567344546318054199e+00,-4.047479629516601562e+00,-7.400719523429870605e-01,-2.573977470397949219e+00,2.863763093948364258e+00,-1.326922655105590820e+00,-4.741601645946502686e-01,5.110240578651428223e-01,-2.044017076492309570e+00
1.653690457344055176e+00,2.153637111186981201e-01,-2.511182069778442383e+00,8.939227104187011719e+00,1.638469099998474121e+00,1.469358056783676147e-01,2.418293476104736328e+00,-2.214620828628540039e+00,1.187296628952026367e+00,-1.693108201026916504e+00,-2.399423360824584961e+00,4.746732711791992188e-01,-2.248173236846923828e+00,-3.536729216575622559e-01,7.751196622848510742e-01,-1.392474412918090820e+00,7.623537778854370117e-01,-3.620473861694335938e+00,-1.900430560111999512e+00,4.556393325328826904e-01
1.207734107971191406e+01,-1.307620143890380859e+01,1.134007930755615234e+00,7.470151424407958984e+00,4.705391407012939453e+00,5.829425454139709473e-01,6.482697010040283203e+00,2.470829486846923828e+00,5.444685459136962891e+00,-1.197206377983093262e+00,-5.288625717163085938e+00,-3.733666181564331055e+00,-1.936592906713485718e-01,1.152955293655395508e+00,-1.357642650604248047e+00,-9.372732639312744141e-01,1.441763281822204590e+00,8.896573185920715332e-01,-2.843642234802246094e-01,-1.304715871810913086e-01
7.062607288360595703e+00,-6.156496047973632812e+00,2.086048364639282227e+00,6.417447566986083984e+00,4.519625186920166016e+00,1.747319340705871582e+00,2.815835714340209961e+00,2.501043081283569336e+00,2.050673246383666992e+00,-1.925723314285278320e+00,-3.078864812850952148e+00,-4.021132469177246094e+00,-1.661303043365478516e+00,-5.926892906427383423e-02,-5.138337016105651855e-01,-8.750537633895874023e-01,3.956736624240875244e-01,-8.719350099563598633e-01,-3.940905034542083740e-01,-4.360347986221313477e-01
-6.086102485656738281e+00,-2.137203216552734375e-01,4.493149757385253906e+00,5.353998184204101562e+00,-1.285281538963317871e+00,-1.620941609144210815e-01,-2.946792364120483398e+00,6.268543004989624023e-02,1.893226504325866699e-01,1.784206390380859375e+00,3.620825529098510742e+00,3.761978447437286377e-01,-1.925000429153442383e+00,1.192206621170043945e+00,7.541358470916748047e-01,2.502028703689575195e+00,2.736602306365966797e+00,-3.269335031509399414e+00,-1.343060016632080078e+00,-3.267752006649971008e-02
-2.257208824157714844e+00,5.484088420867919922e+00,-2.483238697052001953e+00,-8.503689765930175781e-01,-5.690488815307617188e-01,-2.984849452972412109e+00,2.472663640975952148e+00,-6.740299224853515625e+00,-1.710849404335021973e+00,2.736337423324584961e+00,2.070489406585693359e+00,-2.444270849227905273e+00,8.432285785675048828e-01,-1.699024438858032227e+00,6.058365702629089355e-01,1.797516345977783203e-01,3.551479876041412354e-01,3.366007089614868164e+00,-2.598733305931091309e-01,1.827627182006835938e+00
1.161307215690612793e+00,-6.727033615112304688e+00,4.174771308898925781e+00,8.238995552062988281e+00,4.988255023956298828e+00,-1.215512990951538086e+00,-4.650797367095947266e+00,-7.496472835540771484e+00,1.242036223411560059e+00,2.784045696258544922e+00,-3.413967132568359375e+00,5.143132209777832031e+00,-3.711858272552490234e+00,-3.351912498474121094e-01,-1.661177158355712891e+00,-1.637835264205932617e+00,1.977344870567321777e+00,2.383419126272201538e-01,-3.397096395492553711e+00,-3.368398904800415039e+00
-1.744907498359680176e+00,-2.132097959518432617e+00,5.603563785552978516e+00,4.204977035522460938e+00,-9.539091587066650391e-01,-1.335206389427185059e+00,-5.507556915283203125e+00,-3.989602088928222656e+00,-1.319354176521301270e+00,1.535997629165649414e+00,-1.799163520336151123e-01,-2.561989426612854004e-02,-1.781542748212814331e-01,-1.160069942474365234e+00,-1.512308716773986816e+00,1.265646368265151978e-01,3.829655349254608154e-01,1.696944594383239746e+00,-1.392797112464904785e+00,1.151454091072082520e+00
-5.540138721466064453e+00,3.289543628692626953e+00,-1.027422547340393066e+00,2.361586809158325195e+00,-3.875816583633422852e+00,3.430096626281738281e+00,1.264321804046630859e-01,8.206898570060729980e-01,-2.076703786849975586e+00,1.149435162544250488e+00,-4.396734759211540222e-02,-7.694320082664489746e-01,-1.043382406234741211e+00,-1.816344261169433594e-02,1.895065665245056152e+00,2.200725488364696503e-02,-2.170633554458618164e+00,-1.688848614692687988e+00,1.974306821823120117e+00,4.049587547779083252e-01
5.994850993156433105e-01,-1.767571449279785156e+00,-2.978953599929809570e+00,4.990487098693847656e+00,2.137760639190673828e+00,-5.828720092773437500e+00,-2.567946195602416992e+00,1.344903826713562012e+00,-1.886476635932922363e+00,1.337994933128356934e+00,6.383475661277770996e-01,-6.398687958717346191e-01,8.573560714721679688e-01,-2.307484388351440430e+00,1.288862466812133789e+00,3.627895355224609375e+00,-1.439608782529830933e-01,2.426916837692260742e+00,2.016897678375244141e+00,3.731287002563476562e+00
-2.325521707534790039e+00,3.599092960357666016e+00,-2.590156793594360352e+00,3.476073741912841797e+00,2.048930883407592773e+00,5.005735874176025391e+00,1.903993010520935059e+00,-3.942655801773071289e+00,-1.692980766296386719e+00,-1.786971986293792725e-01,-1.007589936256408691e+00,1.914598822593688965e+00,-3.025266408920288086e+00,3.831876907497644424e-03,9.896789193153381348e-01,1.339637637138366699e+00,-1.249059677124023438e+00,-9.592092037200927734e-01,1.971301317214965820e+00,4.779481589794158936e-01
1.353170108795166016e+01,-1.904744148254394531e+00,6.270288467407226562e+00,4.462025165557861328e+00,1.856926441192626953e+00,-2.617583274841308594e+00,-3.062952458858489990e-01,3.789397478103637695e+00,-6.888321399688720703e+00,-9.508868455886840820e-01,-3.429321765899658203e+00,-1.163954496383666992e+00,-8.851510286331176758e-01,-7.294108867645263672e-01,3.052540063858032227e+00,5.854498147964477539e-01,9.366053342819213867e-01,-4.156727194786071777e-01,-4.898088276386260986e-01,-3.542329311370849609e+00
8.902658462524414062e+00,-4.677269458770751953e+00,-2.749319076538085938e+00,4.910034656524658203e+00,4.376347541809082031e+00,1.343149900436401367e+00,5.277005672454833984e+00,-1.057741355895996094e+01,1.213140249252319336e+00,-1.789026618003845215e+00,-1.372115015983581543e+00,4.640217125415802002e-01,2.578146934509277344e+00,3.597448468208312988e-01,-1.166954517364501953e+00,8.805529475212097168e-01,2.702139377593994141e+00,3.072911024093627930e+00,2.222529202699661255e-01,9.842610359191894531e-02
-1.486634850502014160e+00,1.943816244602203369e-01,4.688039422035217285e-01,4.599951744079589844e+00,-9.196868538856506348e-01,-6.136489391326904297e+00,8.795868158340454102e-01,-1.319606900215148926e+00,2.658657729625701904e-02,7.524108290672302246e-01,5.263255119323730469e+00,3.513936042785644531e+00,1.090864539146423340e+00,-9.053592383861541748e-02,1.437634825706481934e+00,-2.844182968139648438e+00,-2.462008237838745117e+00,-3.730870485305786133e-01,-2.363005638122558594e+00,-3.663241863250732422e-01
-1.657725453376770020e+00,1.625310301780700684e+00,-1.817951679229736328e+00,2.546933412551879883e+00,-9.712215662002563477e-01,-3.542777299880981445e+00,-4.519891440868377686e-01,2.245884895324707031e+00,3.742063283920288086e+00,1.022469878196716309e+00,4.672343730926513672e+00,-3.919556379318237305e+00,8.773930072784423828e-01,2.024965524673461914e+00,1.787378549575805664e+00,-1.281655788421630859e+00,1.011169791221618652e+00,3.804601728916168213e-01,-3.961956262588500977e+00,1.976115822792053223e+00
-2.527986764907836914e-01,2.415735483169555664e+00,-6.280325889587402344e+00,-1.596190929412841797e+00,3.589455842971801758e+00,-5.071758747100830078e+00,2.687155961990356445e+00,-4.094751358032226562e+00,-6.895106285810470581e-02,-7.125281691551208496e-01,-1.822911739349365234e+00,-3.782823085784912109e+00,-8.897311091423034668e-01,8.777239322662353516e-01,3.216918230056762695e+00,-6.292108297348022461e-01,-1.119557619094848633e+00,7.447750568389892578e-01,-5.759605884552001953e+00,-9.888942837715148926e-01
-7.246001958847045898e-01,1.009839057922363281e+01,-6.274273395538330078e+00,-7.240517139434814453e+00,-9.463212013244628906e+00,1.453618764877319336e+00,2.283333063125610352e+00,-5.670972347259521484e+00,2.986159563064575195e+00,5.714891433715820312e+00,3.079699873924255371e-01,-3.227663755416870117e+00,-5.155244350433349609e+00,-3.435714244842529297e+00,3.199943780899047852e+00,2.443556547164916992e+00,-3.850701570510864258e+00,1.518568158149719238e+00,-2.636655092239379883e+00,-4.710056304931640625e+00
-5.792072296142578125e+00,-3.034044027328491211e+00,1.369520902633666992e+00,7.194073677062988281e+00,-1.820530176162719727e+00,1.671251177787780762e+00,-3.616556167602539062e+00,-2.485724687576293945e+00,6.052896380424499512e-01,-2.289761006832122803e-01,2.121265888214111328e+00,-2.274275541305541992e+00,1.512027084827423096e-01,-8.814215660095214844e-01,-1.290470361709594727e+00,1.759866356849670410e+00,3.938704729080200195e-02,-1.749767899513244629e+00,3.168829083442687988e-01,1.377473950386047363e+00
-7.112351655960083008e-01,4.228349208831787109e+00,1.914315670728683472e-01,-2.365666389465332031e+00,4.614477157592773438e+00,-2.834246158599853516e+00,5.166823387145996094e+00,1.446066141128540039e+00,1.188660502433776855e+00,1.065733551979064941e+00,5.337552547454833984e+00,-3.052330255508422852e+00,-2.698666334152221680e+00,-2.879198074340820312e+00,1.022775769233703613e+00,-1.170820713043212891e+00,-9.415207505226135254e-01,6.062920093536376953e-01,-3.386120557785034180e+00,3.260479688644409180e+00
-4.054031848907470703e+00,2.475090265274047852e+00,1.986844390630722046e-01,6.920675277709960938e+00,-4.773536622524261475e-01,-2.636700153350830078e+00,1.476977109909057617e+00,-2.209994792938232422e+00,-8.522311598062515259e-02,3.292290687561035156e+00,-7.096884250640869141e-01,7.567430973052978516e+00,-1.596273183822631836e+00,2.600513458251953125e+00,4.982204437255859375e+00,4.945178985595703125e+00,-3.682946205139160156e+00,-7.089391231536865234e+00,-2.929113864898681641e+00,2.549509704113006592e-01
-1.346141338348388672e+00,3.595632791519165039e+00,4.115562736988067627e-01,9.089487791061401367e-02,4.759815216064453125e+00,3.194527864456176758e+00,3.984560966491699219e+00,2.520463466644287109e-01,-1.089039683341979980e+00,2.099292039871215820e+00,1.631604909896850586e+00,1.161754250526428223e+00,5.437977313995361328e-01,-6.259203702211380005e-02,-1.067108273506164551e+00,-2.841296792030334473e-01,-3.032550573348999023e+00,3.225665166974067688e-02,5.492070317268371582e-01,1.065303564071655273e+00
-1.940291374921798706e-01,5.231125354766845703e-01,-2.060914278030395508e+00,1.265642404556274414e+00,2.127036571502685547e+00,5.627839565277099609e+00,1.554569840431213379e+00,-1.320342779159545898e+00,-1.244552254676818848e+00,1.638635754585266113e+00,-5.569642782211303711e-01,-2.604094743728637695e+00,1.603649139404296875e+00,8.738268166780471802e-02,8.373461365699768066e-01,-7.431129217147827148e-01,-3.614056825637817383e+00,4.339272081851959229e-01,1.509725213050842285e+00,-1.242878317832946777e+00
-4.677646160125732422e+00,9.194023609161376953e-01,-2.888478040695190430e-01,-1.703277230262756348e-01,-9.731279611587524414e-01,-2.167982339859008789e+00,-1.246433734893798828e+00,9.571855664253234863e-01,7.041050493717193604e-02,-2.474895000457763672e+00,8.404046893119812012e-01,3.997185826301574707e-01,6.408902406692504883e-01,-1.382536411285400391e+00,-1.322267174720764160e+00,7.862619161605834961e-01,-1.639990091323852539e+00,9.351711869239807129e-01,2.107316970825195312e+00,-1.232989192008972168e+00
-2.064165115356445312e+00,1.956296324729919434e+00,4.618063926696777344e+00,1.748800635337829590e+00,-3.136951208114624023e+00,3.290140867233276367e+00,4.546518623828887939e-02,1.260277628898620605e+00,-2.606654644012451172e+00,3.029323577880859375e+00,-1.317526578903198242e+00,-2.228140592575073242e+00,8.913449943065643311e-02,7.037665247917175293e-01,-1.555400013923645020e+00,1.044124245643615723e+00,-3.459343612194061279e-01,2.482232809066772461e+00,1.159924149513244629e+00,8.983952403068542480e-01
3.348034858703613281e+00,7.234807014465332031e-01,-4.012199878692626953e+00,5.735693931579589844e+00,7.275412082672119141e+00,3.412566661834716797e+00,3.058314800262451172e+00,-7.737465858459472656e+00,-1.090696096420288086e+00,-1.293746471405029297e+00,3.161703646183013916e-01,2.007452964782714844e+00,-1.591153979301452637e+00,-1.035653710365295410e+00,-6.672694087028503418e-01,1.238812685012817383e+00,6.881890296936035156e-01,-4.761093854904174805e-01,1.190693378448486328e+00,1.123233065009117126e-01
-3.284194946289062500e+00,4.296072959899902344e+00,-4.878877103328704834e-01,3.268612921237945557e-01,4.519750118255615234e+00,-6.325473785400390625e-01,4.214731693267822266e+00,-6.747647285461425781e+00,1.891734898090362549e-01,-6.298463046550750732e-02,2.913071870803833008e+00,3.587882518768310547e+00,-1.925099611282348633e+00,-1.049803476780653000e-02,-4.210689365863800049e-01,7.270640134811401367e-01,-1.063888520002365112e-01,9.908351302146911621e-01,-3.618474304676055908e-02,2.464268207550048828e+00
1.861742377281188965e+00,-6.456353068351745605e-01,-5.326975345611572266e+00,8.172335624694824219e+00,3.585067987442016602e+00,-3.342995643615722656e+00,9.086106717586517334e-02,2.877218246459960938e+00,1.644631981849670410e+00,-8.556739091873168945e-01,1.771404027938842773e+00,-6.205403804779052734e-01,2.015406847000122070e+00,-1.986797928810119629e+00,9.748174548149108887e-01,-1.257248878479003906e+00,-1.055221915245056152e+00,-2.874049425125122070e+00,-2.784627974033355713e-01,4.106236398220062256e-01
-3.171034336090087891e+00,3.076243877410888672e+00,1.106594800949096680e+00,3.343900918960571289e+00,-9.640659689903259277e-01,1.879481673240661621e+00,-9.560278654098510742e-01,-1.606930017471313477e+00,-7.994698286056518555e-01,4.017749786376953125e+00,-4.538103342056274414e-01,2.399250745773315430e+00,4.057193994522094727e-01,2.130891323089599609e+00,-1.833500981330871582e+00,1.564092002809047699e-02,-6.111205220222473145e-01,1.850097656250000000e+00,1.470335245132446289e+00,4.803344607353210449e-01
5.304961681365966797e+00,-3.689131736755371094e+00,-3.271569967269897461e+00,5.484499931335449219e+00,1.690224766731262207e+00,-4.863683700561523438e+00,-2.045895099639892578e+00,-3.206861972808837891e+00,2.780215740203857422e+00,-4.328011870384216309e-01,3.780467510223388672e-01,-5.745924949645996094e+00,-1.063044071197509766e-01,-2.228185236454010010e-01,1.236712098121643066e+00,-1.860121726989746094e+00,6.497201919555664062e-01,1.777520895004272461e+00,1.753534317016601562e+00,2.987432956695556641e+00
-2.094105005264282227e+00,3.413521528244018555e+00,5.192273139953613281e+00,2.131651639938354492e+00,-4.805588722229003906e+00,2.063409090042114258e+00,-2.559144258499145508e+00,1.094118118286132812e+00,-1.441271901130676270e-01,6.454864978790283203e+00,2.498255372047424316e-01,3.041877269744873047e+00,2.118212699890136719e+00,3.872637748718261719e+00,-4.525929987430572510e-01,8.033840656280517578e-01,1.881720900535583496e+00,2.173147439956665039e+00,-9.415107369422912598e-01,-6.747779846191406250e-01
-1.746968179941177368e-01,2.775094747543334961e+00,1.048188209533691406e-01,5.326505184173583984e+00,-8.477533459663391113e-01,1.507393360137939453e+00,-3.794327497482299805e+00,1.088731527328491211e+00,-1.482979297637939453e+00,4.279244899749755859e+00,-1.626252293586730957e+00,3.491181135177612305e-01,3.370862603187561035e-01,1.362725496292114258e+00,2.340341091156005859e+00,-4.729205071926116943e-01,8.832942694425582886e-02,-7.901004552841186523e-01,6.126674413681030273e-01,-1.616121292114257812e+00
2.058990448713302612e-01,9.290025830268859863e-01,-1.141424655914306641e+01,7.116194248199462891e+00,-3.751317739486694336e+00,1.064659357070922852e+00,5.249844789505004883e-01,-7.898543834686279297e+00,-5.432684347033500671e-02,-3.371485948562622070e+00,-1.055142521858215332e+00,2.067132472991943359e+00,-5.941387414932250977e-01,-4.467951297760009766e+00,-5.379070758819580078e+00,-4.640834808349609375e+00,3.769627094268798828e+00,-2.065542459487915039e+00,-1.997970938682556152e+00,-2.235698938369750977e+00
9.422345161437988281e+00,4.913819313049316406e+00,-2.081547927856445312e+01,-7.781761169433593750e+00,6.063585758209228516e+00,-6.332233428955078125e+00,-8.889073371887207031e+00,7.703679054975509644e-02,2.299499273300170898e+00,4.666179180145263672e+00,-2.200843095779418945e+00,-2.521803379058837891e+00,2.059531211853027344e+00,3.412988901138305664e+00,-2.625604391098022461e+00,1.825232625007629395e+00,5.576495528221130371e-01,-1.238565921783447266e+00,-7.634642720222473145e-02,-6.176405549049377441e-01
-2.814196348190307617e+00,5.732201099395751953e+00,-6.942719221115112305e-01,1.492527276277542114e-01,7.489807605743408203e-01,2.558648586273193359e+00,1.595080643892288208e-02,2.842885255813598633e-01,-2.928832054138183594e+00,-9.039279818534851074e-01,2.636868715286254883e+00,-1.625938892364501953e+00,-2.887366294860839844e+00,9.472374320030212402e-01,3.776192665100097656e-01,3.553802147507667542e-02,1.567758083343505859e+00,-1.125017166137695312e+00,4.733105599880218506e-01,1.477749466896057129e+00
7.118170261383056641e-01,-4.293272495269775391e+00,1.178568005561828613e+00,4.755712509155273438e+00,-1.396802544593811035e+00,3.699342966079711914e+00,-3.308499336242675781e+00,3.507023811340332031e+00,-1.603025436401367188e+00,-4.636940956115722656e-01,-4.535062909126281738e-01,-4.307167530059814453e+00,2.276877641677856445e+00,-1.340584993362426758e+00,4.890236631035804749e-02,-1.345127820968627930e+00,-1.594600796699523926e+00,1.809953451156616211e-01,-4.191448986530303955e-01,-3.665558099746704102e-01
1.686063289642333984e+00,1.279078006744384766e+00,-4.768612086772918701e-01,6.914171218872070312e+00,-1.123417854309082031e+00,1.524837255477905273e+00,-3.951764106750488281e+00,3.332699060440063477e+00,-9.235219359397888184e-01,2.880002737045288086e+00,-8.778587579727172852e-01,-6.831128597259521484e-01,-1.772498726844787598e+00,2.187879830598831177e-01,4.659126698970794678e-02,-2.375673770904541016e+00,1.172019839286804199e+00,-8.141790032386779785e-01,-2.568649947643280029e-01,-2.105105161666870117e+00
-9.399336762726306915e-03,-5.745657920837402344e+00,8.868784308433532715e-01,7.269742012023925781e+00,-2.673258066177368164e+00,5.109876990318298340e-01,-3.408125638961791992e-01,2.250208377838134766e+00,6.844513416290283203e-01,2.385742425918579102e+00,-1.801111698150634766e+00,-2.909396171569824219e+00,-1.106335148215293884e-01,-2.463341474533081055e+00,-8.378964066505432129e-01,-1.744200468063354492e+00,-7.039219737052917480e-01,2.615369856357574463e-01,-7.443892955780029297e-02,-4.090664386749267578e-01
8.441059291362762451e-02,3.138450384140014648e-01,2.795653104782104492e+00,4.505438804626464844e+00,-2.687174320220947266e+00,2.581106185913085938e+00,-4.467928409576416016e+00,2.292505025863647461e+00,-2.009370088577270508e+00,3.622872352600097656e+00,-7.805371880531311035e-01,-3.102407455444335938e-01,-9.743987917900085449e-01,2.186826467514038086e+00,-1.515026807785034180e+00,-4.779032170772552490e-01,7.764980792999267578e-01,-1.372121274471282959e-01,-7.647942304611206055e-01,-1.601981759071350098e+00
4.471732079982757568e-01,1.009905099868774414e+00,3.227648735046386719e+00,-1.363241910934448242e+00,6.717270851135253906e+00,-5.967710494995117188e+00,2.160181760787963867e+00,-3.489101886749267578e+00,-2.421304881572723389e-01,1.325182765722274780e-01,9.128749370574951172e-04,8.099993705749511719e+00,-8.336023092269897461e-01,1.632608771324157715e+00,-2.563750028610229492e+00,3.781383037567138672e-01,1.820913106203079224e-01,1.711931228637695312e-01,-6.820498704910278320e-01,-2.954821884632110596e-01
-4.947277545928955078e+00,5.875474214553833008e-01,-2.634647190570831299e-01,3.653906583786010742e+00,-4.265912055969238281e+00,-3.736156225204467773e+00,-2.216062307357788086e+00,2.262002468109130859e+00,1.490837454795837402e+00,-1.666147828102111816e+00,2.390702724456787109e+00,-3.927858471870422363e-01,1.515772700309753418e+00,-1.844210326671600342e-01,-4.219892323017120361e-01,-4.165883660316467285e-01,-2.743152618408203125e+00,-7.544067502021789551e-01,1.709615588188171387e+00,-5.196099877357482910e-01
6.764255762100219727e-01,6.038299560546875000e+00,-1.232464027404785156e+01,-9.499560356140136719e+00,-1.386166954040527344e+01,1.153476834297180176e+00,1.442040801048278809e+00,7.257473468780517578e-01,6.425931930541992188e+00,-1.052888512611389160e+00,-6.637902259826660156e-01,1.211248278617858887e+00,-4.263418197631835938e+00,-6.418330192565917969e+00,-3.886094093322753906e+00,5.646140575408935547e+00,1.228681921958923340e+00,-2.852410078048706055e-01,-6.122177124023437500e+00,-3.932713568210601807e-01
2.226590156555175781e+01,6.447545051574707031e+00,2.016971349716186523e+00,-3.810118734836578369e-01,1.406571129336953163e-03,8.342675209045410156e+00,3.465943038463592529e-02,1.489186882972717285e+00,7.846368312835693359e+00,5.792068958282470703e+00,-2.839178800582885742e+00,1.688928008079528809e+00,9.612683057785034180e-01,-2.248630046844482422e+00,-6.607349872589111328e+00,-1.310284376144409180e+00,2.178351581096649170e-01,-1.927960753440856934e+00,1.263009428977966309e+00,3.236943244934082031e+00
2.938830947875976562e+01,7.340804576873779297e+00,4.234020233154296875e+00,-3.614533185958862305e+00,-6.109101772308349609e+00,3.507695674896240234e+00,-3.652280092239379883e+00,-2.471468925476074219e+00,3.845176935195922852e+00,-2.490468740463256836e+00,3.866511583328247070e+00,1.165616139769554138e-02,-1.170000195503234863e+00,1.174205988645553589e-01,9.851948916912078857e-02,1.821339011192321777e+00,-6.774510145187377930e-01,-1.394949316978454590e+00,8.232088088989257812e-01,1.037461161613464355e+00
-8.328209877014160156e+00,-5.272238254547119141e+00,7.421255588531494141e+00,-5.463782787322998047e+00,2.354903221130371094e+00,-1.133604347705841064e-02,-7.184300899505615234e+00,3.389876365661621094e+00,-9.836043715476989746e-01,1.007218733429908752e-01,-6.044984817504882812e+00,2.935156822204589844e+00,-1.425341367721557617e+00,-1.010352706909179688e+01,2.384366281330585480e-02,5.098952054977416992e-01,-3.282186508178710938e+00,1.764300465583801270e+00,-2.678331136703491211e+00,2.288004875183105469e+00
-8.328209877014160156e+00,-5.272238254547119141e+00,7.421255588531494141e+00,-5.463782787322998047e+00,2.354903221130371094e+00,-1.133604347705841064e-02,-7.184300899505615234e+00,3.389876365661621094e+00,-9.836043715476989746e-01,1.007218733429908752e-01,-6.044984817504882812e+00,2.935156822204589844e+00,-1.425341367721557617e+00,-1.010352706909179688e+01,2.384366281330585480e-02,5.098952054977416992e-01,-3.282186508178710938e+00,1.764300465583801270e+00,-2.678331136703491211e+00,2.288004875183105469e+00
9.816511154174804688e+00,-2.920480489730834961e+00,-2.743921756744384766e+00,9.723280906677246094e+00,8.933935165405273438e+00,2.867301940917968750e+00,4.897036552429199219e+00,-2.669949054718017578e+00,2.599973201751708984e+00,2.768155038356781006e-01,-4.139768600463867188e+00,-7.065506577491760254e-01,-4.020174026489257812e+00,-3.660090565681457520e-01,-1.141892552375793457e+00,-2.408033013343811035e-01,4.747525751590728760e-01,-1.277327686548233032e-01,4.051159858703613281e+00,-3.800177574157714844e-01
-3.301501274108886719e+00,3.526025295257568359e+00,5.669771432876586914e-01,-3.085082292556762695e+00,-3.429385185241699219e+00,2.397932767868041992e+00,2.037173509597778320e+00,-5.512382507324218750e+00,-3.443017959594726562e+00,-1.059377193450927734e+00,1.344551593065261841e-01,-4.707933425903320312e+00,-2.288461685180664062e+00,3.952909708023071289e-01,2.333458185195922852e+00,1.891405940055847168e+00,-1.345933437347412109e+00,3.629589796066284180e+00,-3.184376955032348633e+00,-2.119615823030471802e-01
-5.585224151611328125e+00,-1.178249597549438477e+00,4.913894176483154297e+00,1.448933243751525879e+00,-2.721318244934082031e+00,4.064113497734069824e-01,-4.600018024444580078e+00,-2.377101421356201172e+00,-7.254903316497802734e-01,-8.717204928398132324e-01,1.579518914222717285e+00,-2.002288579940795898e+00,-2.818928360939025879e-01,1.946253538131713867e+00,-9.127448797225952148e-01,2.790762662887573242e+00,2.807434320449829102e+00,2.493088245391845703e-01,-1.638510227203369141e+00,5.824731588363647461e-01
-7.793972969055175781e+00,3.568529367446899414e+00,8.519867658615112305e-01,-5.823034644126892090e-01,-2.435485839843750000e+00,-4.788234829902648926e-01,6.955593824386596680e-01,-2.666381835937500000e+00,9.975805282592773438e-01,-3.489903450012207031e+00,-2.149645090103149414e+00,-1.231502890586853027e+00,-1.770238995552062988e+00,7.925812005996704102e-01,7.974130511283874512e-01,6.933271884918212891e-01,-2.061197720468044281e-02,2.408451288938522339e-01,1.151167035102844238e+00,4.077188074588775635e-01
-1.044630336761474609e+01,2.333598136901855469e+00,4.854739189147949219e+00,-3.957337856292724609e+00,-1.092816069722175598e-01,-5.540626525878906250e+00,-1.247184157371520996e+00,-7.991153597831726074e-01,3.759341716766357422e+00,-5.028934955596923828e+00,5.148640632629394531e+00,-1.601056456565856934e+00,1.068505048751831055e+00,8.503367900848388672e-01,-1.940648198127746582e+00,-1.415216565132141113e+00,2.517600774765014648e+00,-2.190830945968627930e+00,6.696854829788208008e-01,-3.480400323867797852e+00
-2.174811124801635742e+00,-1.936430573463439941e+00,-1.912788271903991699e+00,7.483468055725097656e+00,2.011554241180419922e-01,1.092324376106262207e+00,1.283720850944519043e+00,6.757362484931945801e-01,1.276641368865966797e+00,-1.771748065948486328e+00,-4.278021156787872314e-01,-1.407105088233947754e+00,2.047392539680004120e-02,-2.674103498458862305e+00,-6.467080712318420410e-01,1.379804134368896484e+00,-9.034267663955688477e-01,-2.132298469543457031e+00,1.064166188240051270e+00,1.447910904884338379e+00
-4.349686145782470703e+00,6.615591049194335938e-01,2.076383829116821289e+00,-5.151751637458801270e-01,-1.933046460151672363e+00,-2.939382791519165039e+00,7.978178858757019043e-01,-1.828431785106658936e-01,-4.123694300651550293e-01,-3.464720726013183594e+00,-4.779088973999023438e+00,6.634186506271362305e-01,2.072623729705810547e+00,-1.726882904767990112e-01,-1.369359612464904785e+00,-2.687412738800048828e+00,-3.232235908508300781e+00,-6.111483573913574219e-01,-1.081480979919433594e+00,1.389280796051025391e+00
3.469968414306640625e+01,1.382846474647521973e+00,8.742554664611816406e+00,-5.115855216979980469e+00,-5.578007698059082031e+00,-3.677264928817749023e+00,-1.874716281890869141e+00,-2.244532823562622070e+00,-8.188245892524719238e-01,-3.682892799377441406e+00,2.577543735504150391e+00,2.089308261871337891e+00,1.506067663431167603e-01,-1.180634856224060059e+00,1.139982104301452637e+00,9.086284041404724121e-01,-3.247716903686523438e+00,-3.040715754032135010e-01,1.247077703475952148e+00,2.033803701400756836e+00
2.940105819702148438e+01,3.907636404037475586e+00,6.069488525390625000e+00,-2.035545825958251953e+00,-4.654407024383544922e+00,1.658832430839538574e+00,-3.364414215087890625e+00,1.473121285438537598e+00,-3.562211751937866211e+00,-4.190400600433349609e+00,1.242843985557556152e+00,1.255020022392272949e+00,2.890349149703979492e+00,5.278638005256652832e-01,1.488404512405395508e+00,1.122928857803344727e-01,1.246630311012268066e+00,-5.852535963058471680e-01,6.314477920532226562e-01,-1.605948209762573242e+00
3.919662162661552429e-02,7.126773148775100708e-02,-3.757704734802246094e+00,2.696351051330566406e+00,-1.048613190650939941e+00,-2.364172697067260742e+00,-6.407978534698486328e-01,2.538156509399414062e+00,-3.137409448623657227e+00,-2.247771501541137695e+00,1.570914506912231445e+00,1.717479228973388672e+00,-1.384168118238449097e-01,-1.054954886436462402e+00,-3.638531565666198730e-01,-9.363834261894226074e-01,-1.131402730941772461e+00,-5.628371238708496094e-01,6.467680335044860840e-01,-1.573294162750244141e+00
-4.375774383544921875e+00,-2.800517797470092773e+00,2.176094055175781250e+00,-2.260789394378662109e+00,1.283654093742370605e+00,7.509804725646972656e+00,-1.562911272048950195e+00,5.132023617625236511e-02,-2.864592671394348145e-01,6.014611721038818359e-01,2.156853914260864258e+00,1.729514479637145996e+00,-2.158354043960571289e+00,3.034126281738281250e+00,-8.850727677345275879e-01,-1.692119598388671875e+00,1.785663604736328125e+00,-4.803816974163055420e-01,-1.769906044006347656e+00,2.244960665702819824e-01
4.882716655731201172e+00,4.121935665607452393e-01,8.717309236526489258e-01,3.035011053085327148e+00,2.825295925140380859e+00,5.891522407531738281e+00,2.291951656341552734e+00,7.617461085319519043e-01,-4.323622226715087891e+00,9.238490462303161621e-01,-2.328193902969360352e+00,-3.795360326766967773e+00,2.708317756652832031e+00,-4.886726140975952148e-01,1.160478591918945312e+00,1.908459424972534180e+00,-1.217994928359985352e+00,-4.472807645797729492e-01,1.684752583503723145e+00,-6.983581185340881348e-02
-4.351538658142089844e+00,-4.360471725463867188e+00,-7.021223068237304688e+00,2.011442422866821289e+00,-2.545577287673950195e+00,8.739500999450683594e+00,1.681837677955627441e+00,-3.252368450164794922e+00,8.111057281494140625e-01,-5.158113241195678711e-01,2.619801759719848633e+00,2.596388578414916992e+00,1.845395445823669434e+00,1.196775078773498535e+00,-1.020856499671936035e+00,-9.430748820304870605e-01,-5.145222544670104980e-01,1.200813949108123779e-01,1.994888067245483398e+00,-3.399853944778442383e+00
-2.831112861633300781e+00,6.527258872985839844e+00,-7.063434123992919922e+00,-4.591348648071289062e+00,-2.454321831464767456e-01,-2.278223752975463867e+00,5.656952261924743652e-01,-3.862776994705200195e+00,4.430278539657592773e-01,1.648311853408813477e+00,-3.337613940238952637e-01,-2.289838194847106934e-01,-1.285112053155899048e-01,-1.092951595783233643e-01,8.349603414535522461e-02,-1.481173753738403320e+00,-2.489230155944824219e+00,1.078403592109680176e+00,1.027606010437011719e+00,-2.412231922149658203e+00
-1.856835842132568359e+00,6.921165943145751953e+00,-8.326594352722167969e+00,-3.050871610641479492e+00,5.452907085418701172e-01,-1.692322373390197754e+00,-1.367579460144042969e+00,-4.139573574066162109e+00,1.367408186197280884e-01,2.155663490295410156e+00,-1.471537828445434570e+00,-1.492540955543518066e+00,1.851330976933240891e-03,1.067784786224365234e+00,6.052256822586059570e-01,-1.254043102264404297e+00,-2.554547786712646484e+00,7.324598431587219238e-01,1.473718523979187012e+00,-2.810109138488769531e+00
-4.308664321899414062e+00,-1.357671737670898438e+00,-5.795370340347290039e-01,1.439785119146108627e-02,-1.509181857109069824e+00,-6.077896595001220703e+00,1.099243089556694031e-01,1.306794047355651855e+00,9.744750857353210449e-01,-2.716390848159790039e+00,-8.475155830383300781e-01,4.412878990173339844e+00,9.294278621673583984e-01,5.813142061233520508e-01,1.346956133842468262e+00,1.703313112258911133e+00,-2.230318784713745117e+00,-1.684648752212524414e+00,5.088621973991394043e-01,-1.458820819854736328e+00
-4.952568531036376953e+00,5.494451045989990234e+00,-9.609621167182922363e-01,-2.944892168045043945e+00,2.680420398712158203e+00,-3.004235029220581055e-01,5.132679462432861328e+00,-4.814342498779296875e+00,-4.296829998493194580e-01,-1.605254560708999634e-01,2.331859111785888672e+00,-1.895786523818969727e+00,2.308716475963592529e-01,-1.301187515258789062e+00,1.826368212699890137e+00,1.339113235473632812e+00,9.206274747848510742e-01,1.086474284529685974e-01,8.598899245262145996e-01,1.871762037277221680e+00
-1.316784143447875977e+00,-1.323654556274414062e+01,-2.207738399505615234e+00,-1.000696372985839844e+01,1.448063015937805176e+00,8.354737162590026855e-01,-5.250082492828369141e+00,8.216199278831481934e-01,-1.019555211067199707e+00,-3.827932596206665039e+00,2.939974546432495117e+00,7.663381844758987427e-02,-6.404740810394287109e+00,2.951845884323120117e+00,4.644531726837158203e+00,3.560183286666870117e+00,2.940643310546875000e+00,3.122899055480957031e+00,1.782314300537109375e+00,3.273508548736572266e+00
-7.744904041290283203e+00,4.185766696929931641e+00,3.107960700988769531e+00,-3.766118288040161133e+00,-1.724154829978942871e+00,-2.177700519561767578e+00,1.522115230560302734e+00,-2.130149841308593750e+00,1.144421815872192383e+00,-1.103797197341918945e+00,-1.659960031509399414e+00,-6.201335191726684570e-01,1.884271502494812012e+00,2.092031955718994141e+00,-1.718094825744628906e+00,-1.617880463600158691e+00,2.054611444473266602e-01,1.349976301193237305e+00,2.815597772598266602e+00,5.974193215370178223e-01
-3.715881586074829102e+00,8.069360733032226562e+00,1.724299430847167969e+00,-8.246805191040039062e+00,-1.651445388793945312e+00,1.015799760818481445e+00,1.889599084854125977e+00,3.305346965789794922e+00,-4.143033027648925781e+00,1.653218984603881836e+00,-2.537824153900146484e+00,1.181000947952270508e+00,1.413936495780944824e+00,-5.416932702064514160e-01,-8.562811613082885742e-01,2.459568381309509277e-01,1.969313502311706543e+00,1.842216849327087402e+00,7.783540487289428711e-01,-2.914443910121917725e-01
1.381893396377563477e+00,-3.082870721817016602e+00,-1.202417755126953125e+01,-2.335335016250610352e+00,2.728397130966186523e+00,1.775698781013488770e+00,-5.470782756805419922e+00,4.267737865447998047e+00,-7.112117290496826172e+00,-4.070570945739746094e+00,-3.032567739486694336e+00,2.052912235260009766e+00,1.028076529502868652e+00,-6.358256936073303223e-01,2.896621704101562500e+00,-3.562740087509155273e+00,2.687640488147735596e-02,-4.571967124938964844e+00,4.200285971164703369e-01,1.902492761611938477e+00
2.873634696006774902e-01,4.688438892364501953e+00,3.831496000289916992e+00,-5.786155700683593750e+00,2.191126108169555664e+00,3.119713306427001953e+00,1.902276277542114258e+00,3.372657537460327148e+00,-3.390430212020874023e+00,4.738056361675262451e-01,-1.437476158142089844e+00,1.125831842422485352e+00,2.238512784242630005e-01,1.103680253028869629e+00,-3.131598711013793945e+00,5.688610672950744629e-01,3.233925342559814453e+00,1.843188881874084473e+00,-5.061144351959228516e+00,1.291261196136474609e+00
-9.067995548248291016e-01,3.840436935424804688e+00,3.550017595291137695e+00,2.641163349151611328e+00,-2.691071987152099609e+00,1.177215099334716797e+00,-3.091217756271362305e+00,4.507615089416503906e+00,-2.618545532226562500e+00,4.046666145324707031e+00,-1.594287306070327759e-01,3.131194829940795898e+00,-7.707746028900146484e-01,2.334574222564697266e+00,7.050004601478576660e-01,5.519153475761413574e-01,2.961190938949584961e+00,1.264606118202209473e+00,-8.250341415405273438e-01,-7.859321236610412598e-01
-5.264183521270751953e+00,-2.162997245788574219e+00,3.274840116500854492e-01,5.115330219268798828e+00,-4.271556377410888672e+00,4.688608348369598389e-01,-4.443144500255584717e-01,3.982334852218627930e+00,2.514029264450073242e+00,2.762532949447631836e+00,3.612886667251586914e+00,3.004163503646850586e+00,1.648865103721618652e+00,6.322245001792907715e-01,3.062584102153778076e-01,-1.237748622894287109e+00,-1.423269271850585938e+00,5.049118027091026306e-02,-2.062037706375122070e+00,-1.248895406723022461e+00
-9.067995548248291016e-01,3.840436935424804688e+00,3.550017595291137695e+00,2.641163349151611328e+00,-2.691071987152099609e+00,1.177215099334716797e+00,-3.091217756271362305e+00,4.507615089416503906e+00,-2.618545532226562500e+00,4.046666145324707031e+00,-1.594287306070327759e-01,3.131194829940795898e+00,-7.707746028900146484e-01,2.334574222564697266e+00,7.050004601478576660e-01,5.519153475761413574e-01,2.961190938949584961e+00,1.264606118202209473e+00,-8.250341415405273438e-01,-7.859321236610412598e-01
9.422345161437988281e+00,4.913819313049316406e+00,-2.081547927856445312e+01,-7.781761169433593750e+00,6.063585758209228516e+00,-6.332233428955078125e+00,-8.889073371887207031e+00,7.703679054975509644e-02,2.299499273300170898e+00,4.666179180145263672e+00,-2.200843095779418945e+00,-2.521803379058837891e+00,2.059531211853027344e+00,3.412988901138305664e+00,-2.625604391098022461e+00,1.825232625007629395e+00,5.576495528221130371e-01,-1.238565921783447266e+00,-7.634642720222473145e-02,-6.176405549049377441e-01
-3.052795410156250000e+00,3.471088647842407227e+00,1.951958060264587402e+00,2.276147842407226562e+00,1.178078293800354004e+00,2.094223737716674805e+00,-1.277565956115722656e+00,-3.340395450592041016e+00,-8.626180291175842285e-01,3.898319005966186523e-01,2.020565748214721680e+00,-1.361437797546386719e+00,-1.061900496482849121e+00,2.721017122268676758e+00,-6.008337736129760742e-01,2.355797767639160156e+00,2.562252759933471680e+00,-7.189339399337768555e-01,-7.754624485969543457e-01,3.091929912567138672e+00
7.275290966033935547e+00,-2.834840202331542969e+01,3.017560958862304688e+00,-1.221208000183105469e+01,-1.611195564270019531e+01,-1.247156047821044922e+01,1.138520908355712891e+01,-1.309419155120849609e+00,-1.490606021881103516e+01,1.090944194793701172e+01,-1.710007905960083008e+00,-4.201975345611572266e+00,-6.507987499237060547e+00,6.342662334442138672e+00,-8.465168952941894531e+00,2.188342958688735962e-01,-2.527821540832519531e+00,-6.180202007293701172e+00,3.664875507354736328e+00,5.575250834226608276e-02
-4.501095771789550781e+00,9.668668508529663086e-01,3.068715333938598633e+00,-1.674577742815017700e-01,1.793718576431274414e+00,-3.425755202770233154e-01,-1.014097809791564941e+00,1.152055382728576660e+00,-9.864945411682128906e-01,-3.409895420074462891e+00,2.228897571563720703e+00,-7.734053730964660645e-01,-1.682642936706542969e+00,-2.004247456789016724e-01,-2.124978542327880859e+00,7.717193961143493652e-01,5.939881876111030579e-02,-1.449761390686035156e-01,-1.225866794586181641e+00,8.110763877630233765e-02
1.718181419372558594e+01,-5.168659687042236328e+00,6.163855075836181641e+00,3.299188613891601562e+00,1.193479299545288086e+00,-2.729702234268188477e+00,2.287940025329589844e+00,1.665742993354797363e+00,-2.086842298507690430e+00,-3.281347274780273438e+00,-1.736778259277343750e+00,-3.883049964904785156e+00,1.645072996616363525e-01,1.581852316856384277e+00,3.213847637176513672e+00,-5.031222105026245117e-01,1.130133390426635742e+00,7.083846926689147949e-01,-1.525754213333129883e+00,-2.877463102340698242e+00
-6.631056785583496094e+00,7.966350317001342773e-01,1.284253001213073730e+00,8.150730133056640625e-01,-1.763482809066772461e+00,1.878114819526672363e+00,-1.808739066123962402e+00,2.368847608566284180e+00,-7.275250554084777832e-01,-2.736204385757446289e+00,-2.264247417449951172e+00,-7.378696799278259277e-01,1.615514606237411499e-01,1.119685471057891846e-01,-2.600590705871582031e+00,-1.228835821151733398e+00,-2.257998466491699219e+00,2.880614697933197021e-01,1.651630282402038574e+00,8.866286873817443848e-01
-8.039894104003906250e+00,3.688962697982788086e+00,4.870099544525146484e+00,-5.022586822509765625e+00,-1.481027722358703613e+00,5.798288583755493164e-01,7.884242534637451172e-01,4.816555380821228027e-01,-1.853102743625640869e-01,-3.685579776763916016e+00,-5.377794742584228516e+00,2.011444717645645142e-01,2.290532112121582031e+00,1.329689860343933105e+00,-2.459128379821777344e+00,-2.177384853363037109e+00,-1.348035097122192383e+00,1.459019541740417480e+00,1.770017147064208984e+00,1.341978788375854492e+00
-3.425877332687377930e+00,3.124830126762390137e-01,-1.453846096992492676e+00,2.797314524650573730e-01,-1.937064766883850098e+00,2.266925573348999023e+00,-2.463629841804504395e-01,3.547268152236938477e+00,2.941857837140560150e-02,-4.869441986083984375e+00,-2.946890830993652344e+00,-2.045138835906982422e+00,1.212856650352478027e+00,-7.752403020858764648e-01,-3.221920132637023926e-01,-1.339524388313293457e+00,-2.946176290512084961e+00,2.064630985260009766e+00,1.454889416694641113e+00,1.225088715553283691e+00
-5.794966697692871094e+00,6.749333858489990234e+00,-1.587954163551330566e-01,-5.763205528259277344e+00,7.833074033260345459e-02,-2.416323900222778320e+00,5.724202156066894531e+00,-3.391596317291259766e+00,2.627121448516845703e+00,4.902314841747283936e-01,5.619609355926513672e-01,-7.078316211700439453e-01,6.688563227653503418e-01,3.434658944606781006e-01,4.677242755889892578e+00,-8.166393637657165527e-01,1.969987034797668457e+00,-1.916451930999755859e+00,9.601709842681884766e-01,3.163771927356719971e-01
4.471732079982757568e-01,1.009905099868774414e+00,3.227648735046386719e+00,-1.363241910934448242e+00,6.717270851135253906e+00,-5.967710494995117188e+00,2.160181760787963867e+00,-3.489101886749267578e+00,-2.421304881572723389e-01,1.325182765722274780e-01,9.128749370574951172e-04,8.099993705749511719e+00,-8.336023092269897461e-01,1.632608771324157715e+00,-2.563750028610229492e+00,3.781383037567138672e-01,1.820913106203079224e-01,1.711931228637695312e-01,-6.820498704910278320e-01,-2.954821884632110596e-01
1.139496040344238281e+01,-5.787107467651367188e+00,1.534846544265747070e+00,3.835194826126098633e+00,-1.126641631126403809e+00,-3.313007831573486328e+00,5.190065383911132812e+00,2.564674615859985352e+00,5.135483741760253906e-01,-4.088332176208496094e+00,-1.646985173225402832e+00,-2.977961778640747070e+00,-2.180472135543823242e+00,-1.194629445672035217e-02,3.859585523605346680e+00,-1.825518906116485596e-01,2.196012288331985474e-01,1.396633028984069824e+00,-2.599478483200073242e+00,-3.630960702896118164e+00
-4.612205505371093750e+00,2.123883247375488281e+00,3.717543125152587891e+00,5.445175766944885254e-01,-2.471186161041259766e+00,3.563615560531616211e+00,-1.782183885574340820e+00,1.751131415367126465e+00,1.160691618919372559e+00,-4.205609858036041260e-01,-3.763289153575897217e-01,-2.526614665985107422e-01,-1.863486886024475098e+00,3.100418806076049805e+00,-1.276404857635498047e+00,-8.428735733032226562e-01,6.319316029548645020e-01,8.829792737960815430e-01,6.359916329383850098e-01,-6.001667380332946777e-01
-3.988313198089599609e+00,2.726140737533569336e+00,1.663791775703430176e+00,4.757848262786865234e+00,-1.687211394309997559e+00,2.901393175125122070e-01,5.331641435623168945e-02,9.166439771652221680e-01,-9.254377484321594238e-01,1.295092821121215820e+00,5.739848136901855469e+00,-1.206206917762756348e+00,-2.168972015380859375e+00,-1.486688137054443359e+00,-1.519609808921813965e+00,-4.466049671173095703e+00,-1.890025567263364792e-03,-2.995664358139038086e+00,-3.021336078643798828e+00,2.411966323852539062e-01
-6.400406360626220703e+00,9.584676623344421387e-01,2.299062490463256836e+00,-3.256076872348785400e-01,-2.341727256774902344e+00,-7.560980916023254395e-01,-1.378108978271484375e+00,-1.247750997543334961e+00,3.033169984817504883e+00,-3.209682226181030273e+00,-4.829247474670410156e+00,1.357988119125366211e+00,7.432757019996643066e-01,3.565786361694335938e+00,2.695402860641479492e+00,8.659230470657348633e-01,-1.870582342147827148e+00,-4.056394100189208984e+00,-2.430554628372192383e+00,4.861684799194335938e+00
-7.029492855072021484e+00,6.143457889556884766e-01,9.981952309608459473e-01,4.058499813079833984e+00,-2.894481420516967773e+00,-2.304844617843627930e+00,-3.862673342227935791e-01,-9.530580043792724609e-02,2.261277914047241211e+00,-6.360484957695007324e-01,-6.861537694931030273e-01,1.349689602851867676e+00,1.391400218009948730e+00,4.785149395465850830e-01,-7.121090590953826904e-02,2.314918994903564453e+00,-9.924525618553161621e-01,-1.149855375289916992e+00,5.162965655326843262e-01,4.745219647884368896e-01
-7.670377254486083984e+00,3.248172760009765625e+00,3.547399997711181641e+00,-1.715641140937805176e+00,-9.384393692016601562e-01,-1.792836308479309082e+00,-2.583370208740234375e+00,1.067919611930847168e+00,3.349435329437255859e-01,-2.541067361831665039e+00,-2.136902570724487305e+00,-3.366656899452209473e-01,5.858346819877624512e-01,-3.289636671543121338e-01,-1.186815142631530762e+00,8.587599992752075195e-01,-2.508028149604797363e-01,6.569324135780334473e-01,1.854085922241210938e+00,-9.571430087089538574e-01
2.568132162094116211e+00,-4.855440616607666016e+00,-9.457681655883789062e+00,-2.786683738231658936e-01,3.251542329788208008e+00,-3.826341867446899414e+00,-5.679730892181396484e+00,7.003365755081176758e-01,-3.369874715805053711e+00,-4.662737369537353516e+00,2.833635568618774414e+00,8.776193857192993164e-01,-6.011843681335449219e-01,5.267702937126159668e-01,1.560325622558593750e+00,9.237513542175292969e-01,9.127174019813537598e-01,-7.544396817684173584e-02,-3.454061150550842285e-01,1.832548737525939941e+00
1.374586486816406250e+01,9.025415420532226562e+00,1.376916527748107910e+00,-5.765250682830810547e+00,-5.004285812377929688e+00,8.059227466583251953e-01,-1.847752928733825684e+00,1.932588100433349609e+00,9.657422065734863281e+00,2.478155374526977539e+00,-5.239642858505249023e-01,-1.988439917564392090e+00,-3.988456010818481445e+00,-3.872847855091094971e-01,-1.141919612884521484e+00,-1.927807480096817017e-01,2.372002124786376953e+00,5.255467891693115234e-01,-1.324226975440979004e+00,-8.860485553741455078e-01
-1.052008914947509766e+01,1.728744029998779297e+00,5.612984180450439453e+00,-3.583932399749755859e+00,1.904981493949890137e+00,-5.384526729583740234e+00,-2.112347126007080078e+00,-4.240550994873046875e-01,2.228618144989013672e+00,-4.941998958587646484e+00,-5.095921754837036133e-01,-2.562657117843627930e+00,2.394749641418457031e+00,-2.297660112380981445e+00,-1.831782102584838867e+00,-4.899122714996337891e-01,2.544095993041992188e+00,-1.361933827400207520e+00,3.470343112945556641e+00,-2.580235958099365234e+00
2.658003807067871094e+01,4.302016735076904297e+00,4.484614372253417969e+00,2.586519122123718262e-01,5.093104243278503418e-01,3.613465309143066406e+00,2.405650168657302856e-01,1.069702029228210449e+00,6.151170253753662109e+00,3.924844503402709961e+00,-2.562565803527832031e+00,2.786208391189575195e+00,1.061017036437988281e+00,-1.321679949760437012e+00,-4.652544498443603516e+00,-2.348263263702392578e+00,5.890664458274841309e-01,-3.964170813560485840e-01,1.171386957168579102e+00,2.027353525161743164e+00
-3.188833713531494141e+00,3.388695120811462402e-01,-2.418773651123046875e+00,3.741712093353271484e+00,-4.060068607330322266e+00,-2.189372301101684570e+00,-2.846131801605224609e+00,2.509252309799194336e+00,2.935793161392211914e+00,6.786551475524902344e-01,3.349194765090942383e+00,-2.090720087289810181e-01,1.832353234291076660e+00,5.763591527938842773e-01,-3.156155049800872803e-01,9.193304181098937988e-01,-2.758383035659790039e+00,3.691362142562866211e+00,7.206656336784362793e-01,6.612202525138854980e-01
-3.731080055236816406e+00,5.593333244323730469e+00,-5.061098933219909668e-01,1.051645398139953613e+00,-4.312232017517089844e+00,6.553015857934951782e-02,1.745823740959167480e+00,-2.994188308715820312e+00,-3.074527978897094727e+00,2.126862525939941406e+00,-4.111342906951904297e+00,-2.301501989364624023e+00,1.546139001846313477e+00,-2.055107116699218750e+00,2.078066110610961914e+00,1.165333986282348633e+00,-8.161441683769226074e-01,2.554835796356201172e+00,9.411228299140930176e-01,-2.201554059982299805e+00
3.017410993576049805e+00,1.533385276794433594e+00,4.923250675201416016e+00,3.267402887344360352e+00,6.930727958679199219e-01,-1.014344692230224609e+01,1.429881453514099121e+00,5.024682521820068359e+00,6.765675544738769531e-02,5.889762878417968750e+00,-2.548839092254638672e+00,5.407975196838378906e+00,1.683475136756896973e+00,-2.906973361968994141e+00,2.490628957748413086e+00,1.753175854682922363e+00,4.930566787719726562e+00,1.110315203666687012e+00,1.385070085525512695e+00,-1.625568628311157227e+00
-4.861837387084960938e+00,-1.844502830505371094e+01,1.121778678894042969e+01,-1.385534286499023438e+01,7.173684120178222656e+00,5.941247940063476562e+00,-7.020932197570800781e+00,-5.976758956909179688e+00,4.703445911407470703e+00,6.824803829193115234e+00,1.126323103904724121e+00,-2.887119293212890625e+00,2.156012058258056641e+00,-6.551047325134277344e+00,2.910615682601928711e+00,5.220512747764587402e-01,4.419472441077232361e-02,-3.041834354400634766e+00,5.508138537406921387e-01,-1.914791584014892578e+00
-6.005996227264404297e+00,-2.548876285552978516e+00,-4.310453414916992188e+00,-1.161261916160583496e+00,2.351819753646850586e+00,3.359173059463500977e+00,-4.069976806640625000e+00,-4.173763751983642578e+00,-3.505998849868774414e+00,-1.767637014389038086e+00,1.923488855361938477e+00,2.943770885467529297e+00,-9.278002977371215820e-01,7.714939713478088379e-01,-7.021797895431518555e-01,6.599622368812561035e-01,-1.344462752342224121e+00,1.864610910415649414e+00,1.756152510643005371e+00,-1.242155075073242188e+00
3.554188537597656250e+01,3.165083885192871094e+00,1.081444168090820312e+01,-7.862539768218994141e+00,-6.117836952209472656e+00,-3.643502712249755859e+00,-3.999859094619750977e+00,-7.054747581481933594e+00,-1.349623322486877441e+00,-5.290041446685791016e+00,5.719511032104492188e+00,3.853831291198730469e+00,1.726452946662902832e+00,1.204061269760131836e+00,3.048166990280151367e+00,-4.139036238193511963e-01,-4.264407157897949219e+00,1.354599464684724808e-02,8.954976797103881836e-01,1.258312106132507324e+00
1.444656550884246826e-01,-2.929826736450195312e+00,4.115925312042236328e+00,8.722642064094543457e-01,2.640437841415405273e+00,4.130906760692596436e-01,-1.819416046142578125e+00,-1.157581448554992676e+00,7.997640222311019897e-02,-5.148795247077941895e-01,3.971565663814544678e-01,-1.813098073005676270e+00,1.991659164428710938e+00,1.899428963661193848e+00,1.926548779010772705e-01,3.701951205730438232e-01,8.162719607353210449e-01,2.394837617874145508e+00,-3.294000148773193359e+00,1.767771959304809570e+00
2.390371513366699219e+01,5.113977909088134766e+00,2.056836128234863281e+00,3.294427394866943359e-01,1.030193686485290527e+00,4.644671916961669922e+00,-1.917266607284545898e+00,1.339336991310119629e+00,3.527673244476318359e+00,-1.166401896625757217e-02,1.563233375549316406e+00,-2.085600852966308594e+00,-2.295852422714233398e+00,6.731745004653930664e-01,-6.015871167182922363e-01,-4.606475532054901123e-01,2.097532525658607483e-02,-2.212139606475830078e+00,3.025581359863281250e+00,4.298854470252990723e-01
3.171407508850097656e+01,5.353139877319335938e+00,5.506392478942871094e+00,-3.649940252304077148e+00,-6.150187492370605469e+00,1.694664716720581055e+00,-3.928990125656127930e+00,-1.216875910758972168e+00,-2.419104337692260742e+00,-5.165087699890136719e+00,2.480554342269897461e+00,2.229959487915039062e+00,2.708860635757446289e+00,-4.249682426452636719e-01,1.585455775260925293e+00,4.452542960643768311e-01,1.779045909643173218e-01,-2.555074691772460938e-01,2.118860781192779541e-01,-1.242765188217163086e+00
-2.174811124801635742e+00,-1.936430573463439941e+00,-1.912788271903991699e+00,7.483468055725097656e+00,2.011554241180419922e-01,1.092324376106262207e+00,1.283720850944519043e+00,6.757362484931945801e-01,1.276641368865966797e+00,-1.771748065948486328e+00,-4.278021156787872314e-01,-1.407105088233947754e+00,2.047392539680004120e-02,-2.674103498458862305e+00,-6.467080712318420410e-01,1.379804134368896484e+00,-9.034267663955688477e-01,-2.132298469543457031e+00,1.064166188240051270e+00,1.447910904884338379e+00
-3.988313198089599609e+00,2.726140737533569336e+00,1.663791775703430176e+00,4.757848262786865234e+00,-1.687211394309997559e+00,2.901393175125122070e-01,5.331641435623168945e-02,9.166439771652221680e-01,-9.254377484321594238e-01,1.295092821121215820e+00,5.739848136901855469e+00,-1.206206917762756348e+00,-2.168972015380859375e+00,-1.486688137054443359e+00,-1.519609808921813965e+00,-4.466049671173095703e+00,-1.890025567263364792e-03,-2.995664358139038086e+00,-3.021336078643798828e+00,2.411966323852539062e-01
-1.709686636924743652e+00,7.436453104019165039e-01,-6.715988516807556152e-01,1.475331187248229980e+00,-3.547753572463989258e+00,5.078120231628417969e+00,-9.246850013732910156e-01,-4.418913364410400391e+00,-9.322281479835510254e-01,-1.580089569091796875e+00,2.275985002517700195e+00,-2.253895759582519531e+00,-2.928959429264068604e-01,2.313403367996215820e+00,-5.884130597114562988e-01,-5.777997970581054688e-01,-2.075636573135852814e-02,2.004018306732177734e+00,-2.243515729904174805e+00,3.411908864974975586e+00
-5.104788780212402344e+00,9.835296273231506348e-01,4.204562187194824219e+00,1.692006349563598633e+00,1.521296501159667969e-01,2.602748632431030273e+00,-3.182669878005981445e+00,7.549583911895751953e-01,-1.336118102073669434e+00,-1.522673130035400391e+00,-4.611600935459136963e-01,-3.423892021179199219e+00,6.372770071029663086e-01,-1.962572634220123291e-01,-6.017521023750305176e-01,2.295497417449951172e+00,7.363831400871276855e-01,-7.923704385757446289e-01,5.427849292755126953e-01,4.900053143501281738e-01
1.913951158523559570e+00,-6.010431289672851562e+00,-1.030171275138854980e+00,-5.697625160217285156e+00,1.044780921936035156e+01,6.076374650001525879e-01,-3.815263509750366211e+00,2.302920341491699219e+00,-1.175662398338317871e+00,1.673635691404342651e-01,2.992818653583526611e-01,-3.343197107315063477e-01,-4.873142719268798828e+00,4.973400115966796875e+00,1.563719391822814941e+00,-3.624352931976318359e+00,-3.228827238082885742e+00,4.107549190521240234e+00,-1.647388219833374023e+00,-2.352832555770874023e+00
-1.296558737754821777e+00,4.435749053955078125e+00,-2.117896795272827148e+00,-6.284808158874511719e+00,8.556279182434082031e+00,2.186622142791748047e+00,5.481685161590576172e+00,7.261340618133544922e+00,-3.307177543640136719e+00,2.819603085517883301e-01,2.315524339675903320e+00,1.079941689968109131e-01,7.368448376655578613e-01,9.458339959383010864e-02,1.129422903060913086e+00,3.284569382667541504e-01,-1.058305501937866211e+00,-2.177626609802246094e+00,-3.745979964733123779e-01,-6.773632168769836426e-01
-4.831057548522949219e+00,7.808461785316467285e-01,-1.415224373340606689e-01,4.870891571044921875e+00,9.650689959526062012e-01,1.186507821083068848e+00,-1.318500399589538574e+00,-1.169978141784667969e+00,2.126795649528503418e-01,2.174146413803100586e+00,1.234813928604125977e+00,2.291079521179199219e+00,-6.902830004692077637e-01,3.667182326316833496e-01,1.355045080184936523e+00,7.453284263610839844e-01,-2.760838866233825684e-01,-2.401287853717803955e-01,2.412324190139770508e+00,-1.176770567893981934e+00
-4.534365653991699219e+00,-1.818468332290649414e+00,3.802339315414428711e+00,6.415010452270507812e+00,-3.373591184616088867e+00,2.328867673873901367e+00,-5.471042633056640625e+00,-7.037040591239929199e-02,-2.075834989547729492e+00,4.115452289581298828e+00,3.885815441608428955e-01,1.466690421104431152e+00,1.436064720153808594e+00,1.149327158927917480e+00,-1.091788768768310547e+00,1.141128778457641602e+00,-6.202045083045959473e-01,1.951115012168884277e+00,-1.066402420401573181e-01,-1.388359427452087402e+00
4.923612594604492188e+00,-3.860942125320434570e+00,-2.535158634185791016e+00,4.983249187469482422e+00,1.789430022239685059e+00,-4.077680587768554688e+00,-1.281355738639831543e+00,-3.284332036972045898e+00,3.041379213333129883e+00,-6.907272338867187500e-01,8.767566829919815063e-02,-5.724386692047119141e+00,-2.548499405384063721e-01,-8.070781081914901733e-02,1.032992362976074219e+00,-1.251304864883422852e+00,1.305790781974792480e+00,1.999206781387329102e+00,1.650358676910400391e+00,3.267186403274536133e+00
-1.563592076301574707e+00,6.511945724487304688e+00,3.595611810684204102e+00,3.971081972122192383e-01,-3.177246332168579102e+00,1.555819034576416016e+00,1.083721399307250977e+00,5.516698360443115234e-01,-1.055179350078105927e-02,2.431143999099731445e+00,-2.037291049957275391e+00,-1.827589154243469238e+00,7.676549553871154785e-01,2.441112756729125977e+00,1.551357269287109375e+00,1.607435226440429688e+00,5.284333825111389160e-01,1.011537671089172363e+00,7.000954747200012207e-01,3.690738081932067871e-01
1.278303265571594238e+00,-1.265041923522949219e+01,-2.782767295837402344e+00,7.549075603485107422e+00,-3.135804891586303711e+00,1.652975440025329590e+00,3.224966764450073242e+00,3.653681516647338867e+00,4.253108024597167969e+00,-4.037331342697143555e-01,2.153738975524902344e+00,-1.245172381401062012e+00,5.211096763610839844e+00,1.422143340110778809e+00,2.291245609521865845e-01,1.665385246276855469e+00,-1.289164304733276367e+00,4.028275981545448303e-02,8.821123242378234863e-01,-1.233944177627563477e+00
-4.752724170684814453e+00,7.541776180267333984e+00,-1.175637722015380859e+00,-6.099138736724853516e+00,2.117123126983642578e+00,-1.100270867347717285e+00,5.451227664947509766e+00,2.140232920646667480e-01,-3.360726237297058105e-01,4.555258154869079590e-01,4.243712425231933594e+00,-1.640999764204025269e-01,-5.300795435905456543e-01,-2.857036828994750977e+00,2.438915491104125977e+00,-2.628424406051635742e+00,1.505521416664123535e+00,7.687734365463256836e-01,5.654291510581970215e-01,1.613201737403869629e+00
-3.532503366470336914e+00,-2.729799032211303711e+00,3.426457941532135010e-01,-2.720064163208007812e+00,3.210031509399414062e+00,7.584083080291748047e+00,7.454227209091186523e-01,-1.172850370407104492e+00,9.729297459125518799e-02,-2.082317590713500977e+00,6.668636947870254517e-02,1.432931780815124512e+00,-8.323471546173095703e-01,2.283887147903442383e+00,-1.940873503684997559e+00,6.457498669624328613e-01,-1.216393828392028809e+00,1.097400307655334473e+00,7.270235419273376465e-01,3.822236359119415283e-01
-4.684919357299804688e+00,6.482525348663330078e+00,4.315244674682617188e+00,-4.803862571716308594e+00,-2.024242877960205078e+00,3.703225553035736084e-01,1.014616727828979492e+00,1.254098176956176758e+00,1.450335979461669922e+00,1.109399914741516113e+00,-3.012250900268554688e+00,-1.932336807250976562e+00,-2.195457667112350464e-01,2.822294473648071289e+00,5.033827424049377441e-01,-1.060060024261474609e+00,4.494402185082435608e-02,8.322349190711975098e-01,2.253194808959960938e+00,-6.662950515747070312e-01
-3.546132802963256836e+00,-6.637379646301269531e+00,2.924139201641082764e-01,-9.046338081359863281e+00,4.770808696746826172e+00,5.261600017547607422e+00,1.693787693977355957e+00,4.489346981048583984e+00,-1.232687830924987793e+00,-2.592462539672851562e+00,5.706472396850585938e+00,2.248714864253997803e-01,7.031964063644409180e-01,3.984192371368408203e+00,2.408272027969360352e-01,-9.009554386138916016e-01,-1.132735013961791992e+00,3.142591953277587891e+00,-2.280696630477905273e+00,-1.691604852676391602e+00
2.754895687103271484e+00,7.590676784515380859e+00,1.634028077125549316e+00,-4.133901596069335938e+00,1.220420122146606445e+00,1.325047135353088379e+00,4.157150536775588989e-02,4.639348506927490234e+00,-5.788237094879150391e+00,1.629647135734558105e+00,3.802892267704010010e-01,-1.668502330780029297e+00,4.797467887401580811e-01,-1.929700374603271484e+00,8.049788326025009155e-02,-1.338486433029174805e+00,3.775628566741943359e+00,1.557423353195190430e+00,1.024301052093505859e+00,1.276526331901550293e+00
-1.044630336761474609e+01,2.333598136901855469e+00,4.854739189147949219e+00,-3.957337856292724609e+00,-1.092816069722175598e-01,-5.540626525878906250e+00,-1.247184157371520996e+00,-7.991153597831726074e-01,3.759341716766357422e+00,-5.028934955596923828e+00,5.148640632629394531e+00,-1.601056456565856934e+00,1.068505048751831055e+00,8.503367900848388672e-01,-1.940648198127746582e+00,-1.415216565132141113e+00,2.517600774765014648e+00,-2.190831184387207031e+00,6.696858406066894531e-01,-3.480400323867797852e+00
-7.155757427215576172e+00,3.902081251144409180e+00,2.599562406539916992e+00,-2.749671459197998047e+00,-2.237313270568847656e+00,-1.816697359085083008e+00,3.100716352462768555e+00,-5.149786472320556641e-01,2.266378641128540039e+00,-1.969404071569442749e-01,3.262248516082763672e+00,-1.499298691749572754e+00,3.452977836132049561e-01,1.516106247901916504e+00,-8.171237707138061523e-01,-1.651192069053649902e+00,3.005215167999267578e+00,2.321254089474678040e-02,4.221808314323425293e-01,7.975081205368041992e-01
1.391318798065185547e+00,-5.470957279205322266e+00,9.750732779502868652e-02,-6.172970294952392578e+00,8.570555686950683594e+00,7.212471961975097656e-01,-4.956571578979492188e+00,2.326423883438110352e+00,-3.438111841678619385e-01,-3.406614661216735840e-01,2.327781915664672852e-01,8.386743813753128052e-02,-4.707282066345214844e+00,5.221097946166992188e+00,7.602419257164001465e-01,-4.114254951477050781e+00,-2.497875928878784180e+00,4.669112205505371094e+00,-1.631452322006225586e+00,-1.713058114051818848e+00
-1.140013217926025391e+00,7.328326702117919922e+00,7.149958014488220215e-01,-2.974510908126831055e+00,5.293583393096923828e+00,-1.196784973144531250e+00,4.654475212097167969e+00,2.927602052688598633e+00,-1.577555418014526367e+00,5.670770168304443359e+00,4.233617782592773438e+00,1.227552294731140137e+00,1.598285913467407227e+00,-2.624885082244873047e+00,1.707315444946289062e+00,-2.754663467407226562e+00,1.333438396453857422e+00,3.431386351585388184e-01,1.550109624862670898e+00,3.013511657714843750e+00
-6.215716361999511719e+00,1.977351069450378418e+00,2.143753528594970703e+00,-3.329303503036499023e+00,-1.486963152885437012e+00,-1.993670225143432617e+00,-1.117498278617858887e+00,-5.755221247673034668e-01,-3.966829776763916016e-01,-4.039923667907714844e+00,-6.167780876159667969e+00,1.396770954132080078e+00,2.835658073425292969e+00,1.765494495630264282e-01,-4.216499626636505127e-02,-2.907267808914184570e+00,-4.153795719146728516e+00,-1.834758371114730835e-01,-2.064776867628097534e-01,2.064707517623901367e+00
-4.929154872894287109e+00,4.016016960144042969e+00,3.896905422210693359e+00,-5.220173835754394531e+00,-5.482942581176757812e+00,-6.380956619977951050e-02,4.029814004898071289e-01,-5.808242559432983398e-01,3.569307804107666016e+00,-3.318982601165771484e+00,-8.667016029357910156e+00,1.854186296463012695e+00,1.988576352596282959e-01,4.790081977844238281e+00,1.111672282218933105e+00,-3.097730636596679688e+00,-1.905640661716461182e-01,-2.612248182296752930e+00,-2.656012296676635742e+00,3.069504022598266602e+00
-3.784147500991821289e+00,5.667173385620117188e+00,1.700806140899658203e+00,-3.726673841476440430e+00,1.304413437843322754e+00,3.695132017135620117e+00,4.505688667297363281e+00,1.830147624015808105e+00,-7.017813920974731445e-01,-1.938222199678421021e-01,-2.535417377948760986e-01,4.011574685573577881e-01,1.580577850341796875e+00,2.885492146015167236e-01,-3.151394844055175781e+00,-3.846104383468627930e+00,9.005405008792877197e-02,6.158540844917297363e-01,-9.434406161308288574e-01,1.701546192169189453e+00
-2.325521707534790039e+00,3.599092960357666016e+00,-2.590156793594360352e+00,3.476073741912841797e+00,2.048930883407592773e+00,5.005735874176025391e+00,1.903993010520935059e+00,-3.942655801773071289e+00,-1.692980766296386719e+00,-1.786971986293792725e-01,-1.007589936256408691e+00,1.914598822593688965e+00,-3.025266408920288086e+00,3.831876907497644424e-03,9.896789193153381348e-01,1.339637637138366699e+00,-1.249059677124023438e+00,-9.592092037200927734e-01,1.971301317214965820e+00,4.779481589794158936e-01
-4.231033325195312500e+00,7.969473361968994141e+00,-3.297691345214843750e+00,-1.088243865966796875e+01,-7.959943771362304688e+00,2.565986394882202148e+00,3.788766622543334961e+00,-2.593440711498260498e-01,1.598873138427734375e+00,1.275919914245605469e+00,-1.993350267410278320e+00,-6.316540837287902832e-01,-3.695026397705078125e+00,-2.122976541519165039e+00,1.048305630683898926e+00,3.266076087951660156e+00,-2.309874773025512695e+00,-1.419748187065124512e+00,-2.309670209884643555e+00,-2.924371480941772461e+00
2.754895687103271484e+00,7.590676784515380859e+00,1.634028077125549316e+00,-4.133901596069335938e+00,1.220420122146606445e+00,1.325047135353088379e+00,4.157150536775588989e-02,4.639348506927490234e+00,-5.788237094879150391e+00,1.629647135734558105e+00,3.802892267704010010e-01,-1.668502330780029297e+00,4.797467887401580811e-01,-1.929700374603271484e+00,8.049788326025009155e-02,-1.338486433029174805e+00,3.775628566741943359e+00,1.557423353195190430e+00,1.024301052093505859e+00,1.276526331901550293e+00
4.775121212005615234e+00,-1.014458847045898438e+01,-3.503343582153320312e+00,5.111629486083984375e+00,4.974390029907226562e+00,-1.797859221696853638e-01,1.374524474143981934e+00,1.208642125129699707e+00,-9.092609286308288574e-01,-6.047581195831298828e+00,-1.627077937126159668e+00,-5.023583769798278809e-01,-1.793177127838134766e+00,-1.961800813674926758e+00,-3.346457958221435547e+00,2.094280719757080078e+00,1.653645038604736328e-01,-8.076533675193786621e-02,-1.336330413818359375e+00,2.258928269147872925e-01
6.224214099347591400e-03,4.988477706909179688e+00,1.949481248855590820e+00,-5.375295162200927734e+00,1.912048697471618652e+00,-3.515295267105102539e+00,2.318934679031372070e+00,3.771126270294189453e+00,4.293296813964843750e+00,2.628532171249389648e+00,-4.139132976531982422e+00,3.517550230026245117e-01,-6.042705774307250977e-01,2.750363111495971680e+00,3.207035303115844727e+00,-3.231264352798461914e+00,-3.820445835590362549e-01,7.696124911308288574e-01,2.201399564743041992e+00,-1.024392843246459961e+00
3.422400712966918945e+00,-2.285427331924438477e+00,3.258295297622680664e+00,3.764822959899902344e+00,6.400720596313476562e+00,1.660407423973083496e+00,-3.113731861114501953e+00,-8.649685382843017578e-01,2.499855995178222656e+00,3.199775695800781250e+00,-6.074523329734802246e-01,8.186138868331909180e-01,-1.920060992240905762e+00,2.418574571609497070e+00,-1.646954774856567383e+00,-3.397504329681396484e+00,-1.177728772163391113e+00,5.903021097183227539e-01,-2.911158204078674316e-01,-2.090806007385253906e+00
1.139496040344238281e+01,-5.787107467651367188e+00,1.534846544265747070e+00,3.835194826126098633e+00,-1.126641631126403809e+00,-3.313007831573486328e+00,5.190065383911132812e+00,2.564674615859985352e+00,5.135483741760253906e-01,-4.088332176208496094e+00,-1.646985173225402832e+00,-2.977961778640747070e+00,-2.180472135543823242e+00,-1.194629445672035217e-02,3.859585523605346680e+00,-1.825518906116485596e-01,2.196012288331985474e-01,1.396633028984069824e+00,-2.599478483200073242e+00,-3.630960702896118164e+00
-3.154820680618286133e+00,-6.113507971167564392e-02,-2.537627696990966797e+00,3.513294219970703125e+00,-3.956650733947753906e+00,-2.373082637786865234e+00,-2.820886611938476562e+00,2.312803745269775391e+00,3.323664665222167969e+00,4.716693758964538574e-01,3.484350919723510742e+00,9.692088700830936432e-03,1.846553921699523926e+00,6.962118148803710938e-01,-4.175934195518493652e-01,6.531516909599304199e-01,-2.681745767593383789e+00,3.802758216857910156e+00,5.362594127655029297e-01,7.783173322677612305e-01
-5.264183521270751953e+00,-2.162997245788574219e+00,3.274840116500854492e-01,5.115330219268798828e+00,-4.271556377410888672e+00,4.688608348369598389e-01,-4.443144500255584717e-01,3.982334852218627930e+00,2.514029264450073242e+00,2.762532949447631836e+00,3.612886667251586914e+00,3.004163503646850586e+00,1.648865103721618652e+00,6.322245001792907715e-01,3.062584102153778076e-01,-1.237748622894287109e+00,-1.423269271850585938e+00,5.049118027091026306e-02,-2.062037706375122070e+00,-1.248895406723022461e+00
-4.288162231445312500e+00,4.076522350311279297e+00,3.227018594741821289e+00,4.571062028408050537e-01,-7.419113516807556152e-01,-2.861456632614135742e+00,-9.516553282737731934e-01,-2.149717569351196289e+00,-3.465901017189025879e-01,2.768653929233551025e-01,-2.296612977981567383e+00,3.551609277725219727e+00,-7.154635787010192871e-01,1.689363598823547363e+00,9.415261745452880859e-01,4.232035160064697266e+00,1.092552065849304199e+00,6.284763664007186890e-02,9.262351393699645996e-01,3.106829524040222168e-01
3.017410993576049805e+00,1.533385276794433594e+00,4.923250675201416016e+00,3.267402887344360352e+00,6.930727958679199219e-01,-1.014344692230224609e+01,1.429881453514099121e+00,5.024682521820068359e+00,6.765675544738769531e-02,5.889762878417968750e+00,-2.548839092254638672e+00,5.407975196838378906e+00,1.683475136756896973e+00,-2.906973361968994141e+00,2.490628957748413086e+00,1.753175854682922363e+00,4.930566787719726562e+00,1.110315203666687012e+00,1.385070085525512695e+00,-1.625568628311157227e+00
-8.747018814086914062e+00,2.699204921722412109e+00,2.713493347167968750e+00,-4.252983570098876953e+00,1.021448254585266113e+00,-3.189809799194335938e+00,1.546242952346801758e+00,-1.688059568405151367e+00,2.491244316101074219e+00,-3.135531187057495117e+00,-1.644688129425048828e+00,1.534149050712585449e+00,2.310653448104858398e+00,2.960068583488464355e-01,4.400422275066375732e-01,-1.169684886932373047e+00,1.784621119499206543e+00,-2.718986034393310547e+00,4.948960542678833008e-01,-7.860350608825683594e-01
-5.794966697692871094e+00,6.749333858489990234e+00,-1.587954163551330566e-01,-5.763205528259277344e+00,7.833074033260345459e-02,-2.416323900222778320e+00,5.724202156066894531e+00,-3.391596317291259766e+00,2.627121448516845703e+00,4.902314841747283936e-01,5.619609355926513672e-01,-7.078316211700439453e-01,6.688563227653503418e-01,3.434658944606781006e-01,4.677242755889892578e+00,-8.166393637657165527e-01,1.969987034797668457e+00,-1.916451930999755859e+00,9.601709842681884766e-01,3.163771927356719971e-01
4.471732079982757568e-01,1.009905099868774414e+00,3.227648735046386719e+00,-1.363241910934448242e+00,6.717270851135253906e+00,-5.967710494995117188e+00,2.160181760787963867e+00,-3.489101886749267578e+00,-2.421304881572723389e-01,1.325182765722274780e-01,9.128749370574951172e-04,8.099993705749511719e+00,-8.336023092269897461e-01,1.632608771324157715e+00,-2.563750028610229492e+00,3.781383037567138672e-01,1.820913106203079224e-01,1.711931228637695312e-01,-6.820498704910278320e-01,-2.954821884632110596e-01
-4.796792507171630859e+00,1.696989655494689941e+00,-1.884060382843017578e+00,7.188050270080566406e+00,-7.614216804504394531e+00,1.267372488975524902e+00,-5.125379562377929688e+00,3.843388795852661133e+00,-1.189174771308898926e+00,1.053390383720397949e+00,4.366433143615722656e+00,2.772884070873260498e-01,-3.206428289413452148e+00,5.120418667793273926e-01,1.425765633583068848e+00,-2.904343307018280029e-01,-2.155570745468139648e+00,-1.295710802078247070e+00,1.783596038818359375e+00,-2.059758663177490234e+00
-9.669777870178222656e+00,1.777059435844421387e+00,5.193556785583496094e+00,-2.546587228775024414e+00,1.758051276206970215e+00,-5.693849086761474609e+00,-2.427772045135498047e+00,-2.150408029556274414e-01,1.837257623672485352e+00,-4.304403305053710938e+00,-2.818225026130676270e-01,-2.381315708160400391e+00,2.267693996429443359e+00,-2.333380699157714844e+00,-1.830521225929260254e+00,-1.666088551282882690e-01,2.293555021286010742e+00,-1.526921749114990234e+00,3.278968811035156250e+00,-2.748839378356933594e+00
-2.643332958221435547e+00,-2.062712907791137695e+00,-5.704323768615722656e+00,7.034691572189331055e-01,-8.985194563865661621e-01,-2.448348760604858398e+00,4.240333557128906250e+00,3.676089525222778320e+00,2.660152196884155273e+00,3.269386887550354004e-01,8.137001991271972656e+00,3.276992559432983398e+00,8.274183273315429688e+00,7.995532453060150146e-02,-2.527007579803466797e+00,-1.911603927612304688e+00,-2.780726909637451172e+00,1.236317753791809082e-01,-1.515292167663574219e+00,-3.616250455379486084e-01
2.497817039489746094e+00,-3.448036909103393555e+00,-2.829118967056274414e-01,-4.886521816253662109e+00,1.046091270446777344e+01,-5.619106888771057129e-01,7.465574741363525391e+00,7.011795043945312500e+00,-4.114410877227783203e+00,-4.982998847961425781e+00,5.982457637786865234e+00,-1.394753575325012207e+00,1.139194011688232422e+00,-1.802544146776199341e-01,-1.970398306846618652e+00,6.975440025329589844e+00,-1.346401214599609375e+00,-2.003773212432861328e+00,-2.043920278549194336e+00,-1.079182028770446777e+00
-6.463551044464111328e+00,1.766897559165954590e+00,2.849083423614501953e+00,-1.517291665077209473e+00,-6.509405970573425293e-01,-2.232280969619750977e+00,-4.669525846838951111e-02,1.815001010894775391e+00,1.496683001518249512e+00,-1.952137947082519531e+00,-7.445980906486511230e-01,-3.707452118396759033e-01,2.247570514678955078e+00,-1.780004352331161499e-01,-3.648275613784790039e+00,-1.735779523849487305e+00,-1.868144869804382324e+00,6.208951473236083984e-01,1.273706555366516113e+00,-7.442203760147094727e-01
-7.745387554168701172e+00,3.342303752899169922e+00,3.624932527542114258e+00,-1.848638534545898438e+00,-9.003749489784240723e-01,-1.822615385055541992e+00,-2.611066102981567383e+00,1.093431234359741211e+00,2.785668969154357910e-01,-2.638042926788330078e+00,-2.168119668960571289e+00,-3.593734800815582275e-01,6.580930352210998535e-01,-3.876601457595825195e-01,-1.295559048652648926e+00,7.560303211212158203e-01,-3.558486998081207275e-01,6.705734729766845703e-01,1.838283300399780273e+00,-9.468667507171630859e-01
-5.161276817321777344e+00,-1.870456695556640625e+01,1.116737174987792969e+01,-1.405282592773437500e+01,7.283234119415283203e+00,5.535738945007324219e+00,-6.947373390197753906e+00,-6.015295505523681641e+00,4.478349208831787109e+00,6.673915386199951172e+00,1.347417354583740234e+00,-3.212585449218750000e+00,2.093965768814086914e+00,-6.763902664184570312e+00,2.757779121398925781e+00,3.836459219455718994e-01,1.199531033635139465e-01,-3.412116050720214844e+00,6.597077846527099609e-01,-1.628722190856933594e+00
3.919662162661552429e-02,7.126773148775100708e-02,-3.757704734802246094e+00,2.696351051330566406e+00,-1.048613190650939941e+00,-2.364172697067260742e+00,-6.407978534698486328e-01,2.538156509399414062e+00,-3.137409448623657227e+00,-2.247771501541137695e+00,1.570914506912231445e+00,1.717479228973388672e+00,-1.384168118238449097e-01,-1.054954886436462402e+00,-3.638531565666198730e-01,-9.363834261894226074e-01,-1.131402730941772461e+00,-5.628371238708496094e-01,6.467680335044860840e-01,-1.573294162750244141e+00
-2.554922819137573242e+00,-2.036336708068847656e+01,1.885401368141174316e+00,-5.231260299682617188e+00,-8.956268429756164551e-01,-5.633459091186523438e+00,-2.164630174636840820e+00,-2.494599342346191406e+00,-9.806456565856933594e-01,1.862425327301025391e+00,4.084774494171142578e+00,2.077455520629882812e+00,-5.268856048583984375e+00,-3.503654003143310547e+00,-2.539488792419433594e+00,-3.070755004882812500e+00,-2.955952644348144531e+00,6.344478726387023926e-01,1.661606311798095703e+00,2.824007987976074219e+00
-1.475687861442565918e+00,1.235852479934692383e+00,4.545887947082519531e+00,3.203589916229248047e+00,1.523857355117797852e+00,4.750190258026123047e+00,-1.408033728599548340e+00,1.763597130775451660e-01,-9.794269800186157227e-01,1.412490487098693848e+00,5.820783972740173340e-01,1.332948803901672363e+00,-1.720299959182739258e+00,1.963842391967773438e+00,-2.236215353012084961e+00,-6.910203695297241211e-01,6.774920821189880371e-01,-4.665420651435852051e-01,-9.285342693328857422e-01,3.020446598529815674e-01
4.184895455837249756e-01,-3.385498762130737305e+00,3.302856206893920898e+00,1.125292181968688965e+00,6.479921817779541016e+00,3.057010889053344727e+00,-4.001137256622314453e+00,4.551236331462860107e-01,1.277533292770385742e+00,2.076462268829345703e+00,3.629468679428100586e-01,-1.342396438121795654e-01,-1.068030595779418945e+00,1.362214326858520508e+00,-3.827666342258453369e-01,-5.581061244010925293e-01,-1.535816788673400879e+00,2.685635983943939209e-01,3.830252885818481445e-01,-3.002867937088012695e+00
