length,net_charge_per_residue,frac_charged,hydropathy_mean,hydropathy_var,hydropathy_range,frac_hydrophobic,frac_polar,frac_aromatic,frac_small,frac_disorder_promoting,sequence_entropy,Rg_nm,protein_name
140,-0.06547221918129909,0.2857142857142857,-0.4028571428571428,8.392277551020408,8.4,0.39285714285714285,0.19285714285714287,0.04285714285714286,0.5,0.6071428571428571,3.6525311352947156,3.55,α-Synuclein
130,0.0660068697957305,0.2692307692307692,-0.5576923076923077,9.40151775147929,9.0,0.3384615384615385,0.26153846153846155,0.015384615384615385,0.3923076923076923,0.5384615384615384,3.8541554547969694,3.5,"Isoform Tau-F of Microtubule-associated protein tau (C291A, K311C, K317C, C322A)"
475,-0.019294073554997234,0.23578947368421052,-0.49052631578947375,8.481278670360112,9.0,0.37684210526315787,0.3178947368421053,0.0863157894736842,0.35789473684210527,0.47368421052631576,4.208163021869141,5.1,Mothers against decapentaplegic homolog 2 (C-terminus phosphomimetic mutant)
38,0.04438612359270953,0.05263157894736842,-0.7054054054054053,6.277808619430241,9.0,0.2631578947368421,0.5,0.05263157894736842,0.47368421052631576,0.5,3.259725144042487,1.6,Nucleoporin NUP49/NSP49
70,-0.3124690040589517,0.4857142857142857,-1.3599999999999999,7.992685714285715,8.7,0.32857142857142857,0.14285714285714285,0.1,0.2,0.4714285714285714,3.708600370345702,,Deleted in split hand/split foot 1 (DSS1)
111,-0.396473362003338,0.5765765765765766,-1.971171171171171,5.964213943673403,9.0,0.18018018018018017,0.16216216216216217,0.0,0.3153153153153153,0.6486486486486487,3.141733058696199,,Prothymosin-α
24,0.2069252184176339,0.6666666666666666,-2.454166666666667,3.719982638888889,7.3,0.08333333333333333,0.16666666666666666,0.125,0.20833333333333334,0.5416666666666666,2.984697002530877,1.4,Histatin 5
124,-0.0007706549372755266,0.08064516129032258,-0.995967741935484,2.7961934183142554,7.3,0.08064516129032258,0.3387096774193548,0.16129032258064516,0.6209677419354839,0.6854838709677419,2.334286206727317,,hnRNPA1-LCD
183,0.032279083340872525,0.04371584699453552,0.8486338797814207,5.778563707486039,9.0,0.7814207650273224,0.14207650273224043,0.10382513661202186,0.5081967213114754,0.6557377049180327,3.2036831388327904,3.87,"Intrinsically Disordered Protein, class C"
916,-0.0002565902127041925,0.2903930131004367,-0.7437772925764191,8.714339007169961,9.0,0.3558951965065502,0.3155021834061135,0.06550218340611354,0.3307860262008734,0.5327510917030568,4.141502062099656,5.55,Major intrinsically disordered Notch2-binding receptor 1
310,0.043485639283442255,0.16451612903225807,-1.6825806451612901,3.501696566077003,9.0,0.4096774193548387,0.24838709677419354,0.0032258064516129032,0.2838709677419355,0.8870967741935484,3.0406692444340635,5.54,Basic salivary proline-rich protein 4
164,0.01757000061186339,0.31097560975609756,-0.8451219512195122,8.088695716835215,9.0,0.34146341463414637,0.22560975609756098,0.06097560975609756,0.3719512195121951,0.6097560975609756,3.980479591984425,3.06,Cyclin-dependent kinase inhibitor 1
167,-0.06280613668097275,0.19161676646706588,-0.38982035928143716,7.429776614435798,9.0,0.38922155688622756,0.3413173652694611,0.0718562874251497,0.3772455089820359,0.437125748502994,4.021304363936779,,ANAC046
351,-0.08620091224485048,0.26495726495726496,-0.4202279202279203,9.122354364006785,9.0,0.4074074074074074,0.27635327635327633,0.05128205128205128,0.32193732193732194,0.48717948717948717,4.106838102347928,5.73,Growth hormone receptor intracellular domain
78,-0.16356713924824806,0.3717948717948718,-0.9102564102564102,7.822202498356344,9.0,0.32051282051282054,0.24358974358974358,0.038461538461538464,0.4358974358974359,0.6025641025641025,3.8133265294325223,2.3,CP12-2 (D77G)
187,-0.011028029847088335,0.18181818181818182,-0.5967914438502674,7.140845320140697,9.0,0.42780748663101603,0.29411764705882354,0.0855614973262032,0.35294117647058826,0.5989304812834224,3.918597602942545,3.2,"ERα N-Terminal Domain (NTD) (Human, residues 1–184)"
153,0.017549629046966504,0.0196078431372549,-0.24276315789473688,3.8128423649584477,7.699999999999999,0.2679738562091503,0.47058823529411764,0.13725490196078433,0.6470588235294118,0.5359477124183006,2.961552550846631,2.9,Nup98
82,-0.003811288566824592,0.0,-0.41975308641975306,4.216153025453437,8.0,0.4024390243902439,0.45121951219512196,0.08536585365853659,0.5609756097560976,0.7073170731707317,3.13011339866708,2.5,Nup153 (NUS domain)
114,0.014763346684919371,0.19298245614035087,-0.5141592920353983,6.3964366825906485,8.4,0.2894736842105263,0.3684210526315789,0.11403508771929824,0.5087719298245614,0.6228070175438597,3.4175996748544755,3.0,Nup153 (NUL domain)
49,0.12254844270214137,0.2653061224489796,-1.1081632653061226,4.634219075385256,8.3,0.2653061224489796,0.14285714285714285,0.0,0.6122448979591837,0.9183673469387755,2.7201732334664883,1.7,TRF2 Basic domain
200,-0.025603811674593954,0.5,-1.6557788944723615,7.35683846367516,9.0,0.27,0.17,0.06,0.25,0.585,3.8111073120256296,3.5,PQBP1
82,-0.003811288566824592,0.0,-0.41975308641975306,4.216153025453437,8.0,0.4024390243902439,0.45121951219512196,0.08536585365853659,0.5609756097560976,0.7073170731707317,3.13011339866708,2.5,Nuclear pore complex protein Nup153
82,-0.003811288566824592,0.0,-0.41975308641975306,4.216153025453437,8.0,0.4024390243902439,0.45121951219512196,0.08536585365853659,0.5609756097560976,0.7073170731707317,3.13011339866708,3.1,Nuclear pore complex protein Nup153
98,0.02016688416420245,0.23469387755102042,-1.483673469387755,4.181366097459391,9.0,0.1836734693877551,0.3673469387755102,0.061224489795918366,0.4489795918367347,0.5408163265306123,3.3143183533109464,2.8,Colicin N Translocation domain
118,-0.017613533017712308,0.2288135593220339,-0.7008474576271186,6.981778942832521,9.0,0.3559322033898305,0.3135593220338983,0.0423728813559322,0.423728813559322,0.5847457627118644,3.9223299750832137,2.34,Eukaryotic translation initiation factor 4E-binding protein 1
316,-0.012688400282509334,0.189873417721519,-0.21012658227848094,7.672492389040219,9.0,0.5759493670886076,0.18037974683544303,0.03164556962025317,0.4525316455696203,0.6962025316455697,3.651207644606732,4.22,Cyclin-dependent kinase inhibitor 1C
198,-0.003977413539751607,0.3333333333333333,-1.2611111111111113,7.3256088664422,9.0,0.3282828282828283,0.2777777777777778,0.045454545454545456,0.3383838383838384,0.6262626262626263,4.060935170216684,3.62,Cyclin-dependent kinase inhibitor 1B
107,0.11152145516118864,0.3925233644859813,-1.8065420560747665,5.302667481876146,9.0,0.2336448598130841,0.27102803738317754,0.0,0.37383177570093457,0.8317757009345794,3.4532548389981415,4.15,High mobility group protein HMG-I/HMG-Y
314,-0.14235650718110568,0.3821656050955414,-1.1003184713375795,8.12181518520021,9.0,0.2961783439490446,0.29936305732484075,0.05732484076433121,0.3248407643312102,0.47770700636942676,3.9844258412450615,5.38,Osteopontin
126,-0.006692011524599628,0.3492063492063492,-1.2047619047619047,6.688548752834467,9.0,0.2857142857142857,0.2857142857142857,0.023809523809523808,0.40476190476190477,0.6031746031746031,3.9220910813758256,4.36,E3 ubiquitin-protein ligase PPP1R11
1862,-0.03616682512887572,0.29269602577873255,-0.7851235230934479,8.735186853700155,9.0,0.3238453276047261,0.3372717508055854,0.04833512352309345,0.34908700322234154,0.5359828141783028,4.084515697920585,6.36,Breast cancer type 1 susceptibility protein
213,-0.08295303129798684,0.323943661971831,-0.7765258215962442,9.218603892525731,9.0,0.38967136150234744,0.20187793427230047,0.06572769953051644,0.3051643192488263,0.5586854460093896,3.9912774031521683,2.65,von Hippel-Lindau disease tumor suppressor
317,-0.16584864256940818,0.334384858044164,-1.3876971608832807,5.815653056553453,9.0,0.20189274447949526,0.3501577287066246,0.0946372239747634,0.3659305993690852,0.5741324921135647,3.814920786887763,5.18,Bone sialoprotein 2
44,-0.04716629449302685,0.45454545454545453,-1.6204545454545458,6.997536157024794,8.4,0.2727272727272727,0.25,0.022727272727272728,0.22727272727272727,0.6818181818181818,3.4696844590546907,3.28,Thymosin beta-4
106,0.10646411874864056,0.3867924528301887,-0.719811320754717,10.269513171947311,9.0,0.36792452830188677,0.2169811320754717,0.07547169811320754,0.29245283018867924,0.5377358490566038,3.954356338092496,2.88,Transcriptional and immune response regulator
82,0.062227376475479525,0.32926829268292684,-1.3304878048780486,6.333582688875669,8.7,0.3048780487804878,0.25609756097560976,0.036585365853658534,0.3780487804878049,0.6951219512195121,3.8123399251338617,2.79,Nuclear protein 1
202,-0.004816602419212941,0.2722772277227723,-0.4094059405940595,8.747782815410252,9.0,0.45544554455445546,0.21782178217821782,0.0594059405940594,0.33663366336633666,0.5643564356435643,3.97587734182228,4.21,Securin
63,-0.0014195858045554382,0.36507936507936506,-0.5888888888888889,8.996543209876542,9.0,0.3968253968253968,0.1746031746031746,0.015873015873015872,0.31746031746031744,0.6031746031746031,3.8276621145281604,1.37,Cytochrome c oxidase copper chaperone
121,-0.08150474103664741,0.4132231404958678,-0.9041322314049586,9.422710197390892,9.0,0.35537190082644626,0.19008264462809918,0.008264462809917356,0.32231404958677684,0.6115702479338843,3.784253792027697,3.88,Huntingtin-interacting protein K
134,-0.11159977106063408,0.31343283582089554,-0.5365671641791045,8.298438961906882,9.0,0.41044776119402987,0.1791044776119403,0.05223880597014925,0.4253731343283582,0.664179104477612,3.713458375765268,3.45,Beta-synuclein
144,0.09534461774505806,0.2916666666666667,-0.6965277777777777,9.371029610339507,9.0,0.3611111111111111,0.2777777777777778,0.0625,0.3541666666666667,0.5833333333333334,4.074591794309665,2.28,Signal recognition particle 19 kDa protein
62,-0.0012484757981233987,0.3548387096774194,-1.3322580645161293,7.335088449531738,9.0,0.27419354838709675,0.27419354838709675,0.04838709677419355,0.3709677419354839,0.6935483870967742,3.699253368889708,2.02,Calmodulin regulator protein PCP4
263,-0.02380431539012809,0.44866920152091255,-1.5038022813688212,7.302723185241944,9.0,0.30038022813688214,0.20152091254752852,0.060836501901140684,0.28517110266159695,0.5931558935361216,3.9118381862078797,3.7,Polyglutamine-binding protein 1
401,-0.03414543265285754,0.23690773067331672,-0.5800498753117206,8.050275309233152,9.0,0.3765586034912718,0.341645885286783,0.07231920199501247,0.39650872817955113,0.47880299251870323,4.075815815354375,8.3,Receptor-type tyrosine-protein phosphatase alpha
228,-0.024479180611370537,0.2719298245614035,-0.011842105263157933,9.900956255771007,9.0,0.49122807017543857,0.18859649122807018,0.07017543859649122,0.3157894736842105,0.47368421052631576,4.083338406339117,2.5,Retinoic acid receptor RXR-alpha
104,-0.04482700740622712,0.28846153846153844,-0.7903846153846155,7.740484467455622,9.0,0.36538461538461536,0.2692307692307692,0.0673076923076923,0.38461538461538464,0.5288461538461539,4.043835215732073,2.4,Cytoplasmic envelopment protein 3
169,0.18291256830277686,0.3076923076923077,-1.0431952662721895,6.91464304471132,9.0,0.3136094674556213,0.23076923076923078,0.07692307692307693,0.39644970414201186,0.650887573964497,3.869689575814467,3.3,Myelin basic protein
127,-0.04767022265152528,0.31496062992125984,-0.5299212598425197,9.110758261516523,9.0,0.36220472440944884,0.2440944881889764,0.023622047244094488,0.5275590551181102,0.6377952755905512,3.530392623281298,4.49,Gamma-synuclein
228,0.06068904734830043,0.3026315789473684,-1.1596491228070174,7.176441982148352,9.0,0.27631578947368424,0.38596491228070173,0.03070175438596491,0.4342105263157895,0.618421052631579,3.8692011224795415,4.23,RING1 and YY1-binding protein
227,-0.08374325103502422,0.3656387665198238,-1.2559471365638768,5.461583574297968,8.1,0.4008810572687225,0.15859030837004406,0.004405286343612335,0.45374449339207046,0.8766519823788547,3.0770950369912793,4.65,Brain acid soluble protein 1
238,-0.08754087664580486,0.3865546218487395,-1.2407563025210082,6.613002789351034,9.0,0.3403361344537815,0.21428571428571427,0.004201680672268907,0.4327731092436975,0.7352941176470589,3.5620270858702447,4.3,Neuromodulin
605,-0.07553850833633921,0.2909090909090909,-0.6456198347107438,9.109621310019806,9.0,0.3834710743801653,0.2909090909090909,0.06115702479338843,0.30413223140495865,0.5173553719008265,4.05727211042039,4.58,Nuclear factor erythroid 2-related factor 2
97,0.11346703009178323,0.3402061855670103,-1.1443298969072164,8.348034860240196,9.0,0.38144329896907214,0.21649484536082475,0.07216494845360824,0.25773195876288657,0.6391752577319587,3.8665364234566977,2.26,Nuclear protein 2
699,0.03880709859505514,0.34334763948497854,-1.2084406294706724,6.749013162068846,9.0,0.32761087267525035,0.2832618025751073,0.02145922746781116,0.4363376251788269,0.753934191702432,3.6179807378600746,5.65,Nucleolar and coiled-body phosphoprotein 1
674,-0.09385617393263897,0.33382789317507416,-0.9979228486646885,7.017473430249452,9.0,0.3857566765578635,0.2062314540059347,0.057863501483679525,0.38427299703264095,0.6824925816023739,3.8618782441187443,5.03,Protein phosphatase 1 regulatory subunit 15A
120,-0.014342766408707856,0.225,-0.5883333333333334,8.057863888888889,9.0,0.375,0.325,0.041666666666666664,0.38333333333333336,0.475,4.070462814093825,2.69,Eukaryotic translation initiation factor 4E-binding protein 2
265,-0.01985108720706169,0.4490566037735849,-1.5109433962264154,7.286031185475258,9.0,0.2981132075471698,0.2,0.06037735849056604,0.28679245283018867,0.5962264150943396,3.910434312493086,3.74,PCNA-associated factor
111,0.08034283949583362,0.3063063063063063,-0.9693693693693696,7.693836539241944,9.0,0.3333333333333333,0.27927927927927926,0.04504504504504504,0.43243243243243246,0.6486486486486487,3.970819382112927,3.93,P antigen family member 4
111,-0.396473362003338,0.5765765765765766,-1.971171171171171,5.964213943673403,9.0,0.18018018018018017,0.16216216216216217,0.0,0.3153153153153153,0.6486486486486487,3.141733058696199,3.28,Prothymosin alpha
109,0.10944732426633905,0.3486238532110092,-1.9091743119266054,4.603402070532784,8.7,0.28440366972477066,0.26605504587155965,0.009174311926605505,0.3669724770642202,0.8990825688073395,3.3851007389046472,4.78,High mobility group protein HMGI-C
236,0.013182522666499644,0.19491525423728814,-0.6970338983050849,7.754948829359379,9.0,0.4194915254237288,0.326271186440678,0.0635593220338983,0.3898305084745763,0.6779661016949152,3.895091891826825,3.98,Achaete-scute homolog 1
185,-0.02689639969122456,0.23783783783783785,-0.7335135135135136,9.162552520087655,9.0,0.4,0.3567567567567568,0.08108108108108109,0.25405405405405407,0.5297297297297298,4.033837855816025,3.65,Alpha-S1-casein
127,0.1312699396136225,0.33070866141732286,-0.5433070866141732,10.090486700973402,9.0,0.36220472440944884,0.25196850393700787,0.023622047244094488,0.3858267716535433,0.5039370078740157,4.024076434703226,1.79,C-C motif chemokine 28
24,0.0776645598791348,0.25,0.34166666666666656,9.957430555555556,9.0,0.5416666666666666,0.16666666666666666,0.041666666666666664,0.3333333333333333,0.5,3.6531071683628116,1.19,Humanin
929,0.010827134611463871,0.22282023681377824,-0.7004305705059204,7.353713485222602,9.0,0.4241119483315393,0.2960172228202368,0.04198062432723358,0.3982777179763186,0.6555435952637244,3.9336441739266883,5.67,Synaptopodin
103,0.0482191457140716,0.2524271844660194,-0.13689320388349516,10.045046658497503,9.0,0.46601941747572817,0.21359223300970873,0.02912621359223301,0.3786407766990291,0.5922330097087378,3.7796848956864357,4.07,G0/G1 switch protein 2
372,-0.027148152939170677,0.2849462365591398,-0.7327956989247313,8.182365302347094,9.0,0.3521505376344086,0.29301075268817206,0.06720430107526881,0.34139784946236557,0.5080645161290323,4.171782134392432,3.54,Transcription factor YY2
112,0.02775939246955872,0.3482142857142857,-1.0830357142857143,7.582658641581633,9.0,0.375,0.21428571428571427,0.044642857142857144,0.32142857142857145,0.6607142857142857,3.8831161360951527,2.81,cAMP-regulated phosphoprotein 19
102,0.034894880970373965,0.35294117647058826,-1.2127450980392158,7.02699442522107,9.0,0.39215686274509803,0.18627450980392157,0.029411764705882353,0.3235294117647059,0.6568627450980392,3.830331227430882,2.89,Death-associated protein 1
299,0.01134729447700605,0.22073578595317725,-0.5688963210702341,7.38595563808011,9.0,0.35451505016722407,0.26421404682274247,0.07692307692307693,0.3979933110367893,0.5919732441471572,4.000547933939762,4.15,Myozenin-1
158,-0.13088633951340997,0.2848101265822785,-0.6246835443037976,8.377048950488705,9.0,0.41139240506329117,0.22151898734177214,0.03164556962025317,0.37341772151898733,0.569620253164557,3.8581989422784284,3.99,Dysbindin domain-containing protein 1
108,0.1760517638835209,0.4074074074074074,-1.633333333333333,6.593333333333332,9.0,0.24074074074074073,0.26851851851851855,0.009259259259259259,0.37037037037037035,0.7314814814814815,3.6850190299478065,4.1,Uncharacterized protein CXorf51A
136,0.1464672588190219,0.3602941176470588,-1.0176470588235293,9.198365051903114,9.0,0.3602941176470588,0.22794117647058823,0.051470588235294115,0.3382352941176471,0.6617647058823529,3.8990943472660895,3.41,Active regulator of SIRT1
251,0.025175340843749738,0.26294820717131473,-1.4354581673306774,6.005874192473135,9.0,0.250996015936255,0.4103585657370518,0.05976095617529881,0.35856573705179284,0.6215139442231076,3.9527876005733678,5.2,"N-terminal domain of S. cerevisiae eukaryotic initiation factor 4F subunit p150, eIF4G1 (Tif4631)"
133,0.0008370129037731745,0.3007518796992481,-0.8112781954887216,7.930775057945616,9.0,0.45112781954887216,0.17293233082706766,0.06766917293233082,0.3233082706766917,0.6090225563909775,3.930682539610896,3.2,G. gallus TRPV4 intrinsically disordered N-terminus
254,0.05449507339683965,0.41338582677165353,-1.735433070866142,8.276224812449623,9.0,0.29133858267716534,0.2755905511811024,0.01968503937007874,0.2874015748031496,0.6811023622047244,3.716556562543871,5.3,RNase E C-terminal IDR
114,-0.2090277734531266,0.2719298245614035,-0.5657894736842106,8.451724376731303,9.0,0.4649122807017544,0.21929824561403508,0.07017543859649122,0.2631578947368421,0.5263157894736842,3.817091992695381,4.0,Early E1A protein
133,-0.12562011395600944,0.37593984962406013,-1.2511278195488722,7.29242354005314,9.0,0.2781954887218045,0.2857142857142857,0.08270676691729323,0.2932330827067669,0.5263157894736842,3.9262589180190695,3.7,Region within the N-terminal domain of P/V/W protein of Hendra virus
81,0.18116569930338366,0.2345679012345679,-1.271604938271605,5.008699893308947,9.0,0.2716049382716049,0.4567901234567901,0.037037037037037035,0.5061728395061729,0.7283950617283951,3.3443168514487933,2.85,"Ash1 (yeast transcriptional regulator, full-length IDP used as model)"
24,0.23106266731449362,0.6666666666666666,-2.454166666666667,3.719982638888889,7.3,0.08333333333333333,0.16666666666666666,0.125,0.20833333333333334,0.5416666666666666,2.984697002530877,1.4,Histatin-3
99,0.04774047382057765,0.32323232323232326,-1.210204081632653,9.137242815493545,9.0,0.30303030303030304,0.32323232323232326,0.030303030303030304,0.32323232323232326,0.5050505050505051,3.939367754582087,3.2, Importin Beta Binding domain (IBB) from importin subunit alpha-1
260,-0.106334408455048,0.2692307692307692,-0.8996153846153847,6.350807544378697,9.0,0.3346153846153846,0.3,0.019230769230769232,0.4576923076923077,0.5884615384615385,3.8115301660172776,5.3,Syndecan-1
154,-0.1159541967561264,0.3961038961038961,-1.166883116883117,7.270007168156518,9.0,0.2792207792207792,0.2857142857142857,0.03896103896103896,0.35064935064935066,0.5194805194805194,3.874585218792085,4.3,Ectodomain of human syndecan-2
373,-0.07493382949620346,0.225201072386059,-0.4697050938337801,7.0491358379633295,9.0,0.4316353887399464,0.27882037533512066,0.032171581769437,0.4772117962466488,0.5630026809651475,3.7601224419210464,6.5,Ectodomain of human syndecan-3
163,-0.1589993177427138,0.36809815950920244,-0.8411042944785277,8.68021227746622,9.0,0.3312883435582822,0.2147239263803681,0.03067484662576687,0.34355828220858897,0.5276073619631901,3.8833529781676743,4.2,syndecan-4
217,-0.025769154893280983,0.5069124423963134,-1.6266355140186914,6.980739147523802,9.0,0.28110599078341014,0.14746543778801843,0.08294930875576037,0.2488479262672811,0.6543778801843319,3.7162933973419174,2.6,HMBG1
406,-0.025491727268786013,0.2019704433497537,-0.3766009852216749,7.890117510737945,9.0,0.42857142857142855,0.2881773399014778,0.07142857142857142,0.39655172413793105,0.5320197044334976,4.133960363206173,3.3,Mothers against decapentaplegic homolog 4 (linker-MH2)
20,0.02421097998091682,0.05,-0.025000000000000012,4.655875,8.3,0.4,0.5,0.15,0.55,0.7,2.901609497059027,1.2,Segment S(26-45) of the Neurofilament low intrinsically disordered tail domain
17,-0.2650126570948754,0.47058823529411764,-1.5705882352941176,4.785605536332179,5.7,0.35294117647058826,0.11764705882352941,0.0,0.4117647058823529,0.8823529411764706,2.6986604604011157,1.1,Segment S(66-81) of the Neurofilament low intrinsically disordered tail domain
16,-0.4065435086150698,0.625,-2.20625,5.3193359375,8.1,0.125,0.1875,0.0,0.3125,0.9375,2.25,1.2,Segment S(130-143) of the Neurofilament low intrinsically disordered tail domain
701,-0.1251433311015276,0.26961483594864477,-0.3884450784593438,8.644730963103454,9.0,0.3637660485021398,0.18544935805991442,0.05706134094151213,0.4222539229671897,0.4664764621968616,3.8136547633459705,4.4,RD domain of B. Pertussis Adenylate Cyclase Toxin (CyaA) (Holo form)
714,-0.12286481106746615,0.2647058823529412,-0.3884450784593438,8.644730963103454,9.0,0.35714285714285715,0.18207282913165265,0.056022408963585436,0.41456582633053224,0.4579831932773109,3.770245433821397,8.3,RD domain of B. Pertussis Adenylate Cyclase Toxin (CyaA) (apo form)
100,0.06934408827977669,0.45,-1.551,6.588298999999998,8.7,0.31,0.18,0.0,0.4,0.82,3.376923629663082,3.89,Non-histone chromosomal protein HMG-14
109,0.051710624338058925,0.28440366972477066,-0.5055045871559634,8.93189630502483,9.0,0.3761467889908257,0.22935779816513763,0.027522935779816515,0.4036697247706422,0.6055045871559633,3.9347506128618837,2.64,N-cym protein
713,-0.07359859356596739,0.270687237026648,-0.6653576437587659,8.101759233942273,9.0,0.36746143057503505,0.29312762973352036,0.07713884992987377,0.3394109396914446,0.5568022440392707,4.057691625603056,4.91,Protein phosphatase 1 regulatory subunit 15B
223,0.04243517148620131,0.27802690582959644,-0.5450450450450449,8.66688986283581,9.0,0.3721973094170404,0.3094170403587444,0.08071748878923767,0.42152466367713004,0.4618834080717489,4.095107374907535,2.6,ProNGF
354,0.018176340610192236,0.2627118644067797,-0.18238636363636368,10.24247385072314,9.0,0.4180790960451977,0.2853107344632768,0.1016949152542373,0.2655367231638418,0.4265536723163842,4.118814908870374,2.4,Retinoblastoma-associated protein
467,0.02401109440318354,0.27194860813704497,-0.7700214132762313,7.775503853931194,9.0,0.3618843683083512,0.2826552462526767,0.02569593147751606,0.4282655246252677,0.6466809421841542,3.9296214031403043,8.3,"Microtubule-associated protein 2, isoform 3"
314,-0.013675226941926046,0.2070063694267516,-0.3315286624203822,7.3151524402612695,9.0,0.42356687898089174,0.2802547770700637,0.07961783439490445,0.48089171974522293,0.5636942675159236,4.028187424632221,6.4,Endoglucanase-4
20,-0.5751909382805915,0.75,-2.435,4.056275000000001,5.7,0.15,0.0,0.0,0.25,0.95,1.7332062193464952,1.2,Segment S(87-105) of the Neurofilament low intrinsically disordered tail domain
20,-0.5252069155977437,0.7,-2.6599999999999997,1.9004,3.5,0.0,0.15,0.0,0.3,0.8,2.123219672335508,1.2,Segment S(106-128) of the Neurofilament low intrinsically disordered tail domain
191,0.00028760491013159493,0.2513089005235602,-0.7078534031413615,6.8731843973575275,9.0,0.29842931937172773,0.2513089005235602,0.04712041884816754,0.45549738219895286,0.6178010471204188,3.8790373642461615,3.5,FATZ-1
150,-0.007517119506916415,0.32666666666666666,-0.8773333333333333,8.015486222222222,9.0,0.30666666666666664,0.30666666666666664,0.006666666666666667,0.36666666666666664,0.5733333333333334,3.6884455396546842,3.7,Transcriptional intermediary factor 2 (TIF2)
102,-0.07971712913447666,0.4019607843137255,-1.557843137254902,6.798124759707803,9.0,0.28431372549019607,0.20588235294117646,0.00980392156862745,0.3431372549019608,0.7058823529411765,3.778195548183908,3.26,PAGE4
89,0.12080041727661671,0.12359550561797752,-0.8438202247191012,5.85819214745613,8.7,0.39325842696629215,0.4157303370786517,0.0449438202247191,0.4157303370786517,0.6179775280898876,3.560777098658862,2.936,Sic1
51,0.16202854061458055,0.39215686274509803,-1.13921568627451,8.573756247597077,9.0,0.3137254901960784,0.21568627450980393,0.0392156862745098,0.29411764705882354,0.47058823529411764,3.943389862218868,2.1,"Nipah virus W protein, CTD (IDR)"
414,-0.015879792072856117,0.21497584541062803,-0.5345410628019324,7.9873817942075656,9.0,0.357487922705314,0.2946859903381642,0.08695652173913043,0.4057971014492754,0.5410628019323671,4.109864405470215,4.1,TDP-43
107,0.13983943611777222,0.3177570093457944,-0.919626168224299,9.967745654642329,9.0,0.37383177570093457,0.2616822429906542,0.037383177570093455,0.2897196261682243,0.616822429906542,3.9529408324737116,3.8,Antitermination protein N
242,0.015295366140270016,0.359504132231405,-1.2045454545454546,7.2934090909090905,9.0,0.2190082644628099,0.26859504132231404,0.12396694214876033,0.384297520661157,0.6033057851239669,3.75788677522462,4.75,Src substrate cortactin
166,0.009833137765973754,0.2710843373493976,-0.5395061728395062,10.08967383020881,9.0,0.40963855421686746,0.23493975903614459,0.07228915662650602,0.28313253012048195,0.463855421686747,3.985169379040022,3.2,von Hippel-Lindau disease tumor suppressor
50,-0.11794532146678195,0.32,-1.03,6.750500000000001,8.7,0.26,0.26,0.1,0.36,0.5,3.877082261221976,1.1,NSP1
98,0.02016688416420245,0.23469387755102042,-1.483673469387755,4.181366097459391,9.0,0.1836734693877551,0.3673469387755102,0.061224489795918366,0.4489795918367347,0.5408163265306123,3.3143183533109464,2.8,Colicin N translocation (T) domain
78,-0.16356713924824806,0.3717948717948718,-0.9102564102564102,7.822202498356344,9.0,0.32051282051282054,0.24358974358974358,0.038461538461538464,0.4358974358974359,0.6025641025641025,3.8133265294325223,2.0,Cp12-2 D77G
114,-0.2381830494867501,0.2982456140350877,-0.9666666666666667,8.2346783625731,9.0,0.3333333333333333,0.2894736842105263,0.05263157894736842,0.2894736842105263,0.49122807017543857,3.8478145141962474,3.6,ANAC013 IDR (161 - 274)
220,-0.08178498140661877,0.15454545454545454,-0.1295454545454546,7.211808884297522,9.0,0.4954545454545455,0.2863636363636364,0.045454545454545456,0.4,0.55,3.816158418745236,2.7,RelA / NF-κB p65 Transactivation Domain (340–549)
114,-0.2381830494867501,0.2982456140350877,-0.9666666666666667,8.2346783625731,9.0,0.3333333333333333,0.2894736842105263,0.05263157894736842,0.2894736842105263,0.49122807017543857,3.8478145141962474,3.6,SMAD2 phosphomimetic (multidomain with disordered regions)
24,0.23106266731449362,0.6666666666666666,-2.454166666666667,3.719982638888889,7.3,0.08333333333333333,0.16666666666666666,0.125,0.20833333333333334,0.5416666666666666,2.984697002530877,1.4,Histatin-5
203,0.01665391022356335,0.3842364532019704,-1.229064039408867,8.457234099347229,9.0,0.29064039408866993,0.27586206896551724,0.04926108374384237,0.27586206896551724,0.6108374384236454,3.9929221148607925,5.2,PABL2
159,-0.0012623263691918217,0.0,1.1050314465408804,6.035572168822438,5.800000000000001,0.5849056603773585,0.018867924528301886,0.006289308176100629,0.7987421383647799,0.6163522012578616,1.7196939990506293,3.1,Elastin-like Polypeptide (ELP)
349,-0.03424393871763489,0.3438395415472779,-0.6859598853868195,9.006994852259014,9.0,0.332378223495702,0.24641833810888253,0.02865329512893983,0.3839541547277937,0.504297994269341,4.062410282280189,3.2,Trypanosoma brucei gambiense invariant surface glycoprotein 43 (ISG43)
110,-0.35638202388794965,0.5727272727272728,-1.9663636363636365,5.173504958677685,8.4,0.16363636363636364,0.16363636363636364,0.01818181818181818,0.32727272727272727,0.8090909090909091,3.0130001496412593,4.5,Truncated Neurofilament low intrinisically disordered domain (amino acids 441 -543)
242,-0.028004017817343945,0.2231404958677686,-0.4190082644628099,7.988233727204425,9.0,0.38016528925619836,0.2727272727272727,0.03305785123966942,0.45454545454545453,0.5371900826446281,3.962847854933434,3.5,N-Terminal Cytoplasmatic Region of the Translocated Intimin Receptor
149,-0.04566417102703731,0.26174496644295303,-0.4557046979865772,8.50582316111887,9.0,0.38926174496644295,0.2348993288590604,0.04697986577181208,0.4161073825503356,0.5302013422818792,4.0248849739174,3.4,Central domain of the N-terminal Region of the Translocated Intimin Receptor (60-200)
173,-0.021726242425986277,0.17341040462427745,-0.6017341040462428,6.840979651842694,9.0,0.34104046242774566,0.35260115606936415,0.05202312138728324,0.5144508670520231,0.5895953757225434,3.891014790941088,3.8,C-Terminal Cytoplasmatic Region of the Translocated Intimin Receptor
78,0.10589375867876753,0.2948717948717949,-0.4666666666666667,11.03786324786325,9.0,0.4230769230769231,0.28205128205128205,0.07692307692307693,0.24358974358974358,0.46153846153846156,3.9387109261459012,1.5,"Stromal cell-derived factor 1, CXCL12"
214,-0.02613040472823352,0.514018691588785,-1.6266355140186914,6.980739147523802,9.0,0.2850467289719626,0.14953271028037382,0.08411214953271028,0.2523364485981308,0.6635514018691588,3.7483067222893602,2.6,"High mobility group protein B1, HMGB1"
156,-0.08660407497827025,0.2564102564102564,-0.6083333333333334,8.116148504273504,9.0,0.3525641025641026,0.3269230769230769,0.04487179487179487,0.3782051282051282,0.5064102564102564,3.932374694992465,4.1,Beclin-1
217,-0.010890339608975315,0.2350230414746544,-0.5861751152073732,8.08358767440379,9.0,0.3778801843317972,0.34101382488479265,0.018433179723502304,0.41935483870967744,0.6175115207373272,3.9134017204137965,5.1,C-terminal fragment (509-716) of the Methoprene-tolerant protein from Drosophila melanogaster
401,-0.03414543265285754,0.23690773067331672,-0.5800498753117206,8.050275309233152,9.0,0.3765586034912718,0.341645885286783,0.07231920199501247,0.39650872817955113,0.47880299251870323,4.075815815354375,8.3,Fc-fused PTPRA ECD in PBS buffer
532,-0.01857541368027882,0.23684210526315788,-0.505827067669173,8.48592469189892,9.0,0.424812030075188,0.2781954887218045,0.06203007518796992,0.34962406015037595,0.5394736842105263,4.089634777587809,4.7,Nuclear factor kB p50/RelA bound to Urokinase kB site DNA
350,-0.05101730092376886,0.25142857142857145,-0.6751428571428572,8.511867836734694,9.0,0.3742857142857143,0.3057142857142857,0.10285714285714286,0.31142857142857144,0.44,4.156319954761104,2.8,C-terminal truncated KNR4
180,0.04497189367863999,0.3,-1.6227777777777779,5.530870061728396,9.0,0.13333333333333333,0.38333333333333336,0.07777777777777778,0.35,0.6333333333333333,3.713313913319656,3.5,Phloem-associated RNA chaperone-like protein (PARCL)
20,-0.32523254349668457,0.35,-1.1349999999999998,7.361274999999999,8.0,0.2,0.45,0.1,0.4,0.5,2.8464393446710154,1.2,Segment S(45-64) of the Neurofilament low intrinsically disordered tail domain
1140,-0.02055858498062266,0.3026315789473684,-0.5774561403508771,10.045483002462296,9.0,0.3815789473684211,0.2824561403508772,0.10263157894736842,0.2614035087719298,0.44649122807017544,4.1286740335557885,4.7,Transcription Elongation Factor SPT6
20,-0.37537847670406277,0.65,-2.2849999999999997,3.9672749999999994,5.7,0.25,0.05,0.0,0.25,0.95,2.3199730940219747,1.2,Segment S(67-86) of the Neurofilament low intrinsically disordered tail domain
187,-0.016373932906994057,0.18716577540106952,-0.6112299465240641,7.185488861563098,9.0,0.42780748663101603,0.2887700534759358,0.0855614973262032,0.34759358288770054,0.5935828877005348,3.9295883918595758,3.5,"SEC-SAXS data of mutant estrogen receptor alpha (S118D), N-terminal domain (NTD)"
104,-0.04482700740622712,0.28846153846153844,-0.7903846153846155,7.740484467455622,9.0,0.36538461538461536,0.2692307692307692,0.0673076923076923,0.38461538461538464,0.5288461538461539,4.043835215732073,2.4,Herpes simplex virus 1 tegument protein UL11
173,-0.28250594563142095,0.49710982658959535,-1.0196531791907515,10.20770623809683,9.0,0.3468208092485549,0.12716763005780346,0.07514450867052024,0.16184971098265896,0.47398843930635837,3.6332823933186584,3.5,"Delta subunit of RNA polymerase, RNAP"
735,-0.042313012229304926,0.37142857142857144,-1.064625850340136,8.275646628719516,9.0,0.3360544217687075,0.1945578231292517,0.04081632653061224,0.308843537414966,0.5863945578231292,3.670857964383996,15.9,Surace Protein G
169,0.12320764603503725,0.3076923076923077,-1.0431952662721895,6.91464304471132,9.0,0.3136094674556213,0.23076923076923078,0.07692307692307693,0.39644970414201186,0.650887573964497,3.869689575814467,3.3,Myelin basic protein
18,-0.5835498995625685,0.7777777777777778,-2.611111111111111,3.4165432098765436,5.7,0.1111111111111111,0.0,0.0,0.2222222222222222,1.0,1.4466166676282082,1.1,Segment S(82-96) of the Neurofilament low intrinsically disordered tail domain
449,-0.08579461678234533,0.3897550111358575,-1.2024498886414254,7.861397116085734,9.0,0.34966592427616927,0.18485523385300667,0.035634743875278395,0.30734966592427615,0.7060133630289532,3.8522724708144938,5.2,Chromogranin-A
21,-0.21495588756554754,0.6666666666666666,-2.319047619047619,5.293922902494331,8.1,0.14285714285714285,0.14285714285714285,0.0,0.2857142857142857,0.9047619047619048,2.5061440668531976,1.3,Segment S(129-146) of the Neurofilament low intrinsically disordered tail domain
18,-0.4724676236054442,0.6666666666666666,-2.5666666666666664,2.0244444444444443,3.5,0.0,0.16666666666666666,0.0,0.3333333333333333,0.8333333333333334,2.0985798617120746,1.2,Segment S(110-125) of the Neurofilament low intrinsically disordered tail domain
265,-0.11581510256245194,0.39245283018867927,-0.8913207547169811,9.754754859380562,9.0,0.33584905660377357,0.23018867924528302,0.07547169811320754,0.2339622641509434,0.5132075471698113,4.007450509599937,,Protein GIR2
467,0.02401109440318354,0.27194860813704497,-0.7700214132762313,7.775503853931194,9.0,0.3618843683083512,0.2826552462526767,0.02569593147751606,0.4282655246252677,0.6466809421841542,3.9296214031403043,6.7,Phosphorylated Microtubule associated protein MAP2c (isoform 3); 1.7 mg/ml
217,-0.010890339608975315,0.2350230414746544,-0.5861751152073732,8.08358767440379,9.0,0.3778801843317972,0.34101382488479265,0.018433179723502304,0.41935483870967744,0.6175115207373272,3.9134017204137965,5.1,FI10506p
119,0.05090705263697626,0.2184873949579832,-0.8361344537815127,7.278106065955794,9.0,0.3865546218487395,0.2773109243697479,0.03361344537815126,0.40336134453781514,0.7142857142857143,3.76922126881339,3.47,KiSS-1
406,-0.0819280031091242,0.30049261083743845,-0.8229064039408868,8.55452455774224,9.0,0.3275862068965517,0.29064039408866993,0.04926108374384237,0.35467980295566504,0.5394088669950738,4.072392686111313,6.1,Phosphoprotein S(1-406)
138,-0.06260435185571404,0.4855072463768116,-1.1500000000000001,7.597427536231885,9.0,0.30434782608695654,0.10144927536231885,0.07246376811594203,0.34057971014492755,0.5942028985507246,3.5672085869626584,3.55,Abcissic acid stress ripening 
68,0.001512375443372976,0.4117647058823529,-1.5529411764705885,7.153667820069204,8.4,0.22058823529411764,0.3088235294117647,0.058823529411764705,0.3088235294117647,0.6029411764705882,3.7006608083941366,4.5,Protease A inhibitor 3
284,0.004685002605769726,0.31338028169014087,-1.0496478873239437,8.678344946439198,9.0,0.3591549295774648,0.2887323943661972,0.04929577464788732,0.29577464788732394,0.5669014084507042,4.0068090315148694,3.21,Protein SIC1
268,-0.07131068897329457,0.22761194029850745,-0.6470149253731343,6.979506014702606,9.0,0.44029850746268656,0.22761194029850745,0.0708955223880597,0.373134328358209,0.5970149253731343,3.880576636242014,4.92,Receptor tyrosine-protein kinase erbB-2
248,0.054314535799350014,0.39919354838709675,-1.7000000000000002,8.423306451612904,9.0,0.29838709677419356,0.28225806451612906,0.020161290322580645,0.29435483870967744,0.6975806451612904,3.657950104340167,5.3,Ribonuclease E
105,-0.16058270292699228,0.34285714285714286,-0.7990476190476191,8.748475283446712,9.0,0.3619047619047619,0.2571428571428571,0.0761904761904762,0.2761904761904762,0.5142857142857142,4.05626522313936,23.4,Protein LBH
407,-0.03328391957586223,0.12285012285012285,-0.7012285012285012,6.303266304052545,9.0,0.457002457002457,0.3538083538083538,0.007371007371007371,0.4176904176904177,0.6707616707616708,3.6762400318152415,8.0,CREB-binding protein S(674-1080)
65,0.06129166310592796,0.24615384615384617,-0.8138461538461537,8.184269822485206,9.0,0.35384615384615387,0.36923076923076925,0.07692307692307693,0.36923076923076925,0.6153846153846154,3.9109915131308295,2.42,Glutamine synthetase inactivating factor IF7
136,0.06564202364745467,0.27205882352941174,-0.9,7.3955882352941185,9.0,0.36764705882352944,0.2647058823529412,0.04411764705882353,0.4338235294117647,0.6617647058823529,3.818716623251875,4.08,Caldesmon
90,-0.08564579238853981,0.3111111111111111,-0.5477777777777777,10.068272839506172,9.0,0.4222222222222222,0.2111111111111111,0.07777777777777778,0.24444444444444444,0.45555555555555555,4.086834593141691,2.6,Ribosome hibernation promotion factor (C-lrtA)
123,-0.013500878433962119,0.23577235772357724,-0.6609756097560976,7.423842950624628,9.0,0.4146341463414634,0.2764227642276423,0.008130081300813009,0.42276422764227645,0.5934959349593496,3.796289209420721,3.77,Silver-binding protein SilE
53,-0.16591326413179056,0.49056603773584906,-1.349056603773585,9.161367034531859,9.0,0.2641509433962264,0.16981132075471697,0.018867924528301886,0.3018867924528302,0.5283018867924528,3.6117887957250643,1.626,"Structural ensemble of Nucleocapsid of murine respirovirus, 458-510"
15,0.0001409335731540266,0.2,-0.2000000000000001,9.246,9.0,0.2,0.2,0.06666666666666667,0.26666666666666666,0.26666666666666666,2.337927063739013,2.271,Structural ensemble of HAdV5 Early 1A protein fragment (36-146) in complex with human Retinoblastoma AB protein domain
131,0.024342215293199503,0.2824427480916031,-0.4728,9.840860159999998,9.0,0.37404580152671757,0.2595419847328244,0.03816793893129771,0.25190839694656486,0.4122137404580153,3.815790191672498,1.9,AF4-AF9 Fusion Protein
142,-0.07283145406223893,0.4647887323943662,-1.0908450704225352,7.43209928585598,9.0,0.30985915492957744,0.11971830985915492,0.07746478873239436,0.3591549295774648,0.5915492957746479,3.649944856479463,3.985,"Structural ensemble of abcissic acid stress ripening of durum wheat, TtASR1"
71,-0.02506742283799384,0.43661971830985913,-1.304225352112676,8.565193414005158,9.0,0.36619718309859156,0.19718309859154928,0.07042253521126761,0.23943661971830985,0.5774647887323944,3.907263008137902,2.079,Structural ensemble of PaaA2 antitoxin
283,-0.017102278375440764,0.2049469964664311,-0.4452296819787987,6.84148784477269,9.0,0.37809187279151946,0.31095406360424027,0.0989399293286219,0.4734982332155477,0.508833922261484,4.061138893885352,4.8,AA9A LPMO
95,-0.11559453974025247,0.18947368421052632,-0.10736842105263161,8.232472022160666,9.0,0.37894736842105264,0.3684210526315789,0.07368421052631578,0.47368421052631576,0.49473684210526314,3.79989821448407,1.479,Second type III domain of human Fibronectin
67,0.012975545718129103,0.22388059701492538,-0.5895522388059703,8.503323680106927,9.0,0.3880597014925373,0.2835820895522388,0.0,0.417910447761194,0.6417910447761194,3.8228550506294523,2.338,Structural ensemble of N-WASP domain V
111,0.0701541591401094,0.3063063063063063,-0.9693693693693696,7.693836539241944,9.0,0.3333333333333333,0.27927927927927926,0.04504504504504504,0.43243243243243246,0.6486486486486487,3.970819382112927,3.038,p15PAF
32,-0.03652378556744704,0.09375,0.006249999999999929,6.5662109375,8.4,0.375,0.40625,0.125,0.46875,0.375,3.863608500731241,1.65,gamma subunit of cGMP phosphodiesterase (1-87)
53,-0.1553164072038912,0.49056603773584906,-1.349056603773585,9.161367034531859,9.0,0.2641509433962264,0.16981132075471697,0.018867924528301886,0.3018867924528302,0.5283018867924528,3.6117887957250643,2.022,"Nucleocapsid of murine respirovirus, 458-509, wild"
445,0.05160911418856747,0.2786516853932584,-0.9829213483146066,5.581236409544248,9.0,0.26292134831460673,0.30337078651685395,0.006741573033707865,0.6112359550561798,0.7685393258426966,3.423585791744314,5.3,Damage suppressor protein
68,-0.09463572702633441,0.47058823529411764,-0.4470588235294117,11.86278546712803,9.0,0.39705882352941174,0.08823529411764706,0.07352941176470588,0.25,0.35294117647058826,3.7044438216863402,1.279,Paratox
184,-0.04927415549660191,0.483695652173913,-1.2820652173913043,8.449406604442343,9.0,0.32065217391304346,0.14673913043478262,0.02717391304347826,0.30434782608695654,0.6902173913043478,3.5484266110533835,4.636,ERD14(2-185)
187,-0.011028029847088335,0.18181818181818182,-0.5828877005347594,7.171151019474392,9.0,0.43315508021390375,0.2887700534759358,0.0855614973262032,0.35294117647058826,0.5989304812834224,3.9159253358019805,3.2,Estrogen receptor (mutant S118A)
220,-0.08178498140661877,0.15454545454545454,-0.1295454545454546,7.211808884297522,9.0,0.4954545454545455,0.2863636363636364,0.045454545454545456,0.4,0.55,3.816158418745236,2.7,Transcription factor p65 340-549
274,-0.058992936326983596,0.3686131386861314,-0.9872262773722628,8.837537561937236,9.0,0.3284671532846715,0.22627737226277372,0.09124087591240876,0.28832116788321166,0.5072992700729927,4.105446902908971,3.8,NAC domain-containing protein 13
173,-0.28554069045620883,0.49710982658959535,-1.0196531791907515,10.20770623809683,9.0,0.3468208092485549,0.12716763005780346,0.07514450867052024,0.16184971098265896,0.47398843930635837,3.6332823933186584,3.5,DNA-directed RNA polymerase subunit delta
248,0.01438674113642783,0.2903225806451613,-0.3020161290322581,9.99302012877211,9.0,0.41935483870967744,0.2217741935483871,0.08064516129032258,0.29435483870967744,0.4475806451612903,4.087963644082101,2.3,Transient receptor potential cation channel subfamily V member 4
79,0.10455333135371984,0.2911392405063291,-0.4666666666666667,11.03786324786325,9.0,0.4177215189873418,0.27848101265822783,0.0759493670886076,0.24050632911392406,0.45569620253164556,3.906999715518215,1.5,Stromal cell-derived factor 1
222,-0.025188768521810692,0.4954954954954955,-1.6266355140186914,6.980739147523802,9.0,0.2747747747747748,0.14414414414414414,0.08108108108108109,0.24324324324324326,0.6396396396396397,3.6642734183738765,2.6,"High mobility group protein B1 (D189E, E202D, E215D)"
167,-0.06280613668097275,0.19161676646706588,-0.38982035928143716,7.429776614435798,9.0,0.38922155688622756,0.3413173652694611,0.0718562874251497,0.3772455089820359,0.437125748502994,4.021304363936779,3.5,NAC domain-containing protein 46
1249,-0.03460969113026542,0.31064851881505207,-0.6135308246597279,9.952443017664732,9.0,0.3755004003202562,0.27702161729383507,0.100080064051241,0.255404323458767,0.4435548438751001,4.1271930834413295,4.5,Transcription elongation factor SPT6
105,0.06491000952932686,0.08571428571428572,-0.5771428571428571,8.06290612244898,9.0,0.47619047619047616,0.3619047619047619,0.01904761904761905,0.3047619047619048,0.638095238095238,3.608868417603397,2.974,P300(2039-2142)
143,-0.02947289804602022,0.3986013986013986,-1.5853146853146853,6.693420705168958,9.0,0.24475524475524477,0.26573426573426573,0.03496503496503497,0.34965034965034963,0.7412587412587412,3.632395295383511,4.031,AavLEA1(1-143)
245,-0.0342710236993093,0.2653061224489796,-0.22,8.902579591836734,9.0,0.46938775510204084,0.2,0.036734693877551024,0.39591836734693875,0.5020408163265306,4.074486371455286,5.5,C-term part CtBP3
351,-0.05087195248808861,0.25071225071225073,-0.6680911680911681,8.5050217124861,9.0,0.37606837606837606,0.30484330484330485,0.10256410256410256,0.31339031339031337,0.4415954415954416,4.157040116953608,2.8,Cell wall assembly regulator SMI1
949,-0.04012231474258834,0.3382507903055848,-1.067439165701043,8.270121715592351,9.0,0.30453108535300316,0.17702845100105374,0.0368809272918862,0.2813487881981033,0.5331928345626976,3.4591246007449397,15.9,Surface protein G
191,0.00028760491013159493,0.2513089005235602,-0.7078534031413615,6.8731843973575275,9.0,0.29842931937172773,0.2513089005235602,0.04712041884816754,0.45549738219895286,0.6178010471204188,3.8790373642461615,3.5,N-ter construct of FATZ-1 (alias myozenin-1 or calsarcin-2)
152,-0.0814619103437449,0.32894736842105265,-0.8328947368421052,7.6372074099723,9.0,0.34868421052631576,0.25,0.02631578947368421,0.39473684210526316,0.625,3.7981221520943427,3.283,Calpastatin(137-277)
260,-0.0765936556502792,0.4653846153846154,-1.3480769230769232,8.000496301775149,9.0,0.29615384615384616,0.18846153846153846,0.03461538461538462,0.28076923076923077,0.6230769230769231,3.7407687928710733,5.929,ERD10(1-260)