Normalization,Regressing out,Points,Feature Selection,Regression Type,Test Split,Test R2 Score,RMSE Score
Rg w/no norm,No regr out,All,1,Linear,80/20,0.6990428053898827,0.9230733932439724
Rg w/no norm,No regr out,Inliers,1,Linear,80/20,0.630085411275263,0.7098940032370149
Rg w/no norm,No regr out,All,1,Ridge,80/20,0.6969030305538814,0.9263490597952426
Rg w/no norm,No regr out,Inliers,1,Ridge,80/20,0.6301893699048671,0.7097942440010028
Rg w/no norm,No regr out,All,1,Lasso,80/20,0.6064988854428113,1.0554966310020557
Rg w/no norm,No regr out,Inliers,1,Lasso,80/20,0.6311503510284555,0.708871416866338
Rg w/no norm,No regr out,All,1,Kernel Ridge,80/20,0.5931783152844492,1.0732129760523783
Rg w/no norm,No regr out,Inliers,1,Kernel Ridge,80/20,0.72212293747901,0.6152747993311031
Rg w/no norm,No regr out,All,1,GPR,80/20,-0.46415119958559536,2.0359955847818694
Rg w/no norm,No regr out,Inliers,1,GPR,80/20,-0.4775050389325941,1.418754536392243
Rg w/no norm,No regr out,All,1,Linear,85/15,0.7024703110133171,0.9317439341021531
Rg w/no norm,No regr out,Inliers,1,Linear,85/15,0.6916033492766676,0.6925518148157762
Rg w/no norm,No regr out,All,1,Ridge,85/15,0.7050899627645181,0.9276330147340948
Rg w/no norm,No regr out,Inliers,1,Ridge,85/15,0.7013919025055393,0.6814723437260283
Rg w/no norm,No regr out,All,1,Lasso,85/15,0.5988840291446703,1.081848374885149
Rg w/no norm,No regr out,Inliers,1,Lasso,85/15,0.6958909852878696,0.6877206932875831
Rg w/no norm,No regr out,All,1,Kernel Ridge,85/15,0.7109659654859625,0.9183450987009903
Rg w/no norm,No regr out,Inliers,1,Kernel Ridge,85/15,0.7605909022172457,0.6101937714194398
Rg w/no norm,No regr out,All,1,GPR,85/15,-0.4770874980476585,2.076034330997632
Rg w/no norm,No regr out,Inliers,1,GPR,85/15,-0.4075008947350862,1.479523218542953
Rg w/no norm,No regr out,All,1,Linear,90/10,0.6609852608027449,1.0790568996904755
Rg w/no norm,No regr out,Inliers,1,Linear,90/10,0.526885384398098,0.7666388081532621
Rg w/no norm,No regr out,All,1,Ridge,90/10,0.6693149538714998,1.065718080799671
Rg w/no norm,No regr out,Inliers,1,Ridge,90/10,0.5478664984253423,0.7494470624276314
Rg w/no norm,No regr out,All,1,Lasso,90/10,0.6767578082776284,1.053656564697396
Rg w/no norm,No regr out,Inliers,1,Lasso,90/10,0.5360712890055097,0.7591598701687552
Rg w/no norm,No regr out,All,1,Kernel Ridge,90/10,0.6720175722114163,1.0613542029794194
Rg w/no norm,No regr out,Inliers,1,Kernel Ridge,90/10,0.6653250631051387,0.6447913649299111
Rg w/no norm,No regr out,All,1,GPR,90/10,-0.1759751201400126,2.009713374418196
Rg w/no norm,No regr out,Inliers,1,GPR,90/10,-0.6015856844246095,1.410531232140644
Rg norm w/0.421,No regr out,All,1,Linear,80/20,0.18361612285298756,0.09641530071067879
Rg norm w/0.421,No regr out,Inliers,1,Linear,80/20,-0.0680419818252358,0.07693764615980928
Rg norm w/0.421,No regr out,All,1,Ridge,80/20,-0.007950876623542324,0.1071318079163275
Rg norm w/0.421,No regr out,Inliers,1,Ridge,80/20,-0.06359278196827955,0.07677722727628748
Rg norm w/0.421,No regr out,All,1,Lasso,80/20,-0.042600936140200885,0.10895766956510711
Rg norm w/0.421,No regr out,Inliers,1,Lasso,80/20,-0.050667577648364936,0.07630928751642946
Rg norm w/0.421,No regr out,All,1,Kernel Ridge,80/20,0.09202275810776284,0.1016801626210138
Rg norm w/0.421,No regr out,Inliers,1,Kernel Ridge,80/20,0.1557117213671747,0.06840535692623359
Rg norm w/0.421,No regr out,All,1,GPR,80/20,-4.284898166743169,0.24531102223710852
Rg norm w/0.421,No regr out,Inliers,1,GPR,80/20,-4.880898259295891,0.1805371433767526
Rg norm w/0.421,No regr out,All,1,Linear,85/15,0.24349278940352848,0.09668866888196403
Rg norm w/0.421,No regr out,Inliers,1,Linear,85/15,-0.22458034787276882,0.07663680158115971
Rg norm w/0.421,No regr out,All,1,Ridge,85/15,0.07979237617535706,0.10663799205596379
Rg norm w/0.421,No regr out,Inliers,1,Ridge,85/15,-0.19076079787153177,0.07557114331161793
Rg norm w/0.421,No regr out,All,1,Lasso,85/15,0.07097821144278216,0.10714748837150982
Rg norm w/0.421,No regr out,Inliers,1,Lasso,85/15,-0.19286199152505268,0.07563778961852603
Rg norm w/0.421,No regr out,All,1,Kernel Ridge,85/15,0.01771067267992188,0.11017644575583958
Rg norm w/0.421,No regr out,Inliers,1,Kernel Ridge,85/15,0.09556805863831475,0.06586150860767535
Rg norm w/0.421,No regr out,All,1,GPR,85/15,-4.04827549615952,0.24977016979432923
Rg norm w/0.421,No regr out,Inliers,1,GPR,85/15,-5.956795158507317,0.18266205378937425
Rg norm w/0.421,No regr out,All,1,Linear,90/10,0.09156179188791924,0.10371515210046546
Rg norm w/0.421,No regr out,Inliers,1,Linear,90/10,-0.3759349190892425,0.0841510101822258
Rg norm w/0.421,No regr out,All,1,Ridge,90/10,-0.07041988952555056,0.11258268387891289
Rg norm w/0.421,No regr out,Inliers,1,Ridge,90/10,-0.320437138832222,0.08243644462525868
Rg norm w/0.421,No regr out,All,1,Lasso,90/10,-0.07722168254421358,0.11293981078414574
Rg norm w/0.421,No regr out,Inliers,1,Lasso,90/10,-0.3228883446597208,0.08251292498030129
Rg norm w/0.421,No regr out,All,1,Kernel Ridge,90/10,0.0111922454891209,0.10820577611888477
Rg norm w/0.421,No regr out,Inliers,1,Kernel Ridge,90/10,0.09690342797951801,0.068175366987258
Rg norm w/0.421,No regr out,All,1,GPR,90/10,-3.8394845407783373,0.239383419294084
Rg norm w/0.421,No regr out,Inliers,1,GPR,90/10,-6.550565263661813,0.19712881916098904
Rg norm w/0.5,No regr out,All,1,Linear,80/20,0.21389854680382236,0.10383349756089542
Rg norm w/0.5,No regr out,Inliers,1,Linear,80/20,0.011740870991350016,0.05078617029783594
Rg norm w/0.5,No regr out,All,1,Ridge,80/20,-0.0060197395934014075,0.11746309365146332
Rg norm w/0.5,No regr out,Inliers,1,Ridge,80/20,0.028563196878731545,0.05035206933789391
Rg norm w/0.5,No regr out,All,1,Lasso,80/20,-0.04329705168244802,0.11961955257888184
Rg norm w/0.5,No regr out,Inliers,1,Lasso,80/20,0.03580830339204588,0.05016395167239911
Rg norm w/0.5,No regr out,All,1,Kernel Ridge,80/20,0.100131780098492,0.11109324199120267
Rg norm w/0.5,No regr out,Inliers,1,Kernel Ridge,80/20,0.18079355026243804,0.04623881852842509
Rg norm w/0.5,No regr out,All,1,GPR,80/20,-4.0509389527229835,0.2631990051468602
Rg norm w/0.5,No regr out,Inliers,1,GPR,80/20,-5.15580099282205,0.12675127390958502
Rg norm w/0.5,No regr out,All,1,Linear,85/15,0.26974236478964964,0.10399248529741548
Rg norm w/0.5,No regr out,Inliers,1,Linear,85/15,-0.13673701848432573,0.0500624081834369
Rg norm w/0.5,No regr out,All,1,Ridge,85/15,0.08958321545505654,0.11611385184481976
Rg norm w/0.5,No regr out,Inliers,1,Ridge,85/15,-0.10141285162208646,0.04927842344810804
Rg norm w/0.5,No regr out,All,1,Lasso,85/15,0.0682808440373932,0.117464441070821
Rg norm w/0.5,No regr out,Inliers,1,Lasso,85/15,-0.09028483911062968,0.04902885170219345
Rg norm w/0.5,No regr out,All,1,Kernel Ridge,85/15,0.018497500717517212,0.12056176827811912
Rg norm w/0.5,No regr out,Inliers,1,Kernel Ridge,85/15,0.12418105183635786,0.04394291912499854
Rg norm w/0.5,No regr out,All,1,GPR,85/15,-3.8520638311013595,0.2680570026005289
Rg norm w/0.5,No regr out,Inliers,1,GPR,85/15,-6.337893791476971,0.12719424038822552
Rg norm w/0.5,No regr out,All,1,Linear,90/10,0.12716693308637705,0.1116643624115295
Rg norm w/0.5,No regr out,Inliers,1,Linear,90/10,-0.10243356130193004,0.05469927933259053
Rg norm w/0.5,No regr out,All,1,Ridge,90/10,-0.054245881214961766,0.12272130122994983
Rg norm w/0.5,No regr out,Inliers,1,Ridge,90/10,-0.05385767480672787,0.053480612545958345
Rg norm w/0.5,No regr out,All,1,Lasso,90/10,-0.07312766256570091,0.12381540713274325
Rg norm w/0.5,No regr out,Inliers,1,Lasso,90/10,-0.036596481657451996,0.053040823322380776
Rg norm w/0.5,No regr out,All,1,Kernel Ridge,90/10,0.021322117630925508,0.1182412144858234
Rg norm w/0.5,No regr out,Inliers,1,Kernel Ridge,90/10,0.2365476151942988,0.04551938329766007
Rg norm w/0.5,No regr out,All,1,GPR,90/10,-3.6079503765807406,0.25656823806959667
Rg norm w/0.5,No regr out,Inliers,1,GPR,90/10,-6.147527571426853,0.1392782531599718
Rg norm w/0.406,No regr out,All,1,Linear,80/20,0.04436554410874871,0.06513632216586386
Rg norm w/0.406,No regr out,Inliers,1,Linear,80/20,-0.06103362364784992,0.08314830912800016
Rg norm w/0.406,No regr out,All,1,Ridge,80/20,0.03380538060992233,0.06549522528841342
Rg norm w/0.406,No regr out,Inliers,1,Ridge,80/20,-0.056645329163425684,0.08297618577890532
Rg norm w/0.406,No regr out,All,1,Lasso,80/20,0.05461658804970704,0.06478602315624585
Rg norm w/0.406,No regr out,Inliers,1,Lasso,80/20,-0.04497846382391302,0.08251682678838364
Rg norm w/0.406,No regr out,All,1,Kernel Ridge,80/20,0.001352008764850643,0.06658609551538634
Rg norm w/0.406,No regr out,Inliers,1,Kernel Ridge,80/20,0.16722409885188783,0.07366359725662609
Rg norm w/0.406,No regr out,All,1,GPR,80/20,-5.467345551210079,0.16944952900528953
Rg norm w/0.406,No regr out,Inliers,1,GPR,80/20,-4.72431134007699,0.19313032527937632
Rg norm w/0.406,No regr out,All,1,Linear,85/15,0.12367006602578945,0.06581843429913588
Rg norm w/0.406,No regr out,Inliers,1,Linear,85/15,-0.20695547793475,0.08294498393079955
Rg norm w/0.406,No regr out,All,1,Ridge,85/15,0.05217958855128091,0.06845052007446319
Rg norm w/0.406,No regr out,Inliers,1,Ridge,85/15,-0.1741407903524641,0.08180966047039365
Rg norm w/0.406,No regr out,All,1,Lasso,85/15,0.06433720370928697,0.06801009858293922
Rg norm w/0.406,No regr out,Inliers,1,Lasso,85/15,-0.17815323844168462,0.08194932730360041
Rg norm w/0.406,No regr out,All,1,Kernel Ridge,85/15,0.03175303259922446,0.06918417975980083
Rg norm w/0.406,No regr out,Inliers,1,Kernel Ridge,85/15,0.11367841513779953,0.0710788127795091
Rg norm w/0.406,No regr out,All,1,GPR,85/15,-4.993821133270401,0.17213358465763773
Rg norm w/0.406,No regr out,Inliers,1,GPR,85/15,-5.7173891406808295,0.19567924146439208
Rg norm w/0.406,No regr out,All,1,Linear,90/10,-0.060937790890766674,0.07029376041027821
Rg norm w/0.406,No regr out,Inliers,1,Linear,90/10,-0.39723820301762425,0.09116718302815568
Rg norm w/0.406,No regr out,All,1,Ridge,90/10,-0.11188665315980528,0.07196180956499992
Rg norm w/0.406,No regr out,Inliers,1,Ridge,90/10,-0.34155281429126605,0.08933202881195322
Rg norm w/0.406,No regr out,All,1,Lasso,90/10,-0.057739285693442,0.07018771994615267
Rg norm w/0.406,No regr out,Inliers,1,Lasso,90/10,-0.3475183017452761,0.08953042502222128
Rg norm w/0.406,No regr out,All,1,Kernel Ridge,90/10,-0.1963228584331005,0.07464419136601382
Rg norm w/0.406,No regr out,Inliers,1,Kernel Ridge,90/10,0.08967771541776293,0.07358696598052174
Rg norm w/0.406,No regr out,All,1,GPR,90/10,-4.95111937347621,0.16648348103620106
Rg norm w/0.406,No regr out,Inliers,1,GPR,90/10,-6.452135660569459,0.21054439586780116
Rg w/no norm,pH regr out,All,1,Linear,80/20,0.6990874613627145,0.9230286672387537
Rg w/no norm,pH regr out,Inliers,1,Linear,80/20,0.6300385166028712,0.7099285067188169
Rg w/no norm,pH regr out,All,1,Ridge,80/20,0.6969406643719503,0.9263153921433437
Rg w/no norm,pH regr out,Inliers,1,Ridge,80/20,0.6301425237906991,0.7098287086843217
Rg w/no norm,pH regr out,All,1,Lasso,80/20,0.6065435181133412,1.0554639379328248
Rg w/no norm,pH regr out,Inliers,1,Lasso,80/20,0.6311038142016481,0.7089056565301273
Rg w/no norm,pH regr out,All,1,Kernel Ridge,80/20,0.6539076297638071,0.989899397117307
Rg w/no norm,pH regr out,Inliers,1,Kernel Ridge,80/20,0.7228634318387454,0.6144453708110292
Rg w/no norm,pH regr out,All,1,GPR,80/20,0.0776394514717601,1.616015070702661
Rg w/no norm,pH regr out,Inliers,1,GPR,80/20,0.2756779288594179,0.9933498230825017
Rg w/no norm,pH regr out,All,1,Linear,85/15,0.7025210354117015,0.9316562472027999
Rg w/no norm,pH regr out,Inliers,1,Linear,85/15,0.6915376413163674,0.6926151962374583
Rg w/no norm,pH regr out,All,1,Ridge,85/15,0.705135215967081,0.9275536176445883
Rg w/no norm,pH regr out,Inliers,1,Ridge,85/15,0.7013303792002844,0.681532316240349
Rg w/no norm,pH regr out,All,1,Lasso,85/15,0.5989386787782577,1.0817650847254965
Rg w/no norm,pH regr out,Inliers,1,Lasso,85/15,0.695826709036879,0.6877830467379036
Rg w/no norm,pH regr out,All,1,Kernel Ridge,85/15,0.7111311595626195,0.9180744875550214
Rg w/no norm,pH regr out,Inliers,1,Kernel Ridge,85/15,0.7606249310724971,0.6101412486771189
Rg w/no norm,pH regr out,All,1,GPR,85/15,0.1281868359916889,1.5949213845379717
Rg w/no norm,pH regr out,Inliers,1,GPR,85/15,0.35506347554917184,1.001496451339475
Rg w/no norm,pH regr out,All,1,Linear,90/10,0.661061357232091,1.078937990151684
Rg w/no norm,pH regr out,Inliers,1,Linear,90/10,0.5267910546155015,0.7667099050179463
Rg w/no norm,pH regr out,All,1,Ridge,90/10,0.6693820924226783,1.0656120641360163
Rg w/no norm,pH regr out,Inliers,1,Ridge,90/10,0.5477786368894282,0.7495146713528369
Rg w/no norm,pH regr out,All,1,Lasso,90/10,0.6768327596397714,1.0535365498523062
Rg w/no norm,pH regr out,Inliers,1,Lasso,90/10,0.5359790131739246,0.7592300914530126
Rg w/no norm,pH regr out,All,1,Kernel Ridge,90/10,0.6842010425740436,1.0414568674628688
Rg w/no norm,pH regr out,Inliers,1,Kernel Ridge,90/10,0.6661116773650106,0.6440286923055961
Rg w/no norm,pH regr out,All,1,GPR,90/10,0.08989335744037241,1.7679992816591106
Rg w/no norm,pH regr out,Inliers,1,GPR,90/10,0.2854140691315189,0.9421755539057928
Rg norm w/0.421,pH regr out,All,1,Linear,80/20,0.18365599288207424,0.09640967221913359
Rg norm w/0.421,pH regr out,Inliers,1,Linear,80/20,-0.06816060633274224,0.0769391426635272
Rg norm w/0.421,pH regr out,All,1,Ridge,80/20,-0.007894311738189552,0.1071251637926425
Rg norm w/0.421,pH regr out,Inliers,1,Ridge,80/20,-0.06371054435449297,0.0767787073800011
Rg norm w/0.421,pH regr out,All,1,Lasso,80/20,-0.04252918599366007,0.10895022034040489
Rg norm w/0.421,pH regr out,Inliers,1,Lasso,80/20,-0.0507839191081918,0.07631075896850337
Rg norm w/0.421,pH regr out,All,1,Kernel Ridge,80/20,-0.030171350257841345,0.10830256332807002
Rg norm w/0.421,pH regr out,Inliers,1,Kernel Ridge,80/20,0.21588779041533823,0.06592014777237377
Rg norm w/0.421,pH regr out,All,1,GPR,80/20,-0.051129851496809264,0.1093987064528755
Rg norm w/0.421,pH regr out,Inliers,1,GPR,80/20,0.20570600895888413,0.06634675745379381
Rg norm w/0.421,pH regr out,All,1,Linear,85/15,0.24353284776043904,0.0966776296146756
Rg norm w/0.421,pH regr out,Inliers,1,Linear,85/15,-0.2247650667462191,0.07663967818462944
Rg norm w/0.421,pH regr out,All,1,Ridge,85/15,0.07982971611475875,0.1066264765673627
Rg norm w/0.421,pH regr out,Inliers,1,Ridge,85/15,-0.19094006112694095,0.07557396867706084
Rg norm w/0.421,pH regr out,All,1,Lasso,85/15,0.07098199903490043,0.10713787319705308
Rg norm w/0.421,pH regr out,Inliers,1,Lasso,85/15,-0.19304321669300384,0.07564066964201488
Rg norm w/0.421,pH regr out,All,1,Kernel Ridge,85/15,-0.0009420811454601274,0.11120784637134389
Rg norm w/0.421,pH regr out,Inliers,1,Kernel Ridge,85/15,0.2969437901074544,0.0580660523580064
Rg norm w/0.421,pH regr out,All,1,GPR,85/15,-0.010256747645043252,0.11172409264440986
Rg norm w/0.421,pH regr out,Inliers,1,GPR,85/15,0.3590009338056859,0.055444181365573976
Rg norm w/0.421,pH regr out,All,1,Linear,90/10,0.09166928260727114,0.10370143878226419
Rg norm w/0.421,pH regr out,Inliers,1,Linear,90/10,-0.3760974395809835,0.084155608915396
Rg norm w/0.421,pH regr out,All,1,Ridge,90/10,-0.070320440113536,0.11256922886170391
Rg norm w/0.421,pH regr out,Inliers,1,Ridge,90/10,-0.32059669702949667,0.08244106180727724
Rg norm w/0.421,pH regr out,All,1,Lasso,90/10,-0.0771331518092957,0.11292691857200608
Rg norm w/0.421,pH regr out,Inliers,1,Lasso,90/10,-0.3230504575702007,0.08251761687686646
Rg norm w/0.421,pH regr out,All,1,Kernel Ridge,90/10,-0.08364099670284286,0.113267546914958
Rg norm w/0.421,pH regr out,Inliers,1,Kernel Ridge,90/10,0.3200456278635839,0.05915593984612498
Rg norm w/0.421,pH regr out,All,1,GPR,90/10,-0.06597179376946194,0.11234031517094577
Rg norm w/0.421,pH regr out,Inliers,1,GPR,90/10,0.47010610712592305,0.052221931459995645
Rg norm w/0.5,pH regr out,All,1,Linear,80/20,0.04433236382655159,0.06513153905364272
Rg norm w/0.5,pH regr out,Inliers,1,Linear,80/20,0.011636510083786744,0.05078682755802447
Rg norm w/0.5,pH regr out,All,1,Ridge,80/20,0.033804270042936624,0.06548931655213268
Rg norm w/0.5,pH regr out,Inliers,1,Ridge,80/20,0.028459390028788056,0.05035275265700441
Rg norm w/0.5,pH regr out,All,1,Lasso,80/20,0.054666493034702945,0.06477843133910842
Rg norm w/0.5,pH regr out,Inliers,1,Lasso,80/20,0.035704134323282344,0.0501646619981754
Rg norm w/0.5,pH regr out,All,1,Kernel Ridge,80/20,-0.12312532676752941,0.0706076913471373
Rg norm w/0.5,pH regr out,Inliers,1,Kernel Ridge,80/20,0.2465277160135405,0.0443431334625502
Rg norm w/0.5,pH regr out,All,1,GPR,80/20,-0.07381903183149974,0.06904042397356544
Rg norm w/0.5,pH regr out,Inliers,1,GPR,80/20,0.20224821934980042,0.04562749530913398
Rg norm w/0.5,pH regr out,All,1,Linear,85/15,0.12366678088034577,0.06581002576961695
Rg norm w/0.5,pH regr out,Inliers,1,Linear,85/15,-0.13688999674466729,0.0500634394802285
Rg norm w/0.5,pH regr out,All,1,Ridge,85/15,0.05220257926189498,0.06844081692267268
Rg norm w/0.5,pH regr out,Inliers,1,Ridge,85/15,-0.1015636510022806,0.049279496190595413
Rg norm w/0.5,pH regr out,All,1,Lasso,85/15,0.064397017896063,0.06799910900458471
Rg norm w/0.5,pH regr out,Inliers,1,Lasso,85/15,-0.09043664271902618,0.04902997584162294
Rg norm w/0.5,pH regr out,All,1,Kernel Ridge,85/15,-0.07127526922319882,0.07276255876794069
Rg norm w/0.5,pH regr out,Inliers,1,Kernel Ridge,85/15,0.27472662418009874,0.03998640204911267
Rg norm w/0.5,pH regr out,All,1,GPR,85/15,-0.03465290078580363,0.07150802170787926
Rg norm w/0.5,pH regr out,Inliers,1,GPR,85/15,0.390031947457509,0.036670345799039786
Rg norm w/0.5,pH regr out,All,1,Linear,90/10,-0.06091701173387065,0.0702834868836608
Rg norm w/0.5,pH regr out,Inliers,1,Linear,90/10,-0.1025859109093834,0.05470142703998744
Rg norm w/0.5,pH regr out,All,1,Ridge,90/10,-0.11182403219456893,0.07194997068669334
Rg norm w/0.5,pH regr out,Inliers,1,Ridge,90/10,-0.05400931733123637,0.053482864778253515
Rg norm w/0.5,pH regr out,All,1,Lasso,90/10,-0.05758380888864645,0.07017299124030377
Rg norm w/0.5,pH regr out,Inliers,1,Lasso,90/10,-0.03675016017335797,0.05304317265581994
Rg norm w/0.5,pH regr out,All,1,Kernel Ridge,90/10,-0.3527469995844048,0.07936351281078176
Rg norm w/0.5,pH regr out,Inliers,1,Kernel Ridge,90/10,0.3713191031834837,0.04130547007036463
Rg norm w/0.5,pH regr out,All,1,GPR,90/10,-0.07485426441917076,0.07074363718415627
Rg norm w/0.5,pH regr out,Inliers,1,GPR,90/10,0.5005801046319984,0.03681504677497225
Rg norm w/0.406,pH regr out,All,1,Linear,80/20,0.21394640707035606,0.10382765954812088
Rg norm w/0.406,pH regr out,Inliers,1,Linear,80/20,-0.06115190406778548,0.08314999687936564
Rg norm w/0.406,pH regr out,All,1,Ridge,80/20,-0.00596157586629853,0.11745666947034183
Rg norm w/0.406,pH regr out,Inliers,1,Ridge,80/20,-0.05676264658004815,0.08297785143448203
Rg norm w/0.406,pH regr out,All,1,Lasso,80/20,-0.04322638902098319,0.11961241747412812
Rg norm w/0.406,pH regr out,Inliers,1,Lasso,80/20,-0.045094289877986915,0.08251847548449917
Rg norm w/0.406,pH regr out,All,1,Kernel Ridge,80/20,-0.02855615340470763,0.11876842278385177
Rg norm w/0.406,pH regr out,Inliers,1,Kernel Ridge,80/20,0.2254598210085602,0.07103877015431916
Rg norm w/0.406,pH regr out,All,1,GPR,80/20,-0.045872579802203495,0.11976402254223256
Rg norm w/0.406,pH regr out,Inliers,1,GPR,80/20,0.20371650051221812,0.07202898859651835
Rg norm w/0.406,pH regr out,All,1,Linear,85/15,0.2697883518919265,0.10398080768547678
Rg norm w/0.406,pH regr out,Inliers,1,Linear,85/15,-0.20713983751231213,0.08294829340789651
Rg norm w/0.406,pH regr out,All,1,Ridge,85/15,0.08962281439447772,0.11610194388539646
Rg norm w/0.406,pH regr out,Inliers,1,Ridge,85/15,-0.1743192614052662,0.08181289412818031
Rg norm w/0.406,pH regr out,All,1,Lasso,85/15,0.06831359327184816,0.11745288476030279
Rg norm w/0.406,pH regr out,Inliers,1,Lasso,85/15,-0.1783339831930899,0.08195262434028111
Rg norm w/0.406,pH regr out,All,1,Kernel Ridge,85/15,-0.0005426211701180517,0.12171570111686748
Rg norm w/0.406,pH regr out,Inliers,1,Kernel Ridge,85/15,0.31449497393620196,0.0625077671386936
Rg norm w/0.406,pH regr out,All,1,GPR,85/15,-0.0049075464581009864,0.12198090809360922
Rg norm w/0.406,pH regr out,Inliers,1,GPR,85/15,0.34588786152071427,0.061059714338994694
Rg norm w/0.406,pH regr out,All,1,Linear,90/10,0.12728372751046957,0.11164980026080969
Rg norm w/0.406,pH regr out,Inliers,1,Linear,90/10,-0.3973991914486035,0.09117233998096134
Rg norm w/0.406,pH regr out,All,1,Ridge,90/10,-0.05414258411672623,0.12270749560654252
Rg norm w/0.406,pH regr out,Inliers,1,Ridge,90/10,-0.34171033861739186,0.08933718023353764
Rg norm w/0.406,pH regr out,All,1,Lasso,90/10,-0.07300808834307415,0.1238006461537131
Rg norm w/0.406,pH regr out,Inliers,1,Lasso,90/10,-0.3476785502149464,0.08953565510810042
Rg norm w/0.406,pH regr out,All,1,Kernel Ridge,90/10,-0.08198566838025867,0.12431747129899509
Rg norm w/0.406,pH regr out,Inliers,1,Kernel Ridge,90/10,0.32025610452044206,0.06358805123996035
Rg norm w/0.406,pH regr out,All,1,GPR,90/10,-0.06213030911477824,0.12317152389701305
Rg norm w/0.406,pH regr out,Inliers,1,GPR,90/10,0.4527359159072566,0.05705600125859411
Rg w/no norm,buffer regr out,All,1,Linear,80/20,0.20628713831217182,1.4299510129667214
Rg w/no norm,buffer regr out,Inliers,1,Linear,80/20,-0.0034672970756588484,1.151367955743731
Rg w/no norm,buffer regr out,All,1,Ridge,80/20,0.26633489606877403,1.3747963871565863
Rg w/no norm,buffer regr out,Inliers,1,Ridge,80/20,0.16848773843298903,1.0480858444472818
Rg w/no norm,buffer regr out,All,1,Lasso,80/20,0.27398417662323726,1.3676107122171055
Rg w/no norm,buffer regr out,Inliers,1,Lasso,80/20,-0.001437302349197589,1.1502027687238474
Rg w/no norm,buffer regr out,All,1,Kernel Ridge,80/20,0.024669446685193663,1.5851317516837455
Rg w/no norm,buffer regr out,Inliers,1,Kernel Ridge,80/20,0.1450584429633518,1.0627490867085114
Rg w/no norm,buffer regr out,All,1,GPR,80/20,0.011746444757453123,1.5955985886403652
Rg w/no norm,buffer regr out,Inliers,1,GPR,80/20,-0.05055397904644909,1.1780716706258587
Rg w/no norm,buffer regr out,All,1,Linear,85/15,0.15903006502866168,1.5245979908770892
Rg w/no norm,buffer regr out,Inliers,1,Linear,85/15,0.013283880255746339,1.1760313540097653
Rg w/no norm,buffer regr out,All,1,Ridge,85/15,0.265400488069361,1.4249198152878413
Rg w/no norm,buffer regr out,Inliers,1,Ridge,85/15,0.23131037005467203,1.0380022623384033
Rg w/no norm,buffer regr out,All,1,Lasso,85/15,0.2671284975206525,1.4232428984200212
Rg w/no norm,buffer regr out,Inliers,1,Lasso,85/15,0.24494324138573043,1.02875649143769
Rg w/no norm,buffer regr out,All,1,Kernel Ridge,85/15,0.2782168533741345,1.4124350195112656
Rg w/no norm,buffer regr out,Inliers,1,Kernel Ridge,85/15,0.1337251286139971,1.1019214758309157
Rg w/no norm,buffer regr out,All,1,GPR,85/15,0.02364041643404724,1.6427444360958108
Rg w/no norm,buffer regr out,Inliers,1,GPR,85/15,-0.01724222851064261,1.1940842753978407
Rg w/no norm,buffer regr out,All,1,Linear,90/10,0.11085273704565302,1.6249921749869491
Rg w/no norm,buffer regr out,Inliers,1,Linear,90/10,-0.3673594206795512,1.283430701249559
Rg w/no norm,buffer regr out,All,1,Ridge,90/10,0.23488940586942741,1.5073931374687755
Rg w/no norm,buffer regr out,Inliers,1,Ridge,90/10,0.17412975124936791,0.9974404833036756
Rg w/no norm,buffer regr out,All,1,Lasso,90/10,0.256662663752786,1.4857898923067048
Rg w/no norm,buffer regr out,Inliers,1,Lasso,90/10,0.19132912956866255,0.9869996077891133
Rg w/no norm,buffer regr out,All,1,Kernel Ridge,90/10,0.2609809251942182,1.481467914790378
Rg w/no norm,buffer regr out,Inliers,1,Kernel Ridge,90/10,0.06309012831409766,1.0623802485208282
Rg w/no norm,buffer regr out,All,1,GPR,90/10,0.02212367398611692,1.7041444014149538
Rg w/no norm,buffer regr out,Inliers,1,GPR,90/10,0.019565138396638537,1.0867770358158748
Rg norm w/0.421,buffer regr out,All,1,Linear,80/20,-0.06559329643367273,0.12110024595978106
Rg norm w/0.421,buffer regr out,Inliers,1,Linear,80/20,-0.1351824259026262,0.10141974105225464
Rg norm w/0.421,buffer regr out,All,1,Ridge,80/20,-0.033698218809034675,0.11927410579704421
Rg norm w/0.421,buffer regr out,Inliers,1,Ridge,80/20,-0.1348529529960143,0.10140502206038149
Rg norm w/0.421,buffer regr out,All,1,Lasso,80/20,-0.049338273834243385,0.12017303851077307
Rg norm w/0.421,buffer regr out,Inliers,1,Lasso,80/20,-0.11639871726136297,0.10057715165468377
Rg norm w/0.421,buffer regr out,All,1,Kernel Ridge,80/20,-0.15273862071390187,0.12595479553305547
Rg norm w/0.421,buffer regr out,Inliers,1,Kernel Ridge,80/20,-0.0882997422345746,0.09930335715959103
Rg norm w/0.421,buffer regr out,All,1,GPR,80/20,-0.0821240943098196,0.12203595915220415
Rg norm w/0.421,buffer regr out,Inliers,1,GPR,80/20,-0.34144905122535096,0.11024953315545577
Rg norm w/0.421,buffer regr out,All,1,Linear,85/15,-0.0944806867443031,0.12602949662553165
Rg norm w/0.421,buffer regr out,Inliers,1,Linear,85/15,-0.2594738459977497,0.10630476302824986
Rg norm w/0.421,buffer regr out,All,1,Ridge,85/15,-0.07731980251633264,0.12503755471432185
Rg norm w/0.421,buffer regr out,Inliers,1,Ridge,85/15,-0.25895557697724847,0.10628288876125135
Rg norm w/0.421,buffer regr out,All,1,Lasso,85/15,-0.09030533379846761,0.12578887088169632
Rg norm w/0.421,buffer regr out,Inliers,1,Lasso,85/15,-0.22980895751536745,0.10504538399193587
Rg norm w/0.421,buffer regr out,All,1,Kernel Ridge,85/15,-0.05940457812079569,0.1239935439691591
Rg norm w/0.421,buffer regr out,Inliers,1,Kernel Ridge,85/15,-0.15951952826075222,0.10199929749164172
Rg norm w/0.421,buffer regr out,All,1,GPR,85/15,-0.07838335321992806,0.12509925922125667
Rg norm w/0.421,buffer regr out,Inliers,1,GPR,85/15,-0.2818886372683225,0.10724654151206113
Rg norm w/0.421,buffer regr out,All,1,Linear,90/10,-0.22863069029120386,0.12100917888074127
Rg norm w/0.421,buffer regr out,Inliers,1,Linear,90/10,-0.43705530254009695,0.11251434057182018
Rg norm w/0.421,buffer regr out,All,1,Ridge,90/10,-0.23679777426787685,0.12141070523025811
Rg norm w/0.421,buffer regr out,Inliers,1,Ridge,90/10,-0.41576532925563936,0.11167778066392739
Rg norm w/0.421,buffer regr out,All,1,Lasso,90/10,-0.16034101110747812,0.11759814071351686
Rg norm w/0.421,buffer regr out,Inliers,1,Lasso,90/10,-0.3770456929571582,0.11014006134625887
Rg norm w/0.421,buffer regr out,All,1,Kernel Ridge,90/10,-0.4110469522238669,0.12968160197700845
Rg norm w/0.421,buffer regr out,Inliers,1,Kernel Ridge,90/10,0.07385613345357378,0.09032549825375417
Rg norm w/0.421,buffer regr out,All,1,GPR,90/10,-0.053457489278861514,0.11205110449412917
Rg norm w/0.421,buffer regr out,Inliers,1,GPR,90/10,-0.15348107759302998,0.10080367736939673
Rg norm w/0.5,buffer regr out,All,1,Linear,80/20,-0.09288311652440306,0.07905228008676926
Rg norm w/0.5,buffer regr out,Inliers,1,Linear,80/20,-0.007069284750248039,0.06545309095746339
Rg norm w/0.5,buffer regr out,All,1,Ridge,80/20,-0.005924322854507613,0.07584207332680439
Rg norm w/0.5,buffer regr out,Inliers,1,Ridge,80/20,-0.006770912735438506,0.06544339409863598
Rg norm w/0.5,buffer regr out,All,1,Lasso,80/20,-0.02283002238675169,0.07647672397601536
Rg norm w/0.5,buffer regr out,Inliers,1,Lasso,80/20,0.017691000028945858,0.06464345302648741
Rg norm w/0.5,buffer regr out,All,1,Kernel Ridge,80/20,-0.15063725612811818,0.08111417552562636
Rg norm w/0.5,buffer regr out,Inliers,1,Kernel Ridge,80/20,-0.015044946101662626,0.06571176341829445
Rg norm w/0.5,buffer regr out,All,1,GPR,80/20,-0.10958444587993821,0.07965402433287119
Rg norm w/0.5,buffer regr out,Inliers,1,GPR,80/20,-0.37463016810886374,0.07647041036377991
Rg norm w/0.5,buffer regr out,All,1,Linear,85/15,-0.11618367583330858,0.0822914764648185
Rg norm w/0.5,buffer regr out,Inliers,1,Linear,85/15,-0.1125918356621658,0.0685590644734381
Rg norm w/0.5,buffer regr out,All,1,Ridge,85/15,-0.05534043511716513,0.08001719263467637
Rg norm w/0.5,buffer regr out,Inliers,1,Ridge,85/15,-0.1030326234607235,0.06826390482244722
Rg norm w/0.5,buffer regr out,All,1,Lasso,85/15,-0.07304250651145194,0.08068549805250051
Rg norm w/0.5,buffer regr out,Inliers,1,Lasso,85/15,-0.07364983692227445,0.06734855461443882
Rg norm w/0.5,buffer regr out,All,1,Kernel Ridge,85/15,-0.04389348511818403,0.07958204862861924
Rg norm w/0.5,buffer regr out,Inliers,1,Kernel Ridge,85/15,-0.06800851672945529,0.06717138551330011
Rg norm w/0.5,buffer regr out,All,1,GPR,85/15,-0.11119861659542885,0.08210750721505226
Rg norm w/0.5,buffer regr out,Inliers,1,GPR,85/15,-0.2707498986641734,0.07327013475640802
Rg norm w/0.5,buffer regr out,All,1,Linear,90/10,-0.22523182813155973,0.07807867072339518
Rg norm w/0.5,buffer regr out,Inliers,1,Linear,90/10,-0.2273443497721106,0.07218369841311773
Rg norm w/0.5,buffer regr out,All,1,Ridge,90/10,-0.2190836209002176,0.0778825251585148
Rg norm w/0.5,buffer regr out,Inliers,1,Ridge,90/10,-0.2087956513383442,0.07163617034878636
Rg norm w/0.5,buffer regr out,All,1,Lasso,90/10,-0.1982210779016138,0.07721323587933755
Rg norm w/0.5,buffer regr out,Inliers,1,Lasso,90/10,-0.14996911337968633,0.06987132901851105
Rg norm w/0.5,buffer regr out,All,1,Kernel Ridge,90/10,-0.4199869289231939,0.08405536710670984
Rg norm w/0.5,buffer regr out,Inliers,1,Kernel Ridge,90/10,0.20734945879679523,0.05800918932807049
Rg norm w/0.5,buffer regr out,All,1,GPR,90/10,-0.08189549317442735,0.07336956289487649
Rg norm w/0.5,buffer regr out,Inliers,1,GPR,90/10,-0.1694074363728837,0.07045938394764534
Rg norm w/0.406,buffer regr out,All,1,Linear,80/20,-0.05612812298228431,0.13137548592512038
Rg norm w/0.406,buffer regr out,Inliers,1,Linear,80/20,-0.15222758380380075,0.11018158107235164
Rg norm w/0.406,buffer regr out,All,1,Ridge,80/20,-0.03489320143246677,0.1300480362588236
Rg norm w/0.406,buffer regr out,Inliers,1,Ridge,80/20,-0.15189388948081795,0.1101656251835127
Rg norm w/0.406,buffer regr out,All,1,Lasso,80/20,-0.04905458344714653,0.13093479558073604
Rg norm w/0.406,buffer regr out,Inliers,1,Lasso,80/20,-0.13453083472522764,0.10933218261211311
Rg norm w/0.406,buffer regr out,All,1,Kernel Ridge,80/20,-0.1482977379778161,0.13698824012722283
Rg norm w/0.406,buffer regr out,Inliers,1,Kernel Ridge,80/20,-0.0960945905155628,0.10746421815416891
Rg norm w/0.406,buffer regr out,All,1,GPR,80/20,-0.07661858559814871,0.13264380396140943
Rg norm w/0.406,buffer regr out,Inliers,1,GPR,80/20,-0.3315911627549344,0.11844734168421385
Rg norm w/0.406,buffer regr out,All,1,Linear,85/15,-0.08596224022662535,0.13673604580516185
Rg norm w/0.406,buffer regr out,Inliers,1,Linear,85/15,-0.27738931476833595,0.11546959126196545
Rg norm w/0.406,buffer regr out,All,1,Ridge,85/15,-0.07743862991840156,0.1361983748396176
Rg norm w/0.406,buffer regr out,Inliers,1,Ridge,85/15,-0.27686473736043515,0.11544587924315938
Rg norm w/0.406,buffer regr out,All,1,Lasso,85/15,-0.08996691603067242,0.13698793284831337
Rg norm w/0.406,buffer regr out,Inliers,1,Lasso,85/15,-0.2494740433527911,0.11420092148838587
Rg norm w/0.406,buffer regr out,All,1,Kernel Ridge,85/15,-0.059672900171886534,0.13507082988594732
Rg norm w/0.406,buffer regr out,Inliers,1,Kernel Ridge,85/15,-0.041343578447910145,0.10425646867552299
Rg norm w/0.406,buffer regr out,All,1,GPR,85/15,-0.07185200453247864,0.13584481494110842
Rg norm w/0.406,buffer regr out,Inliers,1,GPR,85/15,-0.2802756915553839,0.115599974647189
Rg norm w/0.406,buffer regr out,All,1,Linear,90/10,-0.2196191576977804,0.13166490994010244
Rg norm w/0.406,buffer regr out,Inliers,1,Linear,90/10,-0.46770948510212107,0.12235259370168139
Rg norm w/0.406,buffer regr out,All,1,Ridge,90/10,-0.2313214800453729,0.1322950684824389
Rg norm w/0.406,buffer regr out,Inliers,1,Ridge,90/10,-0.4460547134747901,0.12144663680174926
Rg norm w/0.406,buffer regr out,All,1,Lasso,90/10,-0.14497414033732037,0.12757211821771508
Rg norm w/0.406,buffer regr out,Inliers,1,Lasso,90/10,-0.4110577576017953,0.11996802938921314
Rg norm w/0.406,buffer regr out,All,1,Kernel Ridge,90/10,-0.3981148318877483,0.14097085996450176
Rg norm w/0.406,buffer regr out,Inliers,1,Kernel Ridge,90/10,0.054329701305083855,0.09821164929053589
Rg norm w/0.406,buffer regr out,All,1,GPR,90/10,-0.047613165265671276,0.12202769316680881
Rg norm w/0.406,buffer regr out,Inliers,1,GPR,90/10,-0.14942987500368798,0.10827654020091414
Rg w/no norm,expr pH only regr out,All,1,Linear,80/20,0.26072401132124723,1.6333344008836743
Rg w/no norm,expr pH only regr out,Inliers,1,Linear,80/20,0.161337065572964,1.7021032791464212
Rg w/no norm,expr pH only regr out,All,1,Ridge,80/20,0.332548666938665,1.5519638864220333
Rg w/no norm,expr pH only regr out,Inliers,1,Ridge,80/20,0.2107607202085855,1.6511880220237876
Rg w/no norm,expr pH only regr out,All,1,Lasso,80/20,0.32668515409202314,1.5587659268225311
Rg w/no norm,expr pH only regr out,Inliers,1,Lasso,80/20,0.25167810842426863,1.6078162321875935
Rg w/no norm,expr pH only regr out,All,1,Kernel Ridge,80/20,0.26441077471914154,1.62925659778929
Rg w/no norm,expr pH only regr out,Inliers,1,Kernel Ridge,80/20,0.19442818780452886,1.6681853942205958
Rg w/no norm,expr pH only regr out,All,1,GPR,80/20,-0.2284715114985032,2.105495674579913
Rg w/no norm,expr pH only regr out,Inliers,1,GPR,80/20,-0.3122986418851659,2.129161102149938
Rg w/no norm,expr pH only regr out,All,1,Linear,85/15,0.18640777707602096,1.755775235605308
Rg w/no norm,expr pH only regr out,Inliers,1,Linear,85/15,0.29359207763574946,1.5167642454971018
Rg w/no norm,expr pH only regr out,All,1,Ridge,85/15,0.2761971704962587,1.6560584584390152
Rg w/no norm,expr pH only regr out,Inliers,1,Ridge,85/15,0.31612003129153854,1.4923828290134624
Rg w/no norm,expr pH only regr out,All,1,Lasso,85/15,0.2687622883481151,1.6645422206309068
Rg w/no norm,expr pH only regr out,Inliers,1,Lasso,85/15,0.33850314252036207,1.4677571160369765
Rg w/no norm,expr pH only regr out,All,1,Kernel Ridge,85/15,0.22610283691138267,1.7124076221335567
Rg w/no norm,expr pH only regr out,Inliers,1,Kernel Ridge,85/15,0.4264294474282547,1.3667331398388214
Rg w/no norm,expr pH only regr out,All,1,GPR,85/15,-0.21769860571669453,2.1480056991977134
Rg w/no norm,expr pH only regr out,Inliers,1,GPR,85/15,-0.24477402120936897,2.013425477934427
Rg w/no norm,expr pH only regr out,All,1,Linear,90/10,0.32573696522498374,1.7772246499591664
Rg w/no norm,expr pH only regr out,Inliers,1,Linear,90/10,0.2390100653039583,1.5541678573275404
Rg w/no norm,expr pH only regr out,All,1,Ridge,90/10,0.3735928180403889,1.7129946909716411
Rg w/no norm,expr pH only regr out,Inliers,1,Ridge,90/10,0.2627697128401031,1.5297133290757647
Rg w/no norm,expr pH only regr out,All,1,Lasso,90/10,0.3727821313642987,1.7141027984402466
Rg w/no norm,expr pH only regr out,Inliers,1,Lasso,90/10,0.29452650892704313,1.4964038475496502
Rg w/no norm,expr pH only regr out,All,1,Kernel Ridge,90/10,0.30914637327601313,1.798956548650157
Rg w/no norm,expr pH only regr out,Inliers,1,Kernel Ridge,90/10,0.3950651338536225,1.3856794448119094
Rg w/no norm,expr pH only regr out,All,1,GPR,90/10,-0.06804331280403897,2.2367738941670647
Rg w/no norm,expr pH only regr out,Inliers,1,GPR,90/10,-0.11003621604293268,1.8770551837623104
Rg norm w/0.421,expr pH only regr out,All,1,Linear,80/20,-0.07418341940887863,0.19127281742500868
Rg norm w/0.421,expr pH only regr out,Inliers,1,Linear,80/20,-0.09213475413549888,0.20337855717957715
Rg norm w/0.421,expr pH only regr out,All,1,Ridge,80/20,0.07205352426613687,0.17777696845019336
Rg norm w/0.421,expr pH only regr out,Inliers,1,Ridge,80/20,-0.03327590582521078,0.1978222784020749
Rg norm w/0.421,expr pH only regr out,All,1,Lasso,80/20,0.07312304087601118,0.17767448935094943
Rg norm w/0.421,expr pH only regr out,Inliers,1,Lasso,80/20,0.0038957134960085904,0.1942314054613071
Rg norm w/0.421,expr pH only regr out,All,1,Kernel Ridge,80/20,0.06722916934276912,0.17823849687353363
Rg norm w/0.421,expr pH only regr out,Inliers,1,Kernel Ridge,80/20,0.16223983082528315,0.1781258305555086
Rg norm w/0.421,expr pH only regr out,All,1,GPR,80/20,-0.4144906137897266,0.2194896609918456
Rg norm w/0.421,expr pH only regr out,Inliers,1,GPR,80/20,-0.6200889730102577,0.24770597430873031
Rg norm w/0.421,expr pH only regr out,All,1,Linear,85/15,-0.15993567350417792,0.20797960829727918
Rg norm w/0.421,expr pH only regr out,Inliers,1,Linear,85/15,-0.055901334025406646,0.18215439668791641
Rg norm w/0.421,expr pH only regr out,All,1,Ridge,85/15,0.02679073760544759,0.1905052375106107
Rg norm w/0.421,expr pH only regr out,Inliers,1,Ridge,85/15,-0.023294174851996585,0.17931979759871663
Rg norm w/0.421,expr pH only regr out,All,1,Lasso,85/15,0.039749734732755226,0.1892326282035591
Rg norm w/0.421,expr pH only regr out,Inliers,1,Lasso,85/15,0.001028174294601114,0.17717588427723274
Rg norm w/0.421,expr pH only regr out,All,1,Kernel Ridge,85/15,0.05335908142270385,0.187886873542
Rg norm w/0.421,expr pH only regr out,Inliers,1,Kernel Ridge,85/15,0.41340678059264724,0.1357677148531934
Rg norm w/0.421,expr pH only regr out,All,1,GPR,85/15,-0.3608192378000763,0.22527034461675996
Rg norm w/0.421,expr pH only regr out,Inliers,1,GPR,85/15,-0.4713094379801508,0.2150205653817363
Rg norm w/0.421,expr pH only regr out,All,1,Linear,90/10,-0.19071715792250155,0.2102442879612669
Rg norm w/0.421,expr pH only regr out,Inliers,1,Linear,90/10,-0.04750758405357769,0.18076995804642904
Rg norm w/0.421,expr pH only regr out,All,1,Ridge,90/10,-0.060553401716238575,0.1984203312132467
Rg norm w/0.421,expr pH only regr out,Inliers,1,Ridge,90/10,0.02174959580615432,0.17469186736993894
Rg norm w/0.421,expr pH only regr out,All,1,Lasso,90/10,-0.0468739438370851,0.1971365241223931
Rg norm w/0.421,expr pH only regr out,Inliers,1,Lasso,90/10,0.011420075015608044,0.17561174677263772
Rg norm w/0.421,expr pH only regr out,All,1,Kernel Ridge,90/10,-0.0382385755781558,0.19632177866469266
Rg norm w/0.421,expr pH only regr out,Inliers,1,Kernel Ridge,90/10,0.448020103406086,0.1312227997698438
Rg norm w/0.421,expr pH only regr out,All,1,GPR,90/10,-0.17483036481355696,0.2088370169178565
Rg norm w/0.421,expr pH only regr out,Inliers,1,GPR,90/10,-0.3749302937967065,0.20710377241092853
Rg norm w/0.5,expr pH only regr out,All,1,Linear,80/20,-0.12024018093975641,0.19700594206393993
Rg norm w/0.5,expr pH only regr out,Inliers,1,Linear,80/20,-0.07765660153868681,0.1371850165436354
Rg norm w/0.5,expr pH only regr out,All,1,Ridge,80/20,0.010994768348065898,0.18510708722709374
Rg norm w/0.5,expr pH only regr out,Inliers,1,Ridge,80/20,-0.019976209668140843,0.1334631909902199
Rg norm w/0.5,expr pH only regr out,All,1,Lasso,80/20,0.0142053129392824,0.18480639233276186
Rg norm w/0.5,expr pH only regr out,Inliers,1,Lasso,80/20,0.039505649128107945,0.1295131572285804
Rg norm w/0.5,expr pH only regr out,All,1,Kernel Ridge,80/20,0.09005987707687091,0.1775538771221803
Rg norm w/0.5,expr pH only regr out,Inliers,1,Kernel Ridge,80/20,0.16263452383370736,0.12092720324690395
Rg norm w/0.5,expr pH only regr out,All,1,GPR,80/20,-0.4031617428836103,0.22048427458909037
Rg norm w/0.5,expr pH only regr out,Inliers,1,GPR,80/20,-0.6586901383334611,0.1701959080964746
Rg norm w/0.5,expr pH only regr out,All,1,Linear,85/15,-0.19046047144885891,0.21124519115937715
Rg norm w/0.5,expr pH only regr out,Inliers,1,Linear,85/15,-0.03457788133700679,0.1222663521880736
Rg norm w/0.5,expr pH only regr out,All,1,Ridge,85/15,-0.0302204695314523,0.19651442227370713
Rg norm w/0.5,expr pH only regr out,Inliers,1,Ridge,85/15,0.038800168679107405,0.1178507100778171
Rg norm w/0.5,expr pH only regr out,All,1,Lasso,85/15,-0.02406209191946651,0.1959261870091125
Rg norm w/0.5,expr pH only regr out,Inliers,1,Lasso,85/15,0.036804521491569764,0.11797298771572799
Rg norm w/0.5,expr pH only regr out,All,1,Kernel Ridge,85/15,0.04783120784576045,0.1889236437462015
Rg norm w/0.5,expr pH only regr out,Inliers,1,Kernel Ridge,85/15,0.4074103058823477,0.0925342283658439
Rg norm w/0.5,expr pH only regr out,All,1,GPR,85/15,-0.3646141437278918,0.22616962384582123
Rg norm w/0.5,expr pH only regr out,Inliers,1,GPR,85/15,-0.49059067885722185,0.14675893827308897
Rg norm w/0.5,expr pH only regr out,All,1,Linear,90/10,-0.25428563876357146,0.20618688042818878
Rg norm w/0.5,expr pH only regr out,Inliers,1,Linear,90/10,-0.00897081253804033,0.12025171876163843
Rg norm w/0.5,expr pH only regr out,All,1,Ridge,90/10,-0.13252103869961585,0.1959232346591218
Rg norm w/0.5,expr pH only regr out,Inliers,1,Ridge,90/10,0.06477081887060998,0.11577399388774347
Rg norm w/0.5,expr pH only regr out,All,1,Lasso,90/10,-0.11509423452517242,0.19440999458985103
Rg norm w/0.5,expr pH only regr out,Inliers,1,Lasso,90/10,0.0694550125975052,0.11548369682249468
Rg norm w/0.5,expr pH only regr out,All,1,Kernel Ridge,90/10,-0.07493189741177564,0.1908768582772185
Rg norm w/0.5,expr pH only regr out,Inliers,1,Kernel Ridge,90/10,0.44180862828548984,0.08944242190049181
Rg norm w/0.5,expr pH only regr out,All,1,GPR,90/10,-0.2336941330513702,0.20448739984917824
Rg norm w/0.5,expr pH only regr out,Inliers,1,GPR,90/10,-0.428286038992574,0.1430736268507442
Rg norm w/0.406,expr pH only regr out,All,1,Linear,80/20,-0.013352205466069522,0.14719827615903422
Rg norm w/0.406,expr pH only regr out,Inliers,1,Linear,80/20,-0.09160923811672106,0.21898320381477207
Rg norm w/0.406,expr pH only regr out,All,1,Ridge,80/20,0.13773695852600332,0.13578206252848746
Rg norm w/0.406,expr pH only regr out,Inliers,1,Ridge,80/20,-0.03271597246854663,0.21299413811459483
Rg norm w/0.406,expr pH only regr out,All,1,Lasso,80/20,-0.07606554102118523,0.15168473513742323
Rg norm w/0.406,expr pH only regr out,Inliers,1,Lasso,80/20,-0.0002938670792247411,0.2096240016447749
Rg norm w/0.406,expr pH only regr out,All,1,Kernel Ridge,80/20,0.21717816801662737,0.12937607757052516
Rg norm w/0.406,expr pH only regr out,Inliers,1,Kernel Ridge,80/20,0.1639978248451721,0.1916376814699693
Rg norm w/0.406,expr pH only regr out,All,1,GPR,80/20,-0.38128189043663596,0.1718555944816103
Rg norm w/0.406,expr pH only regr out,Inliers,1,GPR,80/20,-0.6112946154140111,0.266050869179204
Rg norm w/0.406,expr pH only regr out,All,1,Linear,85/15,-0.09639965833420594,0.16134395947571475
Rg norm w/0.406,expr pH only regr out,Inliers,1,Linear,85/15,-0.05520677214932679,0.19627350280653427
Rg norm w/0.406,expr pH only regr out,All,1,Ridge,85/15,0.10267752660148266,0.14596291809264123
Rg norm w/0.406,expr pH only regr out,Inliers,1,Ridge,85/15,-0.022615543536664395,0.19321866766908052
Rg norm w/0.406,expr pH only regr out,All,1,Lasso,85/15,0.11125859737170973,0.14526332178217083
Rg norm w/0.406,expr pH only regr out,Inliers,1,Lasso,85/15,-0.0013504890216946563,0.19119914480692135
Rg norm w/0.406,expr pH only regr out,All,1,Kernel Ridge,85/15,0.18412757193828178,0.13918082072895285
Rg norm w/0.406,expr pH only regr out,Inliers,1,Kernel Ridge,85/15,0.4156149981883398,0.14606374076710257
Rg norm w/0.406,expr pH only regr out,All,1,GPR,85/15,-0.31287081072246314,0.17655469101909652
Rg norm w/0.406,expr pH only regr out,Inliers,1,GPR,85/15,-0.4660092377719247,0.2313455988200788
Rg norm w/0.406,expr pH only regr out,All,1,Linear,90/10,-0.12196560251205013,0.17098672539772442
Rg norm w/0.406,expr pH only regr out,Inliers,1,Linear,90/10,-0.04986802667830448,0.1950933655227166
Rg norm w/0.406,expr pH only regr out,All,1,Ridge,90/10,-0.06851735299769413,0.16686429339297862
Rg norm w/0.406,expr pH only regr out,Inliers,1,Ridge,90/10,0.01805350013862328,0.18867704208016475
Rg norm w/0.406,expr pH only regr out,All,1,Lasso,90/10,-0.040323082845978186,0.16464810678179587
Rg norm w/0.406,expr pH only regr out,Inliers,1,Lasso,90/10,0.005469217066138121,0.18988220265012734
Rg norm w/0.406,expr pH only regr out,All,1,Kernel Ridge,90/10,0.07800529387480315,0.1550018342908817
Rg norm w/0.406,expr pH only regr out,Inliers,1,Kernel Ridge,90/10,0.44982900761719313,0.1412290345318728
Rg norm w/0.406,expr pH only regr out,All,1,GPR,90/10,-0.1088936238526459,0.16998772712511798
Rg norm w/0.406,expr pH only regr out,Inliers,1,GPR,90/10,-0.36421789768292334,0.2223909025371639
Rg w/no norm,expr buffer only regr out,All,1,Linear,80/20,-0.09127843818637138,1.6743469196909624
Rg w/no norm,expr buffer only regr out,Inliers,1,Linear,80/20,-0.13147035378713534,1.7012979422019696
Rg w/no norm,expr buffer only regr out,All,1,Ridge,80/20,0.06723751431015745,1.5479723387791722
Rg w/no norm,expr buffer only regr out,Inliers,1,Ridge,80/20,-0.0646057189311553,1.6502630831139506
Rg w/no norm,expr buffer only regr out,All,1,Lasso,80/20,0.048108694294853205,1.5637644663941432
Rg w/no norm,expr buffer only regr out,Inliers,1,Lasso,80/20,-0.0329040777543359,1.625506771642689
Rg w/no norm,expr buffer only regr out,All,1,Kernel Ridge,80/20,-0.06621332224607035,1.6550065338093263
Rg w/no norm,expr buffer only regr out,Inliers,1,Kernel Ridge,80/20,-0.006299618138991603,1.6044361588017462
Rg w/no norm,expr buffer only regr out,All,1,GPR,80/20,-0.5300544949491222,1.9825817762568607
Rg w/no norm,expr buffer only regr out,Inliers,1,GPR,80/20,-0.7812590838622848,2.134628645583455
Rg w/no norm,expr buffer only regr out,All,1,Linear,85/15,0.010828335694610058,1.7299003174480794
Rg w/no norm,expr buffer only regr out,Inliers,1,Linear,85/15,0.006236805146875191,1.5347158076461478
Rg w/no norm,expr buffer only regr out,All,1,Ridge,85/15,0.10900859482812975,1.6418066188212999
Rg w/no norm,expr buffer only regr out,Inliers,1,Ridge,85/15,0.11098216473909095,1.4515825849974844
Rg w/no norm,expr buffer only regr out,All,1,Lasso,85/15,0.06274912880687067,1.6838878805496629
Rg w/no norm,expr buffer only regr out,Inliers,1,Lasso,85/15,0.05809856962284854,1.494132940461273
Rg w/no norm,expr buffer only regr out,All,1,Kernel Ridge,85/15,0.06583382548082628,1.6811145759675041
Rg w/no norm,expr buffer only regr out,Inliers,1,Kernel Ridge,85/15,0.05877396804514401,1.4935971540375372
Rg w/no norm,expr buffer only regr out,All,1,GPR,85/15,-0.38936973571024014,2.0501902416796427
Rg w/no norm,expr buffer only regr out,Inliers,1,GPR,85/15,-0.7035273643196991,2.009375346165437
Rg w/no norm,expr buffer only regr out,All,1,Linear,90/10,0.036425738442670386,1.8791858277443347
Rg w/no norm,expr buffer only regr out,Inliers,1,Linear,90/10,-0.03072441526847136,1.572503283670965
Rg w/no norm,expr buffer only regr out,All,1,Ridge,90/10,0.10009305321021689,1.8160421960453372
Rg w/no norm,expr buffer only regr out,Inliers,1,Ridge,90/10,0.0826318088601985,1.4835156012882311
Rg w/no norm,expr buffer only regr out,All,1,Lasso,90/10,0.040545337885021016,1.8751644537337064
Rg w/no norm,expr buffer only regr out,Inliers,1,Lasso,90/10,0.03589060444267811,1.5208396860975584
Rg w/no norm,expr buffer only regr out,All,1,Kernel Ridge,90/10,0.08276893183891243,1.8334391947169828
Rg w/no norm,expr buffer only regr out,Inliers,1,Kernel Ridge,90/10,0.028743502046506886,1.5264663954771736
Rg w/no norm,expr buffer only regr out,All,1,GPR,90/10,-0.16136089526831876,2.063054649144732
Rg w/no norm,expr buffer only regr out,Inliers,1,GPR,90/10,-0.43706687526458277,1.8567728137627604
Rg norm w/0.421,expr buffer only regr out,All,1,Linear,80/20,-0.07382409041594706,0.1787697285367468
Rg norm w/0.421,expr buffer only regr out,Inliers,1,Linear,80/20,-0.15059344475177627,0.1925724690832415
Rg norm w/0.421,expr buffer only regr out,All,1,Ridge,80/20,-0.01929841968786694,0.17417189808601052
Rg norm w/0.421,expr buffer only regr out,Inliers,1,Ridge,80/20,-0.002887908862148514,0.17978748149304663
Rg norm w/0.421,expr buffer only regr out,All,1,Lasso,80/20,-0.0026635895419784283,0.1727448192647131
Rg norm w/0.421,expr buffer only regr out,Inliers,1,Lasso,80/20,-0.0659243832648635,0.1853516470394951
Rg norm w/0.421,expr buffer only regr out,All,1,Kernel Ridge,80/20,-0.07951208681374022,0.17924257068793042
Rg norm w/0.421,expr buffer only regr out,Inliers,1,Kernel Ridge,80/20,0.003378437070915563,0.17922491816284825
Rg norm w/0.421,expr buffer only regr out,All,1,GPR,80/20,-0.7154679371418389,0.2259533121897477
Rg norm w/0.421,expr buffer only regr out,Inliers,1,GPR,80/20,-1.1180868683313507,0.26127937885121494
Rg norm w/0.421,expr buffer only regr out,All,1,Linear,85/15,-0.06753580700086181,0.19030957400002177
Rg norm w/0.421,expr buffer only regr out,Inliers,1,Linear,85/15,-0.09934121390211237,0.17289759683439698
Rg norm w/0.421,expr buffer only regr out,All,1,Ridge,85/15,-0.023936143165418367,0.18638280704360605
Rg norm w/0.421,expr buffer only regr out,Inliers,1,Ridge,85/15,-0.019934751406611273,0.16653629430469064
Rg norm w/0.421,expr buffer only regr out,All,1,Lasso,85/15,-0.018598015422048864,0.18589633366093486
Rg norm w/0.421,expr buffer only regr out,Inliers,1,Lasso,85/15,0.028161908819244408,0.16256223463648098
Rg norm w/0.421,expr buffer only regr out,All,1,Kernel Ridge,85/15,-0.04614880146972067,0.18839359889759175
Rg norm w/0.421,expr buffer only regr out,Inliers,1,Kernel Ridge,85/15,0.32074017184220927,0.13590663744682302
Rg norm w/0.421,expr buffer only regr out,All,1,GPR,85/15,-0.5622510596616792,0.23022094147233443
Rg norm w/0.421,expr buffer only regr out,Inliers,1,GPR,85/15,-0.9800649182854766,0.23203976481599037
Rg norm w/0.421,expr buffer only regr out,All,1,Linear,90/10,-0.17253428511950664,0.19576611956650575
Rg norm w/0.421,expr buffer only regr out,Inliers,1,Linear,90/10,-0.07953772064544973,0.17022841554030754
Rg norm w/0.421,expr buffer only regr out,All,1,Ridge,90/10,-0.20944702768157164,0.19882371440194413
Rg norm w/0.421,expr buffer only regr out,Inliers,1,Ridge,90/10,-0.007526339173673957,0.16445282949463844
Rg norm w/0.421,expr buffer only regr out,All,1,Lasso,90/10,-0.19799890506759454,0.19788048574259562
Rg norm w/0.421,expr buffer only regr out,Inliers,1,Lasso,90/10,0.023470097794997424,0.1619033813413435
Rg norm w/0.421,expr buffer only regr out,All,1,Kernel Ridge,90/10,-0.23905721949180814,0.20124284040017207
Rg norm w/0.421,expr buffer only regr out,Inliers,1,Kernel Ridge,90/10,0.3609887537588734,0.13096866380477779
Rg norm w/0.421,expr buffer only regr out,All,1,GPR,90/10,-0.31440551369504344,0.20727142982447253
Rg norm w/0.421,expr buffer only regr out,Inliers,1,GPR,90/10,-0.823483196154968,0.22124019300958742
Rg norm w/0.5,expr buffer only regr out,All,1,Linear,80/20,-0.11532758362068418,0.18813006250802294
Rg norm w/0.5,expr buffer only regr out,Inliers,1,Linear,80/20,-0.11143409785297131,0.12936409284521583
Rg norm w/0.5,expr buffer only regr out,All,1,Ridge,80/20,-0.024833585463614805,0.18033650683491106
Rg norm w/0.5,expr buffer only regr out,Inliers,1,Ridge,80/20,0.02799233569618853,0.12097809286226484
Rg norm w/0.5,expr buffer only regr out,All,1,Lasso,80/20,-0.01945509223598818,0.17986266667010795
Rg norm w/0.5,expr buffer only regr out,Inliers,1,Lasso,80/20,-0.019652134927774734,0.12390758874159465
Rg norm w/0.5,expr buffer only regr out,All,1,Kernel Ridge,80/20,0.012838932779353884,0.17699092038929526
Rg norm w/0.5,expr buffer only regr out,Inliers,1,Kernel Ridge,80/20,0.12388938536428362,0.11485538455573846
Rg norm w/0.5,expr buffer only regr out,All,1,GPR,80/20,-0.5858883550299689,0.22433306154933483
Rg norm w/0.5,expr buffer only regr out,Inliers,1,GPR,80/20,-1.1408391474544946,0.17954111090009994
Rg norm w/0.5,expr buffer only regr out,All,1,Linear,85/15,-0.13582635503711282,0.19928863790710472
Rg norm w/0.5,expr buffer only regr out,Inliers,1,Linear,85/15,-0.053333463080737165,0.11562146918683852
Rg norm w/0.5,expr buffer only regr out,All,1,Ridge,85/15,-0.04061822931622383,0.1907533979103783
Rg norm w/0.5,expr buffer only regr out,Inliers,1,Ridge,85/15,0.017708539854234262,0.11165437042684931
Rg norm w/0.5,expr buffer only regr out,All,1,Lasso,85/15,-0.03157689184561696,0.18992291641503176
Rg norm w/0.5,expr buffer only regr out,Inliers,1,Lasso,85/15,0.04405125389477238,0.11014704407484903
Rg norm w/0.5,expr buffer only regr out,All,1,Kernel Ridge,85/15,-0.0036417045212917554,0.1873337029586285
Rg norm w/0.5,expr buffer only regr out,Inliers,1,Kernel Ridge,85/15,0.33305967311437057,0.09200237358430503
Rg norm w/0.5,expr buffer only regr out,All,1,GPR,85/15,-0.5014413984070434,0.22912937011008283
Rg norm w/0.5,expr buffer only regr out,Inliers,1,GPR,85/15,-0.9836331425635121,0.15866685768204838
Rg norm w/0.5,expr buffer only regr out,All,1,Linear,90/10,-0.2269436479184892,0.19624085981739137
Rg norm w/0.5,expr buffer only regr out,Inliers,1,Linear,90/10,-0.03788175734036536,0.11326553593887756
Rg norm w/0.5,expr buffer only regr out,All,1,Ridge,90/10,-0.20737053278477502,0.19466927697833983
Rg norm w/0.5,expr buffer only regr out,Inliers,1,Ridge,90/10,0.03489107515045997,0.10922247435149669
Rg norm w/0.5,expr buffer only regr out,All,1,Lasso,90/10,-0.19893769355692514,0.19398825521420693
Rg norm w/0.5,expr buffer only regr out,Inliers,1,Lasso,90/10,0.07712775656786508,0.10680575076643195
Rg norm w/0.5,expr buffer only regr out,All,1,Kernel Ridge,90/10,-0.19370798260157174,0.19356470892332336
Rg norm w/0.5,expr buffer only regr out,Inliers,1,Kernel Ridge,90/10,0.35948509865123224,0.08897919328697186
Rg norm w/0.5,expr buffer only regr out,All,1,GPR,90/10,-0.33692684901381686,0.20484763406770265
Rg norm w/0.5,expr buffer only regr out,Inliers,1,GPR,90/10,-0.8834308944912372,0.1525803792502514
Rg norm w/0.406,expr buffer only regr out,All,1,Linear,80/20,0.0003999651228212553,0.13545596622731576
Rg norm w/0.406,expr buffer only regr out,Inliers,1,Linear,80/20,-0.15618921362824567,0.20755735562512237
Rg norm w/0.406,expr buffer only regr out,All,1,Ridge,80/20,0.025564565623753754,0.1337400685113236
Rg norm w/0.406,expr buffer only regr out,Inliers,1,Ridge,80/20,-0.007081565244206445,0.1937117637267653
Rg norm w/0.406,expr buffer only regr out,All,1,Lasso,80/20,-0.11726591021964294,0.14320668153501656
Rg norm w/0.406,expr buffer only regr out,Inliers,1,Lasso,80/20,-0.07781467747676496,0.20039907794051962
Rg norm w/0.406,expr buffer only regr out,All,1,Kernel Ridge,80/20,0.11462112052136175,0.12748221070557203
Rg norm w/0.406,expr buffer only regr out,Inliers,1,Kernel Ridge,80/20,-0.0007405563930173997,0.19310095538741495
Rg norm w/0.406,expr buffer only regr out,All,1,GPR,80/20,-0.7725590497203232,0.1803787459051284
Rg norm w/0.406,expr buffer only regr out,Inliers,1,GPR,80/20,-1.1116759674472774,0.2805028711330746
Rg norm w/0.406,expr buffer only regr out,All,1,Linear,85/15,0.026145208692889277,0.14474152158243772
Rg norm w/0.406,expr buffer only regr out,Inliers,1,Linear,85/15,-0.10530149321937388,0.1864881268203368
Rg norm w/0.406,expr buffer only regr out,All,1,Ridge,85/15,0.012754298406038256,0.1457332522438136
Rg norm w/0.406,expr buffer only regr out,Inliers,1,Ridge,85/15,-0.024539214329911907,0.1795457383118104
Rg norm w/0.406,expr buffer only regr out,All,1,Lasso,85/15,-0.14341185103691,0.1568365844418157
Rg norm w/0.406,expr buffer only regr out,Inliers,1,Lasso,85/15,0.023359319567701653,0.17529850544948516
Rg norm w/0.406,expr buffer only regr out,All,1,Kernel Ridge,85/15,0.10901856694696899,0.13844598264611774
Rg norm w/0.406,expr buffer only regr out,Inliers,1,Kernel Ridge,85/15,0.31866842913208493,0.14641651480171738
Rg norm w/0.406,expr buffer only regr out,All,1,GPR,85/15,-0.564581723085207,0.18346159185958297
Rg norm w/0.406,expr buffer only regr out,Inliers,1,GPR,85/15,-0.9769680855660048,0.2494081480561249
Rg norm w/0.406,expr buffer only regr out,All,1,Linear,90/10,-0.10841746968004728,0.15666651331942408
Rg norm w/0.406,expr buffer only regr out,Inliers,1,Linear,90/10,-0.08503508078325805,0.1838116866367896
Rg norm w/0.406,expr buffer only regr out,All,1,Ridge,90/10,-0.1893896895402778,0.16228806489555858
Rg norm w/0.406,expr buffer only regr out,Inliers,1,Ridge,90/10,-0.01299482004360586,0.17760485870104592
Rg norm w/0.406,expr buffer only regr out,All,1,Lasso,90/10,-0.36832811782165265,0.17406827390562205
Rg norm w/0.406,expr buffer only regr out,Inliers,1,Lasso,90/10,0.011746510796745602,0.17542254540898292
Rg norm w/0.406,expr buffer only regr out,All,1,Kernel Ridge,90/10,-0.032186687911382794,0.15118323146960755
Rg norm w/0.406,expr buffer only regr out,Inliers,1,Kernel Ridge,90/10,0.36100536869154753,0.14105868629946097
Rg norm w/0.406,expr buffer only regr out,All,1,GPR,90/10,-0.2608103788150602,0.16708958666985804
Rg norm w/0.406,expr buffer only regr out,Inliers,1,GPR,90/10,-0.8107534265532108,0.23745476449839842
