mean_R2,n_obs,Normalization,Regressing out,Points,ESM Mode,Layer,Principal Components,Regression Type
0.36195875138541944,5,Rg norm w/0.5,No regr out,Inliers,ESM-6,2,116,Kernel Ridge
0.3606303143023969,5,Rg norm w/0.5,No regr out,Inliers,ESM-6,1,116,Kernel Ridge
0.35312304118693005,5,Rg norm w/0.5,No regr out,Inliers,ESM-6,1,104,Kernel Ridge
0.3515211555760771,15,Rg norm w/0.5,No regr out,Inliers,ESM-6,1,100,Kernel Ridge
0.34949010268064384,15,Rg norm w/0.5,No regr out,Inliers,ESM-6,1,50,Kernel Ridge
0.3425116657033683,5,Rg norm w/0.5,No regr out,Inliers,ESM-6,1,110,Kernel Ridge
0.3271151451988514,15,Rg norm w/0.5,No regr out,Inliers,ESM-6,2,100,Kernel Ridge
0.3198617161752293,5,Rg norm w/0.5,No regr out,Inliers,ESM-6,2,104,Kernel Ridge
0.31880025156436986,15,Rg norm w/0.5,No regr out,Inliers,ESM-6,1,20,Kernel Ridge
0.3080957752715466,5,Rg norm w/0.5,No regr out,Inliers,ESM-12,1,116,Kernel Ridge
0.3063262851841856,5,Rg norm w/0.5,No regr out,Inliers,ESM-12,6,116,Kernel Ridge
0.3036134762889697,15,Rg norm w/0.5,No regr out,Inliers,ESM-6,2,50,Kernel Ridge
0.2973042543397987,5,Rg norm w/0.5,No regr out,Inliers,ESM-6,2,110,Kernel Ridge
0.296070404626091,5,Rg norm w/0.5,No regr out,Inliers,ESM-6,3,116,Kernel Ridge
0.29387445655370154,15,Rg norm w/0.5,No regr out,Inliers,ESM-6,2,20,Kernel Ridge
0.2890213819283259,5,Rg norm w/0.5,No regr out,Inliers,ESM-6,6,116,Kernel Ridge
0.2868502145242489,15,Rg norm w/0.5,No regr out,Inliers,ESM-12,1,50,Kernel Ridge
0.2842113355188271,5,Rg norm w/0.5,No regr out,Inliers,ESM-12,1,104,Kernel Ridge
0.2830898564738523,5,Rg norm w/0.5,No regr out,Inliers,ESM-6,3,104,Kernel Ridge
0.28041910168873796,15,Rg norm w/0.5,No regr out,Inliers,ESM-6,3,100,Kernel Ridge
0.27862379962419376,15,Rg norm w/0.5,No regr out,Inliers,ESM-12,1,100,Kernel Ridge
0.27654887760610347,15,Rg norm w/0.5,No regr out,Inliers,ESM-6,3,50,Kernel Ridge
0.2735647487114646,5,Rg norm w/0.5,No regr out,Inliers,ESM-6,4,104,Kernel Ridge
0.26879862274944316,5,Rg norm w/0.5,No regr out,Inliers,ESM-12,5,104,Kernel Ridge
0.26687000090323376,15,Rg norm w/0.5,No regr out,Inliers,ESM-12,6,100,Kernel Ridge
0.2652589296981882,15,Rg norm w/0.5,No regr out,Inliers,ESM-6,4,50,Kernel Ridge
0.2649625659556622,5,Rg norm w/0.5,No regr out,Inliers,ESM-12,7,116,Kernel Ridge
0.2627523433491484,5,Rg norm w/0.5,No regr out,Inliers,ESM-12,11,104,Kernel Ridge
0.2615852444943168,5,Rg norm w/0.5,No regr out,Inliers,ESM-12,2,116,Kernel Ridge
0.2595492480693738,5,Rg norm w/0.5,No regr out,Inliers,ESM-6,0,116,Kernel Ridge
0.2592627278118956,5,Rg norm w/0.5,No regr out,Inliers,ESM-12,5,116,Kernel Ridge
0.25871989322100214,15,Rg norm w/0.5,No regr out,Inliers,ESM-6,0,10,Kernel Ridge
0.25477250384033656,5,Rg norm w/0.5,No regr out,Inliers,ESM-6,4,116,Kernel Ridge
0.2544682455994345,5,Rg norm w/0.5,No regr out,Inliers,ESM-12,4,104,Kernel Ridge
0.2532825563738748,5,Rg norm w/0.5,No regr out,Inliers,ESM-12,7,104,Kernel Ridge
0.2529352961606528,5,Rg norm w/0.5,No regr out,Inliers,ESM-6,3,110,Kernel Ridge
0.25149097924557257,15,Rg norm w/0.5,No regr out,Inliers,ESM-12,6,50,Kernel Ridge
0.24985352415398485,5,Rg norm w/0.5,No regr out,Inliers,ESM-12,4,116,Kernel Ridge
0.24844720344666493,5,Rg norm w/0.5,No regr out,Inliers,ESM-12,1,110,Kernel Ridge
0.24800314260818385,5,Rg norm w/0.5,No regr out,Inliers,ESM-6,5,116,Kernel Ridge
0.2460627080010495,5,Rg norm w/0.5,No regr out,Inliers,ESM-12,11,116,Kernel Ridge
0.24405752632682987,15,Rg norm w/0.5,No regr out,Inliers,ESM-6,4,100,Kernel Ridge
0.24260049253598756,5,Rg norm w/0.5,No regr out,Inliers,ESM-12,10,104,Kernel Ridge
0.24253368910551024,5,Rg norm w/0.5,No regr out,Inliers,ESM-12,6,110,Kernel Ridge
0.24246144264895034,5,Rg norm w/0.5,No regr out,Inliers,ESM-12,10,116,Kernel Ridge
0.24233642103810038,15,Rg norm w/0.5,No regr out,Inliers,ESM-12,5,100,Kernel Ridge
0.24017862282604244,5,Rg norm w/0.5,No regr out,Inliers,ESM-6,0,104,Kernel Ridge
0.23692135120877492,15,Rg norm w/0.5,No regr out,Inliers,ESM-12,7,100,Kernel Ridge
0.2363255716669969,5,Rg norm w/0.5,No regr out,Inliers,ESM-12,0,116,Kernel Ridge
0.23562509348484909,15,Rg norm w/0.5,No regr out,Inliers,ESM-12,0,10,Kernel Ridge
0.23444072168992786,15,Rg norm w/0.5,No regr out,Inliers,ESM-12,4,100,Kernel Ridge
0.23317852003999767,5,Rg norm w/0.5,No regr out,Inliers,ESM-12,2,104,Kernel Ridge
0.2322348460201657,5,Rg norm w/0.5,No regr out,Inliers,ESM-12,9,116,Kernel Ridge
0.2320753934104216,15,Rg norm w/0.5,No regr out,Inliers,ESM-12,4,50,Kernel Ridge
0.23088156425774492,5,Rg norm w/0.5,No regr out,Inliers,ESM-12,8,116,Kernel Ridge
0.22681523376004945,15,Rg norm w/0.5,No regr out,Inliers,ESM-12,1,20,Kernel Ridge
0.2263643422014784,15,Rg norm w/0.5,No regr out,Inliers,ESM-12,2,50,Kernel Ridge
0.22610640393207956,5,Rg norm w/0.5,No regr out,Inliers,ESM-12,3,104,Kernel Ridge
0.22468189982609837,15,Rg norm w/0.5,No regr out,Inliers,ESM-12,2,100,Kernel Ridge
0.2245814651605654,5,Rg norm w/0.5,No regr out,Inliers,ESM-12,9,104,Kernel Ridge
0.224008540073286,5,Rg norm w/0.5,No regr out,Inliers,ESM-12,12,116,Kernel Ridge
0.22346320475265805,5,Rg norm w/0.5,No regr out,Inliers,ESM-12,3,116,Kernel Ridge
0.2233296267359318,15,Rg norm w/0.5,No regr out,Inliers,ESM-6,0,50,Kernel Ridge
0.22332962673592807,15,Rg norm w/0.5,No regr out,Inliers,ESM-6,0,100,Kernel Ridge
0.2232686478722768,15,Rg norm w/0.5,No regr out,Inliers,ESM-6,0,20,Kernel Ridge
0.2216469790174892,15,Rg norm w/0.5,No regr out,Inliers,ESM-6,3,20,Kernel Ridge
0.22107294565619542,15,Rg norm w/0.5,No regr out,Inliers,ESM-12,10,100,Kernel Ridge
0.21867727340003515,5,Rg norm w/0.5,No regr out,Inliers,ESM-12,12,104,Kernel Ridge
0.2151947901875335,15,Rg norm w/0.5,No regr out,Inliers,ESM-12,11,100,Kernel Ridge
0.21498480861807615,15,Rg norm w/0.5,No regr out,Inliers,ESM-12,7,50,Kernel Ridge
0.21302553146720574,5,Rg norm w/0.5,No regr out,Inliers,ESM-12,8,104,Kernel Ridge
0.21240295369934448,15,Rg norm w/0.5,No regr out,Inliers,ESM-12,3,50,Kernel Ridge
0.2109186911144243,5,Rg norm w/0.5,No regr out,Inliers,ESM-12,6,104,Kernel Ridge
0.20867211511048472,15,Rg norm w/0.5,No regr out,Inliers,ESM-12,3,100,Kernel Ridge
0.20735554701929398,15,Rg norm w/0.5,No regr out,Inliers,ESM-12,11,50,Kernel Ridge
0.2062439925216369,15,Rg norm w/0.5,No regr out,Inliers,ESM-12,5,50,Kernel Ridge
0.20417839170280802,5,Rg norm w/0.5,No regr out,Inliers,ESM-12,7,110,Kernel Ridge
0.20317811361121402,15,Rg norm w/0.5,No regr out,Inliers,ESM-12,9,100,Kernel Ridge
0.20236667533636277,15,Rg norm w/0.5,No regr out,Inliers,ESM-12,12,100,Kernel Ridge
0.20230984989351564,5,Rg norm w/0.5,No regr out,Inliers,ESM-6,5,104,Kernel Ridge
0.20104592799824877,5,Rg norm w/0.5,No regr out,Inliers,ESM-6,4,110,Kernel Ridge
0.2008232608733567,15,Rg norm w/0.5,No regr out,Inliers,ESM-6,5,100,Kernel Ridge
0.200330429284709,5,Rg norm w/0.5,No regr out,Inliers,ESM-12,5,110,Kernel Ridge
0.1995089212714151,15,Rg norm w/0.5,No regr out,Inliers,ESM-6,4,20,Kernel Ridge
0.19934892759911232,15,Rg norm w/0.5,No regr out,Inliers,ESM-12,8,100,Kernel Ridge
0.19807582361558676,5,Rg norm w/0.5,No regr out,Inliers,ESM-12,4,110,Kernel Ridge
0.19727799809044297,5,Rg norm w/0.5,No regr out,Inliers,ESM-12,0,104,Kernel Ridge
0.19687392587683591,15,Rg norm w/0.5,No regr out,Inliers,ESM-6,6,100,Kernel Ridge
0.19498123036035636,15,Rg norm w/0.5,No regr out,Inliers,ESM-12,0,50,Kernel Ridge
0.1949812303603477,15,Rg norm w/0.5,No regr out,Inliers,ESM-12,0,100,Kernel Ridge
0.19448116704330137,15,Rg norm w/0.5,No regr out,Inliers,ESM-12,0,20,Kernel Ridge
0.1925049087927739,5,Rg norm w/0.5,No regr out,Inliers,ESM-12,2,110,Kernel Ridge
0.1918981073797741,15,Rg norm w/0.5,No regr out,Inliers,ESM-12,11,20,Kernel Ridge
0.18896807018087722,15,Rg norm w/0.5,No regr out,Inliers,ESM-6,1,10,Kernel Ridge
0.18689033872830219,15,Rg norm w/0.5,No regr out,Inliers,ESM-12,9,20,Kernel Ridge
0.18327257961767027,15,Rg norm w/0.5,No regr out,Inliers,ESM-12,3,20,Kernel Ridge
0.1819307587511223,5,Rg norm w/0.5,No regr out,Inliers,ESM-12,10,110,Kernel Ridge
0.18147861529660972,15,Rg norm w/0.5,No regr out,Inliers,ESM-12,8,50,Kernel Ridge
0.18137449917663415,15,Rg norm w/0.5,No regr out,Inliers,ESM-12,12,50,Kernel Ridge
0.1742778527874313,5,Rg norm w/0.5,No regr out,Inliers,ESM-12,3,110,Kernel Ridge
0.17329421427944264,15,Rg norm w/0.5,No regr out,Inliers,ESM-6,3,10,Kernel Ridge
0.17026100931238058,5,Rg norm w/0.5,No regr out,Inliers,ESM-6,0,110,Kernel Ridge
0.16918640186257267,5,Rg norm w/0.5,No regr out,Inliers,ESM-12,12,110,Kernel Ridge
0.16900955822113803,15,Rg norm w/0.5,No regr out,Inliers,ESM-12,8,20,Kernel Ridge
0.16407292593791625,15,Rg norm w/0.5,No regr out,Inliers,ESM-6,2,10,Kernel Ridge
0.1636149173152632,15,Rg norm w/0.5,No regr out,Inliers,ESM-12,9,50,Kernel Ridge
0.16104215026523022,5,Rg norm w/0.5,No regr out,Inliers,ESM-6,6,104,Kernel Ridge
0.16095649683116992,5,Rg norm w/0.5,No regr out,Inliers,ESM-12,8,110,Kernel Ridge
0.16069334504973007,5,Rg norm w/0.5,No regr out,Inliers,ESM-12,9,110,Kernel Ridge
0.15763402634416135,15,Rg norm w/0.5,No regr out,Inliers,ESM-12,7,10,Kernel Ridge
0.1537956695524017,5,Rg norm w/0.5,No regr out,Inliers,ESM-12,11,110,Kernel Ridge
0.15353843185282337,15,Rg norm w/0.5,No regr out,Inliers,ESM-12,2,20,Kernel Ridge
0.15134012132361385,5,Rg norm w/0.5,No regr out,Inliers,ESM-12,0,110,Kernel Ridge
0.15049258645384783,15,Rg norm w/0.5,No regr out,Inliers,ESM-12,10,50,Kernel Ridge
0.14995398369440652,15,Rg norm w/0.5,No regr out,Inliers,ESM-6,6,50,Kernel Ridge
0.1431607348719052,15,Rg norm w/0.5,No regr out,Inliers,ESM-12,7,20,Kernel Ridge
0.14141817818391858,15,Rg norm w/0.5,No regr out,Inliers,ESM-12,9,10,Kernel Ridge
0.1372003643941403,15,Rg norm w/0.5,No regr out,Inliers,ESM-12,8,10,Kernel Ridge
0.13616867305709376,15,Rg norm w/0.5,No regr out,Inliers,ESM-12,12,20,Kernel Ridge
0.13597363458852693,15,Rg norm w/0.5,No regr out,Inliers,ESM-12,5,10,Kernel Ridge
0.13529870148811785,5,Rg norm w/0.5,No regr out,Inliers,ESM-6,6,110,Kernel Ridge
0.1352905132890679,15,Rg norm w/0.5,No regr out,Inliers,ESM-12,4,20,Kernel Ridge
0.13363044675251495,15,Rg norm w/0.5,No regr out,Inliers,ESM-12,6,20,Kernel Ridge
0.13336242972205317,15,Rg norm w/0.5,No regr out,Inliers,ESM-12,10,20,Kernel Ridge
0.12861289754214802,15,Rg norm w/0.5,No regr out,Inliers,ESM-6,4,10,Kernel Ridge
0.1259141757655432,5,Rg norm w/0.5,No regr out,Inliers,ESM-6,5,110,Kernel Ridge
0.12426097687533015,15,Rg norm w/0.5,No regr out,Inliers,ESM-12,6,10,Kernel Ridge
0.12152102903940604,15,Rg norm w/0.5,No regr out,Inliers,ESM-6,5,50,Kernel Ridge
0.11997153933474108,15,Rg norm w/0.5,No regr out,Inliers,ESM-12,11,10,Kernel Ridge
0.11719598197716766,15,Rg norm w/0.5,No regr out,Inliers,ESM-12,4,10,Kernel Ridge
0.10963577793384435,15,Rg norm w/0.5,No regr out,Inliers,ESM-12,2,10,Kernel Ridge
0.10881299165414028,15,Rg norm w/0.5,No regr out,Inliers,ESM-12,3,10,Kernel Ridge
0.10617242298549684,15,Rg norm w/0.5,No regr out,Inliers,ESM-6,5,10,Kernel Ridge
0.10268526857498284,15,Rg norm w/0.5,No regr out,Inliers,ESM-12,1,10,Kernel Ridge
0.08277450072822025,15,Rg norm w/0.5,No regr out,Inliers,ESM-6,6,20,Kernel Ridge
0.08003632600704808,15,Rg norm w/0.5,No regr out,Inliers,ESM-12,10,10,Kernel Ridge
0.07958863538188513,15,Rg norm w/0.5,No regr out,Inliers,ESM-6,6,10,Kernel Ridge
0.07927690357103276,15,Rg norm w/0.5,No regr out,Inliers,ESM-12,5,20,Kernel Ridge
0.04988476928117558,15,Rg norm w/0.5,No regr out,Inliers,ESM-12,12,10,Kernel Ridge
-0.0006179565609990482,15,Rg norm w/0.5,No regr out,Inliers,ESM-6,5,20,Kernel Ridge
